# vtk DataFile Version 2.0
, Created by Gmsh 4.12.1 
ASCII
DATASET UNSTRUCTURED_GRID
POINTS 2046 double
-25.03256283167206 10.32698452775909 0
-25.03256283167206 10.32698452775909 12
-28 0 0
-28 0 12
-22.03256283167206 10.32698452775909 0
-22.03256283167206 10.32698452775909 12
-28 0 13
-0 0 0
28 0 0
28 0 13
28 0 26
-28 0 26
-28 0 14
-21.92145172056095 21.15396905551819 0
-24.74521494610572 11.32698452775909 0
-21.74521494610572 11.32698452775909 0
-21.64521494610571 11.82698452775909 0
-0 11.82698452775909 0
21.64521494610571 11.82698452775909 0
21.74521494610572 11.32698452775909 0
24.74521494610572 11.32698452775909 0
21.92145172056095 21.15396905551819 0
18.92145172056095 21.15396905551819 0
18.82145172056094 20.65396905551819 0
-0 20.65396905551819 0
-18.82145172056094 20.65396905551819 0
-18.92145172056095 21.15396905551819 0
-18.81034060944984 31.98095358327727 0
-21.6341038349946 22.15396905551819 0
-18.6341038349946 22.15396905551819 0
-18.5341038349946 22.65396905551819 0
-0 22.65396905551819 0
18.5341038349946 22.65396905551819 0
18.6341038349946 22.15396905551819 0
21.6341038349946 22.15396905551819 0
18.81034060944984 31.98095358327727 0
15.81034060944984 31.98095358327727 0
15.71034060944984 31.48095358327727 0
0 31.48095358327727 0
-15.71034060944984 31.48095358327727 0
-15.81034060944984 31.98095358327727 0
-15.69922949833873 42.80793811103636 0
-18.52299272388349 32.98095358327727 0
-15.52299272388349 32.98095358327727 0
-15.42299272388349 33.48095358327727 0
-0 33.48095358327727 0
15.42299272388349 33.48095358327727 0
15.52299272388349 32.98095358327727 0
18.52299272388349 32.98095358327727 0
15.69922949833873 42.80793811103636 0
12.69922949833873 42.80793811103636 0
12.59922949833873 42.30793811103636 0
-0 42.30793811103636 0
-12.59922949833873 42.30793811103636 0
-12.69922949833873 42.80793811103636 0
-12.58811838722762 53.63492263879545 0
-15.41188161277238 43.80793811103636 0
-12.41188161277238 43.80793811103636 0
-12.31188161277238 44.30793811103636 0
0 44.30793811103636 0
12.31188161277238 44.30793811103636 0
12.41188161277238 43.80793811103636 0
15.41188161277238 43.80793811103636 0
12.58811838722762 53.63492263879545 0
9.588118387227617 53.63492263879545 0
9.488118387227617 53.13492263879545 0
0 53.13492263879545 0
-9.488118387227617 53.13492263879545 0
-9.588118387227617 53.63492263879545 0
-9.477007276116506 64.46190716655454 0
-12.30077050166127 54.63492263879545 0
-9.300770501661271 54.63492263879545 0
-9.200770501661271 55.13492263879545 0
0 55.13492263879545 0
9.200770501661271 55.13492263879545 0
9.300770501661271 54.63492263879545 0
12.30077050166127 54.63492263879545 0
9.477007276116506 64.46190716655454 0
6.477007276116506 64.46190716655454 0
6.377007276116506 63.96190716655454 0
0 63.96190716655454 0
-6.377007276116506 63.96190716655454 0
-6.477007276116506 64.46190716655454 0
-6.365896165005394 75.28889169431363 0
-9.18965939055016 65.46190716655454 0
-6.18965939055016 65.46190716655454 0
-6.08965939055016 65.96190716655454 0
-0 65.96190716655454 0
6.08965939055016 65.96190716655454 0
6.18965939055016 65.46190716655454 0
9.18965939055016 65.46190716655454 0
6.365896165005394 75.28889169431363 0
3.365896165005394 75.28889169431363 0
3.265896165005394 74.78889169431363 0
-0 74.78889169431363 0
-3.265896165005394 74.78889169431363 0
-3.365896165005394 75.28889169431363 0
-3.254785053894283 86.11587622207271 0
-6.078548279439049 76.28889169431363 0
-3.078548279439049 76.28889169431363 0
-2.978548279439049 76.78889169431363 0
0 76.78889169431363 0
2.978548279439049 76.78889169431363 0
3.078548279439049 76.28889169431363 0
6.078548279439049 76.28889169431363 0
3.254785053894283 86.11587622207271 0
0.2547850538942833 86.11587622207271 0
0.1547850538942833 85.61587622207271 0
0 85.61587622207271 0
-0.1547850538942833 85.61587622207271 0
-0.2547850538942833 86.11587622207271 0
0 97.44286074983181 0
-2.967437168327938 87.11587622207271 0
0.03256283167206186 87.11587622207271 0
2.967437168327938 87.11587622207271 0
25.03256283167206 10.32698452775909 0
22.03256283167206 10.32698452775909 0
21.93256283167206 9.826984527759095 0
-0 9.826984527759095 0
-21.93256283167206 9.826984527759095 0
30 0 0
2 102 0
30 -10 0
24 -10 0
24 -7 0
27 -7 0
27 -3 0
0 -3 0
-27 -3 0
-27 -7 0
-24 -7 0
-24 -10 0
-30 -10 0
-30 0 0
-2 102 0
0 102 0
0 97.44286074983181 12
-2.967437168327938 87.11587622207271 12
-3.254785053894283 86.11587622207271 12
-6.078548279439049 76.28889169431363 12
-6.365896165005394 75.28889169431363 12
-9.18965939055016 65.46190716655454 12
-9.477007276116506 64.46190716655454 12
-12.30077050166127 54.63492263879545 12
-12.58811838722762 53.63492263879545 12
-15.41188161277238 43.80793811103636 12
-15.69922949833873 42.80793811103636 12
-18.52299272388349 32.98095358327727 12
-18.81034060944984 31.98095358327727 12
-21.6341038349946 22.15396905551819 12
-21.92145172056095 21.15396905551819 12
-24.74521494610572 11.32698452775909 12
0 97.44286074983181 13
-21.93256283167206 9.826984527759095 12
-0 9.826984527759095 12
21.93256283167206 9.826984527759095 12
22.03256283167206 10.32698452775909 12
25.03256283167206 10.32698452775909 12
24.74521494610572 11.32698452775909 12
21.74521494610572 11.32698452775909 12
21.64521494610571 11.82698452775909 12
-0 11.82698452775909 12
-21.64521494610571 11.82698452775909 12
-21.74521494610572 11.32698452775909 12
2.967437168327938 87.11587622207271 12
3.254785053894283 86.11587622207271 12
21.92145172056095 21.15396905551819 12
21.6341038349946 22.15396905551819 12
18.81034060944984 31.98095358327727 12
18.52299272388349 32.98095358327727 12
15.69922949833873 42.80793811103636 12
15.41188161277238 43.80793811103636 12
12.58811838722762 53.63492263879545 12
12.30077050166127 54.63492263879545 12
9.477007276116506 64.46190716655454 12
9.18965939055016 65.46190716655454 12
6.365896165005394 75.28889169431363 12
6.078548279439049 76.28889169431363 12
2.967437168327938 87.11587622207271 14
3.254785053894283 86.11587622207271 14
2.967437168327938 87.11587622207271 26
0 97.44286074983181 26
0 97.44286074983181 14
25.03256283167206 10.32698452775909 26
25.03256283167206 10.32698452775909 14
24.74521494610572 11.32698452775909 14
24.74521494610572 11.32698452775909 26
21.92145172056095 21.15396905551819 26
21.92145172056095 21.15396905551819 14
21.6341038349946 22.15396905551819 14
21.6341038349946 22.15396905551819 26
18.81034060944984 31.98095358327727 26
18.81034060944984 31.98095358327727 14
18.52299272388349 32.98095358327727 14
18.52299272388349 32.98095358327727 26
15.69922949833873 42.80793811103636 26
15.69922949833873 42.80793811103636 14
15.41188161277238 43.80793811103636 14
15.41188161277238 43.80793811103636 26
12.58811838722762 53.63492263879545 26
12.58811838722762 53.63492263879545 14
12.30077050166127 54.63492263879545 14
12.30077050166127 54.63492263879545 26
9.477007276116506 64.46190716655454 26
9.477007276116506 64.46190716655454 14
9.18965939055016 65.46190716655454 14
9.18965939055016 65.46190716655454 26
6.365896165005394 75.28889169431363 26
6.365896165005394 75.28889169431363 14
6.078548279439049 76.28889169431363 14
6.078548279439049 76.28889169431363 26
3.254785053894283 86.11587622207271 26
-21.92145172056095 21.15396905551819 26
-24.74521494610572 11.32698452775909 26
-21.74521494610572 11.32698452775909 26
-21.64521494610571 11.82698452775909 26
21.64521494610571 11.82698452775909 26
21.74521494610572 11.32698452775909 26
18.92145172056095 21.15396905551819 26
18.82145172056094 20.65396905551819 26
-18.82145172056094 20.65396905551819 26
-18.92145172056095 21.15396905551819 26
-18.81034060944984 31.98095358327727 26
-21.6341038349946 22.15396905551819 26
-18.6341038349946 22.15396905551819 26
-18.5341038349946 22.65396905551819 26
18.5341038349946 22.65396905551819 26
18.6341038349946 22.15396905551819 26
15.81034060944984 31.98095358327727 26
15.71034060944984 31.48095358327727 26
-15.71034060944984 31.48095358327727 26
-15.81034060944984 31.98095358327727 26
-15.69922949833873 42.80793811103636 26
-18.52299272388349 32.98095358327727 26
-15.52299272388349 32.98095358327727 26
-15.42299272388349 33.48095358327727 26
15.42299272388349 33.48095358327727 26
15.52299272388349 32.98095358327727 26
12.69922949833873 42.80793811103636 26
12.59922949833873 42.30793811103636 26
-12.59922949833873 42.30793811103636 26
-12.69922949833873 42.80793811103636 26
-12.58811838722762 53.63492263879545 26
-15.41188161277238 43.80793811103636 26
-12.41188161277238 43.80793811103636 26
-12.31188161277238 44.30793811103636 26
12.31188161277238 44.30793811103636 26
12.41188161277238 43.80793811103636 26
9.588118387227617 53.63492263879545 26
9.488118387227617 53.13492263879545 26
-9.488118387227617 53.13492263879545 26
-9.588118387227617 53.63492263879545 26
-9.477007276116506 64.46190716655454 26
-12.30077050166127 54.63492263879545 26
-9.300770501661271 54.63492263879545 26
-9.200770501661271 55.13492263879545 26
9.200770501661271 55.13492263879545 26
9.300770501661271 54.63492263879545 26
6.477007276116506 64.46190716655454 26
6.377007276116506 63.96190716655454 26
-6.377007276116506 63.96190716655454 26
-6.477007276116506 64.46190716655454 26
-6.365896165005394 75.28889169431363 26
-9.18965939055016 65.46190716655454 26
-6.18965939055016 65.46190716655454 26
-6.08965939055016 65.96190716655454 26
6.08965939055016 65.96190716655454 26
6.18965939055016 65.46190716655454 26
3.365896165005394 75.28889169431363 26
3.265896165005394 74.78889169431363 26
-3.265896165005394 74.78889169431363 26
-3.365896165005394 75.28889169431363 26
-3.254785053894283 86.11587622207271 26
-6.078548279439049 76.28889169431363 26
-3.078548279439049 76.28889169431363 26
-2.978548279439049 76.78889169431363 26
2.978548279439049 76.78889169431363 26
3.078548279439049 76.28889169431363 26
0.2547850538942833 86.11587622207271 26
0.1547850538942833 85.61587622207271 26
-0.1547850538942833 85.61587622207271 26
-0.2547850538942833 86.11587622207271 26
-2.967437168327938 87.11587622207271 26
22.03256283167206 10.32698452775909 26
21.93256283167206 9.826984527759095 26
-21.93256283167206 9.826984527759095 26
-22.03256283167206 10.32698452775909 26
-25.03256283167206 10.32698452775909 26
30 0 26
2 102 26
30 -10 26
24 -10 26
24 -7 26
27 -7 26
27 -3 26
-27 -3 26
-27 -7 26
-24 -7 26
-24 -10 26
-30 -10 26
-30 0 26
-2 102 26
-25.03256283167206 10.32698452775909 14
-2.967437168327938 87.11587622207271 14
-3.254785053894283 86.11587622207271 14
-6.078548279439049 76.28889169431363 14
-6.365896165005394 75.28889169431363 14
-9.18965939055016 65.46190716655454 14
-9.477007276116506 64.46190716655454 14
-12.30077050166127 54.63492263879545 14
-12.58811838722762 53.63492263879545 14
-15.41188161277238 43.80793811103636 14
-15.69922949833873 42.80793811103636 14
-18.52299272388349 32.98095358327727 14
-18.81034060944984 31.98095358327727 14
-21.6341038349946 22.15396905551819 14
-21.92145172056095 21.15396905551819 14
-24.74521494610572 11.32698452775909 14
18.92145172056095 21.15396905551819 12
18.82145172056094 20.65396905551819 12
-18.82145172056094 20.65396905551819 12
-0 20.65396905551819 12
-18.92145172056095 21.15396905551819 12
-18.6341038349946 22.15396905551819 12
-18.5341038349946 22.65396905551819 12
-0 22.65396905551819 12
18.5341038349946 22.65396905551819 12
18.6341038349946 22.15396905551819 12
15.81034060944984 31.98095358327727 12
15.71034060944984 31.48095358327727 12
-15.71034060944984 31.48095358327727 12
0 31.48095358327727 12
-15.81034060944984 31.98095358327727 12
-15.52299272388349 32.98095358327727 12
-15.42299272388349 33.48095358327727 12
-0 33.48095358327727 12
15.42299272388349 33.48095358327727 12
15.52299272388349 32.98095358327727 12
12.69922949833873 42.80793811103636 12
12.59922949833873 42.30793811103636 12
-12.59922949833873 42.30793811103636 12
-0 42.30793811103636 12
-12.69922949833873 42.80793811103636 12
-12.41188161277238 43.80793811103636 12
-12.31188161277238 44.30793811103636 12
0 44.30793811103636 12
12.31188161277238 44.30793811103636 12
12.41188161277238 43.80793811103636 12
9.588118387227617 53.63492263879545 12
9.488118387227617 53.13492263879545 12
-9.488118387227617 53.13492263879545 12
0 53.13492263879545 12
-9.588118387227617 53.63492263879545 12
-9.300770501661271 54.63492263879545 12
-9.200770501661271 55.13492263879545 12
0 55.13492263879545 12
9.200770501661271 55.13492263879545 12
9.300770501661271 54.63492263879545 12
6.477007276116506 64.46190716655454 12
6.377007276116506 63.96190716655454 12
-6.377007276116506 63.96190716655454 12
0 63.96190716655454 12
-6.477007276116506 64.46190716655454 12
-6.18965939055016 65.46190716655454 12
-6.08965939055016 65.96190716655454 12
-0 65.96190716655454 12
6.08965939055016 65.96190716655454 12
6.18965939055016 65.46190716655454 12
3.365896165005394 75.28889169431363 12
3.265896165005394 74.78889169431363 12
-3.265896165005394 74.78889169431363 12
-0 74.78889169431363 12
-3.365896165005394 75.28889169431363 12
-3.078548279439049 76.28889169431363 12
-2.978548279439049 76.78889169431363 12
0 76.78889169431363 12
2.978548279439049 76.78889169431363 12
3.078548279439049 76.28889169431363 12
0.2547850538942833 86.11587622207271 12
0.1547850538942833 85.61587622207271 12
-0.1547850538942833 85.61587622207271 12
0 85.61587622207271 12
-0.2547850538942833 86.11587622207271 12
0.03256283167206186 87.11587622207271 12
30 0 13
2 102 13
9.382075455470758 75.10815369792796 13
9.382075455470758 75.10815369792796 3
22.61792454452924 26.89184630207204 3
22.61792454452925 26.89184630207204 13
30 -10 13
24 -10 13
24 -7 13
27 -7 13
27 -3 13
-30 0 12
-30 0 13
-30 0 14
-2 102 12
-2 102 13
-2 102 14
-0.2547850538942833 86.11587622207271 14
0.2547850538942833 86.11587622207271 14
0.1547850538942833 85.61587622207271 14
-0.1547850538942833 85.61587622207271 14
22.03256283167206 10.32698452775909 14
-22.03256283167206 10.32698452775909 14
-21.74521494610572 11.32698452775909 14
-21.64521494610571 11.82698452775909 14
21.64521494610571 11.82698452775909 14
21.74521494610572 11.32698452775909 14
21.93256283167206 9.826984527759095 14
-21.93256283167206 9.826984527759095 14
18.92145172056095 21.15396905551819 14
-18.92145172056095 21.15396905551819 14
-18.6341038349946 22.15396905551819 14
-18.5341038349946 22.65396905551819 14
18.5341038349946 22.65396905551819 14
18.6341038349946 22.15396905551819 14
18.82145172056094 20.65396905551819 14
-18.82145172056094 20.65396905551819 14
15.81034060944984 31.98095358327727 14
-15.81034060944984 31.98095358327727 14
-15.52299272388349 32.98095358327727 14
-15.42299272388349 33.48095358327727 14
15.42299272388349 33.48095358327727 14
15.52299272388349 32.98095358327727 14
15.71034060944984 31.48095358327727 14
-15.71034060944984 31.48095358327727 14
12.69922949833873 42.80793811103636 14
-12.69922949833873 42.80793811103636 14
-12.41188161277238 43.80793811103636 14
-12.31188161277238 44.30793811103636 14
12.31188161277238 44.30793811103636 14
12.41188161277238 43.80793811103636 14
12.59922949833873 42.30793811103636 14
-12.59922949833873 42.30793811103636 14
9.588118387227617 53.63492263879545 14
-9.588118387227617 53.63492263879545 14
-9.300770501661271 54.63492263879545 14
-9.200770501661271 55.13492263879545 14
9.200770501661271 55.13492263879545 14
9.300770501661271 54.63492263879545 14
9.488118387227617 53.13492263879545 14
-9.488118387227617 53.13492263879545 14
6.477007276116506 64.46190716655454 14
-6.477007276116506 64.46190716655454 14
-6.18965939055016 65.46190716655454 14
-6.08965939055016 65.96190716655454 14
6.08965939055016 65.96190716655454 14
6.18965939055016 65.46190716655454 14
6.377007276116506 63.96190716655454 14
-6.377007276116506 63.96190716655454 14
3.365896165005394 75.28889169431363 14
-3.365896165005394 75.28889169431363 14
-3.078548279439049 76.28889169431363 14
-2.978548279439049 76.78889169431363 14
2.978548279439049 76.78889169431363 14
3.078548279439049 76.28889169431363 14
3.265896165005394 74.78889169431363 14
-3.265896165005394 74.78889169431363 14
9.382075455470758 75.10815369792796 23
22.61792454452924 26.89184630207204 23
11.310727751305 75.6375876614903 23
11.310727751305 75.6375876614903 3
24.54657684036348 27.42128026563438 3
24.54657684036348 27.42128026563438 23
-25.03256283167206 10.32698452775909 5.999999999999986
-28 0 5.999999999999986
-26.51628141583603 5.163492263879546 0
-26.51628141583603 5.163492263879546 12
-22.03256283167206 10.32698452775909 5.999999999999986
-23.53256283167206 10.32698452775909 0
-23.53256283167206 10.32698452775909 12
-28 0 12.5
-5.600000000000003 0 0
-11.20000000000002 0 0
-16.80000000000001 0 0
-22.39999999999999 0 0
22.4 0 0
16.79999999999998 0 0
11.19999999999999 0 0
5.600000000000009 0 0
28 0 6.500000000000021
28 0 19.49999999999998
-21.77777777777777 0 26
-15.55555555555555 0 26
-9.333333333333307 0 26
-3.111111111111068 0 26
3.111111111111137 0 26
9.333333333333343 0 26
15.55555555555554 0 26
21.77777777777774 0 26
-28 0 20.00000000000001
-28 0 13.5
-23.33333333333333 16.24047679163864 0
-23.24521494610572 11.32698452775909 0
-21.69521494610571 11.57698452775909 0
-16.23391120957929 11.82698452775909 0
-10.82260747305287 11.82698452775909 0
-5.411303736526438 11.82698452775909 0
16.23391120957929 11.82698452775909 0
10.82260747305287 11.82698452775909 0
5.411303736526438 11.82698452775909 0
23.33333333333333 16.24047679163864 0
6.273817240186974 20.65396905551819 0
12.54763448037394 20.65396905551819 0
-6.273817240186974 20.65396905551819 0
-12.54763448037394 20.65396905551819 0
-18.87145172056094 20.90396905551819 0
-20.42145172056094 21.15396905551819 0
-20.22222222222222 27.06746131939773 0
-20.1341038349946 22.15396905551819 0
-18.5841038349946 22.40396905551819 0
-12.35606922332974 22.65396905551819 0
-6.178034611664875 22.65396905551819 0
12.35606922332974 22.65396905551819 0
6.178034611664875 22.65396905551819 0
20.22222222222222 27.06746131939773 0
5.23678020314995 31.48095358327727 0
10.4735604062999 31.48095358327727 0
-5.236780203149951 31.48095358327727 0
-10.4735604062999 31.48095358327727 0
-15.76034060944984 31.73095358327727 0
-17.31034060944983 31.98095358327727 0
-17.11111111111111 37.89444584715682 0
-17.0229927238835 32.98095358327727 0
-15.47299272388349 33.23095358327727 0
-10.28199514925566 33.48095358327727 0
-5.14099757462782 33.48095358327727 0
10.28199514925566 33.48095358327727 0
5.14099757462782 33.48095358327727 0
17.11111111111111 37.89444584715682 0
6.29961474916936 42.30793811103636 0
-6.29961474916936 42.30793811103636 0
-12.64922949833873 42.55793811103636 0
-14.19922949833872 42.80793811103636 0
-14 48.72143037491591 0
-13.91188161277238 43.80793811103636 0
-12.36188161277238 44.05793811103636 0
-6.155940806386196 44.30793811103636 0
6.155940806386196 44.30793811103636 0
14 48.72143037491591 0
4.744059193613805 53.13492263879545 0
-4.744059193613805 53.13492263879545 0
-9.538118387227616 53.38492263879545 0
-11.08811838722761 53.63492263879545 0
-10.88888888888889 59.54841490267499 0
-10.80077050166127 54.63492263879545 0
-9.250770501661272 54.88492263879545 0
-4.600385250830646 55.13492263879545 0
4.600385250830646 55.13492263879545 0
10.88888888888889 59.54841490267499 0
-3.188503638058253 63.96190716655454 0
-6.427007276116506 64.21190716655454 0
-7.977007276116503 64.46190716655454 0
-7.777777777777777 70.37539943043409 0
-7.689659390550164 65.46190716655454 0
-6.13965939055016 65.71190716655454 0
-3.044829695275083 65.96190716655454 0
7.777777777777778 70.37539943043409 0
-1.6329480825027 74.78889169431363 0
-3.315896165005395 75.03889169431363 0
-4.865896165005391 75.28889169431363 0
-4.666666666666667 81.20238395819317 0
-4.578548279439053 76.28889169431363 0
-3.028548279439049 76.53889169431363 0
-1.489274139719526 76.78889169431363 0
4.666666666666666 81.20238395819317 0
-0.07739252694714155 85.61587622207271 0
-0.2047850538942833 85.86587622207271 0
-1.75478505389428 86.11587622207271 0
-1.48371858416397 92.27936848595226 0
-1.467437168327942 87.11587622207271 0
1.48371858416397 92.27936848595226 0
26.51628141583603 5.163492263879546 0
5.48314070791802 9.826984527759095 0
10.96628141583604 9.826984527759095 0
16.44942212375406 9.826984527759095 0
-5.483140707918017 9.826984527759095 0
-10.96628141583604 9.826984527759095 0
-16.44942212375406 9.826984527759095 0
-21.98256283167206 10.07698452775909 0
28.35294117647059 5.999999999999993 0
26.70588235294118 11.99999999999999 0
25.05882352941177 17.99999999999998 0
23.41176470588236 23.99999999999998 0
21.76470588235295 29.99999999999996 0
20.11764705882354 35.99999999999995 0
18.47058823529414 41.99999999999992 0
16.82352941176473 47.9999999999999 0
15.17647058823532 53.99999999999991 0
13.52941176470591 59.99999999999991 0
11.88235294117649 65.99999999999991 0
10.23529411764708 71.99999999999994 0
8.588235294117663 77.99999999999994 0
6.941176470588246 83.99999999999997 0
5.294117647058833 89.99999999999997 0
3.647058823529417 95.99999999999999 0
30 -5.000000000000002 0
21.59999999999998 -3 0
16.19999999999997 -3 0
10.79999999999997 -3 0
5.399999999999984 -3 0
-21.59999999999998 -3 0
-16.19999999999997 -3 0
-10.79999999999997 -3 0
-5.399999999999984 -3 0
-27 -4.999999999999996 0
-25.49999999999999 -7 0
-24 -8.500000000000004 0
-27.00000000000001 -10 0
-30 -5.000000000000002 0
-28.35294117647059 5.99999999999999 0
-26.70588235294118 11.99999999999998 0
-25.05882352941177 17.99999999999998 0
-23.41176470588236 23.99999999999997 0
-21.76470588235295 29.99999999999996 0
-20.11764705882354 35.99999999999995 0
-18.47058823529414 41.99999999999992 0
-16.82352941176473 47.9999999999999 0
-15.17647058823532 53.99999999999991 0
-13.52941176470591 59.9999999999999 0
-11.88235294117649 65.99999999999993 0
-10.23529411764707 71.99999999999994 0
-8.588235294117663 77.99999999999994 0
-6.941176470588244 83.99999999999997 0
-5.294117647058831 89.99999999999997 0
-3.647058823529414 96 0
-0.9999999999999978 102 0
-1.48371858416397 92.27936848595226 12
-3.111111111111113 86.61587622207271 12
-4.666666666666667 81.20238395819317 12
-6.222222222222222 75.78889169431363 12
-7.777777777777777 70.37539943043409 12
-9.333333333333336 64.96190716655454 12
-10.88888888888889 59.54841490267499 12
-12.44444444444444 54.13492263879544 12
-14 48.72143037491591 12
-15.55555555555555 43.30793811103637 12
-17.11111111111111 37.89444584715682 12
-18.66666666666666 32.48095358327728 12
-20.22222222222222 27.06746131939773 12
-21.77777777777778 21.65396905551819 12
-23.33333333333333 16.24047679163864 12
-24.88888888888889 10.82698452775909 12
-1.75 91.35268195296732 13
-3.5 85.26250315610284 13
-5.25 79.17232435923835 13
-7 73.08214556237385 13
-8.750000000000004 66.99196676550936 13
-10.5 60.90178796864488 13
-12.25 54.8116091717804 13
-14 48.72143037491592 13
-15.75 42.63125157805142 13
-17.50000000000001 36.5410727811869 13
-19.25000000000001 30.45089398432242 13
-21.00000000000001 24.36071518745793 13
-22.75 18.27053639059345 13
-24.5 12.18035759372897 13
-26.25 6.090178796864484 13
0 97.44286074983181 12.5
-21.93256283167206 9.826984527759095 5.999999999999986
-21.98256283167206 10.07698452775909 12
-5.483140707918017 9.826984527759095 12
-10.96628141583604 9.826984527759095 12
-16.44942212375406 9.826984527759095 12
5.48314070791802 9.826984527759095 12
10.96628141583604 9.826984527759095 12
16.44942212375406 9.826984527759095 12
16.23391120957929 11.82698452775909 12
10.82260747305287 11.82698452775909 12
5.411303736526438 11.82698452775909 12
-16.23391120957929 11.82698452775909 12
-10.82260747305287 11.82698452775909 12
-5.411303736526438 11.82698452775909 12
-21.69521494610571 11.57698452775909 12
-23.24521494610572 11.32698452775909 12
2.967437168327938 87.11587622207271 5.999999999999985
0 97.44286074983181 5.999999999999986
1.75 91.35268195296732 13
3.500000000000001 85.26250315610282 13
5.25 79.17232435923835 13
6.999999999999999 73.08214556237385 13
8.750000000000002 66.99196676550936 13
10.5 60.90178796864489 13
12.25 54.8116091717804 13
13.99999999999999 48.72143037491592 13
15.75 42.63125157805141 13
17.50000000000001 36.5410727811869 13
19.25000000000001 30.45089398432242 13
21 24.36071518745794 13
22.75 18.27053639059345 13
24.5 12.18035759372897 13
26.25 6.090178796864478 13
25.03256283167206 10.32698452775909 5.999999999999985
24.74521494610572 11.32698452775909 5.999999999999985
21.92145172056095 21.15396905551819 5.999999999999985
21.6341038349946 22.15396905551819 5.999999999999985
18.81034060944984 31.98095358327727 5.999999999999985
18.52299272388349 32.98095358327727 5.999999999999985
15.69922949833873 42.80793811103636 5.999999999999985
15.41188161277238 43.80793811103636 5.999999999999985
12.58811838722762 53.63492263879545 5.999999999999985
12.30077050166127 54.63492263879545 5.999999999999985
9.477007276116506 64.46190716655454 5.999999999999985
9.18965939055016 65.46190716655454 5.999999999999985
6.365896165005394 75.28889169431363 5.999999999999985
6.078548279439049 76.28889169431363 5.999999999999985
3.254785053894283 86.11587622207271 5.999999999999985
3.111111111111113 86.61587622207271 14
2.967437168327938 87.11587622207271 20.00000000000001
1.48371858416397 92.27936848595226 26
0 97.44286074983181 20.00000000000001
0 97.44286074983181 13.5
26.51628141583603 5.163492263879546 26
25.03256283167206 10.32698452775909 20.00000000000001
24.88888888888889 10.82698452775909 14
24.74521494610572 11.32698452775909 20.00000000000001
23.33333333333333 16.24047679163864 26
21.92145172056095 21.15396905551819 20.00000000000001
21.77777777777778 21.65396905551819 14
21.6341038349946 22.15396905551819 20.00000000000001
20.22222222222222 27.06746131939773 26
18.81034060944984 31.98095358327727 20.00000000000001
18.66666666666667 32.48095358327727 14
18.52299272388349 32.98095358327727 20.00000000000001
17.11111111111111 37.89444584715682 26
15.69922949833873 42.80793811103636 20.00000000000001
15.55555555555556 43.30793811103636 14
15.41188161277238 43.80793811103636 20.00000000000001
14 48.72143037491591 26
12.58811838722762 53.63492263879545 20.00000000000001
12.44444444444445 54.13492263879545 14
12.30077050166127 54.63492263879545 20.00000000000001
10.88888888888889 59.54841490267499 26
9.477007276116506 64.46190716655454 20.00000000000001
9.333333333333336 64.96190716655454 14
9.18965939055016 65.46190716655454 20.00000000000001
7.777777777777777 70.37539943043409 26
6.365896165005394 75.28889169431363 20.00000000000001
6.222222222222223 75.78889169431363 14
6.078548279439049 76.28889169431363 20.00000000000001
4.666666666666667 81.20238395819317 26
3.254785053894283 86.11587622207271 20.00000000000001
-23.33333333333333 16.24047679163864 26
-23.24521494610572 11.32698452775909 26
-21.69521494610571 11.57698452775909 26
15.46086781864694 11.82698452775909 26
9.276520691188164 11.82698452775909 26
3.092173563729396 11.82698452775909 26
-3.092173563729357 11.82698452775909 26
-9.276520691188139 11.82698452775909 26
-15.46086781864693 11.82698452775909 26
21.69521494610571 11.57698452775909 26
23.24521494610572 11.32698452775909 26
20.42145172056094 21.15396905551819 26
18.87145172056094 20.90396905551819 26
-12.54763448037397 20.65396905551819 26
-6.273817240186997 20.65396905551819 26
-2.131628207280301e-14 20.65396905551819 26
6.273817240186942 20.65396905551819 26
12.54763448037393 20.65396905551819 26
-18.87145172056094 20.90396905551819 26
-20.42145172056094 21.15396905551819 26
-20.22222222222222 27.06746131939773 26
-20.1341038349946 22.15396905551819 26
-18.5841038349946 22.40396905551819 26
12.35606922332973 22.65396905551819 26
6.178034611664874 22.65396905551819 26
7.105427357601002e-15 22.65396905551819 26
-6.178034611664849 22.65396905551819 26
-12.35606922332974 22.65396905551819 26
18.5841038349946 22.40396905551819 26
20.1341038349946 22.15396905551819 26
17.31034060944983 31.98095358327727 26
15.76034060944984 31.73095358327727 26
-9.426204365669902 31.48095358327727 26
-3.14206812188996 31.48095358327727 26
3.142068121889984 31.48095358327727 26
9.426204365669919 31.48095358327727 26
-15.76034060944984 31.73095358327727 26
-17.31034060944983 31.98095358327727 26
-17.11111111111111 37.89444584715682 26
-17.0229927238835 32.98095358327727 26
-15.47299272388349 33.23095358327727 26
9.253795634330087 33.48095358327727 26
3.08459854477668 33.48095358327727 26
-3.084598544776719 33.48095358327727 26
-9.25379563433013 33.48095358327727 26
15.47299272388349 33.23095358327727 26
17.0229927238835 32.98095358327727 26
14.19922949833872 42.80793811103636 26
12.64922949833873 42.55793811103636 26
-6.299614749169372 42.30793811103636 26
-5.329070518200751e-15 42.30793811103636 26
6.299614749169354 42.30793811103636 26
-12.64922949833873 42.55793811103636 26
-14.19922949833872 42.80793811103636 26
-14 48.72143037491591 26
-13.91188161277238 43.80793811103636 26
-12.36188161277238 44.05793811103636 26
6.155940806386205 44.30793811103636 26
1.06581410364015e-14 44.30793811103636 26
-6.155940806386184 44.30793811103636 26
12.36188161277238 44.05793811103636 26
13.91188161277238 43.80793811103636 26
11.08811838722761 53.63492263879545 26
9.538118387227616 53.38492263879545 26
-3.16270612907587 53.13492263879545 26
3.162706129075853 53.13492263879544 26
-9.538118387227616 53.38492263879545 26
-11.08811838722761 53.63492263879545 26
-10.88888888888889 59.54841490267499 26
-10.80077050166127 54.63492263879545 26
-9.250770501661272 54.88492263879545 26
3.06692350055377 55.13492263879544 26
-3.066923500553726 55.13492263879544 26
9.250770501661272 54.88492263879545 26
10.80077050166127 54.63492263879545 26
7.977007276116503 64.46190716655454 26
6.427007276116506 64.21190716655454 26
4.440892098500626e-16 63.96190716655454 26
-6.427007276116506 64.21190716655454 26
-7.977007276116503 64.46190716655454 26
-7.777777777777777 70.37539943043409 26
-7.689659390550164 65.46190716655454 26
-6.13965939055016 65.71190716655454 26
5.329070518200751e-15 65.96190716655454 26
6.13965939055016 65.71190716655454 26
7.689659390550164 65.46190716655454 26
4.865896165005391 75.28889169431363 26
3.315896165005395 75.03889169431363 26
5.773159728050814e-15 74.78889169431363 26
-3.315896165005395 75.03889169431363 26
-4.865896165005391 75.28889169431363 26
-4.666666666666667 81.20238395819317 26
-4.578548279439053 76.28889169431363 26
-3.028548279439049 76.53889169431363 26
2.664535259100376e-15 76.78889169431363 26
3.028548279439049 76.53889169431363 26
4.578548279439053 76.28889169431363 26
1.75478505389428 86.11587622207271 26
0.2047850538942833 85.86587622207271 26
-1.942890293094024e-16 85.61587622207271 26
-0.2047850538942833 85.86587622207271 26
-1.75478505389428 86.11587622207271 26
-1.48371858416397 92.27936848595226 26
-9.769962616701378e-15 87.11587622207271 26
23.53256283167206 10.32698452775909 26
21.98256283167206 10.07698452775909 26
-15.66611630833718 9.826984527759095 26
-9.399669785002295 9.826984527759095 26
-3.133223261667425 9.826984527759095 26
3.13322326166746 9.826984527759095 26
9.399669785002347 9.826984527759095 26
15.6661163083372 9.826984527759095 26
-21.98256283167206 10.07698452775909 26
-23.53256283167206 10.32698452775909 26
-26.51628141583603 5.163492263879546 26
28.35294117647059 5.99999999999999 26
26.70588235294118 11.99999999999998 26
25.05882352941177 17.99999999999998 26
23.41176470588236 23.99999999999997 26
21.76470588235295 29.99999999999996 26
20.11764705882354 35.99999999999995 26
18.47058823529414 41.99999999999992 26
16.82352941176473 47.9999999999999 26
15.17647058823532 53.99999999999991 26
13.52941176470591 59.9999999999999 26
11.88235294117649 65.99999999999993 26
10.23529411764707 71.99999999999994 26
8.588235294117663 77.99999999999994 26
6.941176470588244 83.99999999999997 26
5.294117647058831 89.99999999999997 26
3.647058823529414 96 26
30 -5.000000000000002 26
27.00000000000001 -10 26
24 -8.500000000000004 26
25.49999999999999 -7 26
27 -4.999999999999996 26
20.99999999999999 -3 26
14.99999999999996 -3 26
8.999999999999943 -3 26
2.999999999999922 -3 26
-3.000000000000075 -3 26
-9.00000000000005 -3 26
-15.00000000000004 -3 26
-21.00000000000001 -3 26
-27 -4.999999999999996 26
-25.49999999999999 -7 26
-24 -8.500000000000004 26
-27.00000000000001 -10 26
-30 -5.000000000000002 26
-28.35294117647059 5.99999999999999 26
-26.70588235294118 11.99999999999998 26
-25.05882352941177 17.99999999999998 26
-23.41176470588236 23.99999999999997 26
-21.76470588235295 29.99999999999996 26
-20.11764705882354 35.99999999999995 26
-18.47058823529414 41.99999999999992 26
-16.82352941176473 47.9999999999999 26
-15.17647058823532 53.99999999999991 26
-13.52941176470591 59.9999999999999 26
-11.88235294117649 65.99999999999993 26
-10.23529411764707 71.99999999999994 26
-8.588235294117663 77.99999999999994 26
-6.941176470588244 83.99999999999997 26
-5.294117647058831 89.99999999999997 26
-3.647058823529414 96 26
4.440892098500626e-15 102 26
-25.03256283167206 10.32698452775909 20.00000000000001
-26.51628141583603 5.163492263879546 14
-1.48371858416397 92.27936848595226 14
-3.111111111111113 86.61587622207271 14
-4.666666666666667 81.20238395819317 14
-6.222222222222222 75.78889169431363 14
-7.777777777777777 70.37539943043409 14
-9.333333333333336 64.96190716655454 14
-10.88888888888889 59.54841490267499 14
-12.44444444444444 54.13492263879544 14
-14 48.72143037491591 14
-15.55555555555555 43.30793811103637 14
-17.11111111111111 37.89444584715682 14
-18.66666666666666 32.48095358327728 14
-20.22222222222222 27.06746131939773 14
-21.77777777777778 21.65396905551819 14
-23.33333333333333 16.24047679163864 14
-24.88888888888889 10.82698452775909 14
-21.92145172056095 21.15396905551819 5.999999999999986
-24.74521494610572 11.32698452775909 5.999999999999986
-21.74521494610572 11.32698452775909 5.999999999999986
-21.64521494610571 11.82698452775909 5.999999999999986
21.64521494610571 11.82698452775909 5.999999999999985
21.74521494610572 11.32698452775909 5.999999999999985
18.92145172056095 21.15396905551819 5.999999999999985
18.82145172056094 20.65396905551819 5.999999999999985
-18.82145172056094 20.65396905551819 5.999999999999986
6.273817240186974 20.65396905551819 12
12.54763448037394 20.65396905551819 12
-6.273817240186974 20.65396905551819 12
-12.54763448037394 20.65396905551819 12
-18.92145172056095 21.15396905551819 5.999999999999986
-18.87145172056094 20.90396905551819 12
-20.42145172056094 21.15396905551819 12
-18.81034060944984 31.98095358327727 5.999999999999986
-21.6341038349946 22.15396905551819 5.999999999999986
-18.6341038349946 22.15396905551819 5.999999999999986
-20.1341038349946 22.15396905551819 12
-18.5341038349946 22.65396905551819 5.999999999999986
-18.5841038349946 22.40396905551819 12
-12.35606922332974 22.65396905551819 12
-6.178034611664875 22.65396905551819 12
12.35606922332974 22.65396905551819 12
6.178034611664875 22.65396905551819 12
18.5341038349946 22.65396905551819 5.999999999999985
18.6341038349946 22.15396905551819 5.999999999999985
15.81034060944984 31.98095358327727 5.999999999999985
15.71034060944984 31.48095358327727 5.999999999999985
-15.71034060944984 31.48095358327727 5.999999999999986
5.23678020314995 31.48095358327727 12
10.4735604062999 31.48095358327727 12
-5.236780203149951 31.48095358327727 12
-10.4735604062999 31.48095358327727 12
-15.81034060944984 31.98095358327727 5.999999999999986
-15.76034060944984 31.73095358327727 12
-17.31034060944983 31.98095358327727 12
-15.69922949833873 42.80793811103636 5.999999999999986
-18.52299272388349 32.98095358327727 5.999999999999986
-15.52299272388349 32.98095358327727 5.999999999999986
-17.0229927238835 32.98095358327727 12
-15.42299272388349 33.48095358327727 5.999999999999986
-15.47299272388349 33.23095358327727 12
-10.28199514925566 33.48095358327727 12
-5.14099757462782 33.48095358327727 12
10.28199514925566 33.48095358327727 12
5.14099757462782 33.48095358327727 12
15.42299272388349 33.48095358327727 5.999999999999985
15.52299272388349 32.98095358327727 5.999999999999985
12.69922949833873 42.80793811103636 5.999999999999985
12.59922949833873 42.30793811103636 5.999999999999985
-12.59922949833873 42.30793811103636 5.999999999999986
6.29961474916936 42.30793811103636 12
-6.29961474916936 42.30793811103636 12
-12.69922949833873 42.80793811103636 5.999999999999986
-12.64922949833873 42.55793811103636 12
-14.19922949833872 42.80793811103636 12
-12.58811838722762 53.63492263879545 5.999999999999986
-15.41188161277238 43.80793811103636 5.999999999999986
-12.41188161277238 43.80793811103636 5.999999999999986
-13.91188161277238 43.80793811103636 12
-12.31188161277238 44.30793811103636 5.999999999999986
-12.36188161277238 44.05793811103636 12
-6.155940806386196 44.30793811103636 12
6.155940806386196 44.30793811103636 12
12.31188161277238 44.30793811103636 5.999999999999985
12.41188161277238 43.80793811103636 5.999999999999985
9.588118387227617 53.63492263879545 5.999999999999985
9.488118387227617 53.13492263879545 5.999999999999985
-9.488118387227617 53.13492263879545 5.999999999999986
4.744059193613805 53.13492263879545 12
-4.744059193613805 53.13492263879545 12
-9.588118387227617 53.63492263879545 5.999999999999986
-9.538118387227616 53.38492263879545 12
-11.08811838722761 53.63492263879545 12
-9.477007276116506 64.46190716655454 5.999999999999986
-12.30077050166127 54.63492263879545 5.999999999999986
-9.300770501661271 54.63492263879545 5.999999999999986
-10.80077050166127 54.63492263879545 12
-9.200770501661271 55.13492263879545 5.999999999999986
-9.250770501661272 54.88492263879545 12
-4.600385250830646 55.13492263879545 12
4.600385250830646 55.13492263879545 12
9.200770501661271 55.13492263879545 5.999999999999985
9.300770501661271 54.63492263879545 5.999999999999985
6.477007276116506 64.46190716655454 5.999999999999985
6.377007276116506 63.96190716655454 5.999999999999985
-6.377007276116506 63.96190716655454 5.999999999999986
-3.188503638058253 63.96190716655454 12
-6.477007276116506 64.46190716655454 5.999999999999986
-6.427007276116506 64.21190716655454 12
-7.977007276116503 64.46190716655454 12
-6.365896165005394 75.28889169431363 5.999999999999986
-9.18965939055016 65.46190716655454 5.999999999999986
-6.18965939055016 65.46190716655454 5.999999999999986
-7.689659390550164 65.46190716655454 12
-6.08965939055016 65.96190716655454 5.999999999999986
-6.13965939055016 65.71190716655454 12
-3.044829695275083 65.96190716655454 12
6.08965939055016 65.96190716655454 5.999999999999985
6.18965939055016 65.46190716655454 5.999999999999985
3.365896165005394 75.28889169431363 5.999999999999985
3.265896165005394 74.78889169431363 5.999999999999985
-3.265896165005394 74.78889169431363 5.999999999999986
-1.6329480825027 74.78889169431363 12
-3.365896165005394 75.28889169431363 5.999999999999986
-3.315896165005395 75.03889169431363 12
-4.865896165005391 75.28889169431363 12
-3.254785053894283 86.11587622207271 5.999999999999986
-6.078548279439049 76.28889169431363 5.999999999999986
-3.078548279439049 76.28889169431363 5.999999999999986
-4.578548279439053 76.28889169431363 12
-2.978548279439049 76.78889169431363 5.999999999999986
-3.028548279439049 76.53889169431363 12
-1.489274139719526 76.78889169431363 12
2.978548279439049 76.78889169431363 5.999999999999985
3.078548279439049 76.28889169431363 5.999999999999985
0.2547850538942833 86.11587622207271 5.999999999999985
0.1547850538942833 85.61587622207271 5.999999999999985
-0.1547850538942833 85.61587622207271 5.999999999999986
-0.07739252694714155 85.61587622207271 12
-0.2547850538942833 86.11587622207271 5.999999999999986
-0.2047850538942833 85.86587622207271 12
-1.75478505389428 86.11587622207271 12
-2.967437168327938 87.11587622207271 5.999999999999986
-1.467437168327935 87.11587622207271 12
22.03256283167206 10.32698452775909 5.999999999999985
21.93256283167206 9.826984527759095 5.999999999999985
30 0 6.500000000000021
2 102 6.499999999999979
7.905660364376605 80.48652295834238 13
6.429245273282447 85.86489221875679 13
4.952830182188297 91.24326147917121 13
3.476415091094154 96.62163073958558 13
9.382075455470758 75.10815369792796 8.000000000000002
20.96344340839693 32.91888472655402 3
19.30896227226463 38.94592315103598 3
17.65448113613233 44.97296157551796 3
16.00000000000002 50.99999999999991 3
14.34551886386771 57.02703842448193 3
12.69103772773539 63.05407684896394 3
11.03655659160307 69.08111527344595 3
22.61792454452924 26.89184630207204 8.000000000000002
28.52358490890585 5.378369260414405 13
27.0471698178117 10.75673852082881 13
25.57075472671755 16.13510778124321 13
24.09433963562339 21.51347704165764 13
30 0 19.49999999999998
30 -10 19.50000000000002
30 -10 6.499999999999979
24 -10 19.50000000000002
24 -10 6.499999999999979
24 -7 19.50000000000002
24 -7 6.499999999999979
27 -7 19.50000000000002
27 -7 6.499999999999979
27 -3 19.50000000000002
27 -3 6.499999999999979
-27 -3 19.50000000000002
-27 -3 13.00000000000004
-27 -3 6.500000000000021
-27 -7 19.50000000000002
-27 -7 13.00000000000004
-27 -7 6.500000000000021
-24 -7 19.50000000000002
-24 -7 13.00000000000004
-24 -7 6.500000000000021
-24 -10 19.50000000000002
-24 -10 13.00000000000004
-24 -10 6.500000000000021
-30 -10 19.50000000000002
-30 -10 13.00000000000004
-30 -10 6.500000000000021
-30 0 5.999999999999986
-30 0 12.5
-30 0 13.5
-30 0 20.00000000000001
-2 102 5.999999999999986
-28.35294117647059 5.99999999999999 12
-26.70588235294118 11.99999999999998 12
-25.05882352941177 17.99999999999998 12
-23.41176470588236 23.99999999999997 12
-21.76470588235295 29.99999999999996 12
-20.11764705882354 35.99999999999995 12
-18.47058823529414 41.99999999999992 12
-16.82352941176473 47.9999999999999 12
-15.17647058823532 53.99999999999991 12
-13.52941176470591 59.9999999999999 12
-11.88235294117649 65.99999999999993 12
-10.23529411764707 71.99999999999994 12
-8.588235294117663 77.99999999999994 12
-6.941176470588244 83.99999999999997 12
-5.294117647058831 89.99999999999997 12
-3.647058823529414 96 12
-2 102 12.5
-2 102 13.5
-2 102 20.00000000000001
2 102 19.50000000000002
-1.75478505389428 86.11587622207271 14
-8.43769498715119e-15 87.11587622207271 14
1.75478505389428 86.11587622207271 14
0.2047850538942833 85.86587622207271 14
1.942890293094024e-16 85.61587622207271 14
-0.2047850538942833 85.86587622207271 14
-2.967437168327938 87.11587622207271 20.00000000000001
22.03256283167206 10.32698452775909 20.00000000000001
23.53256283167206 10.32698452775909 14
-23.53256283167206 10.32698452775909 14
-23.24521494610572 11.32698452775909 14
-21.69521494610571 11.57698452775909 14
-15.46086781864694 11.82698452775909 14
-9.276520691188164 11.82698452775909 14
-3.092173563729396 11.82698452775909 14
3.092173563729357 11.82698452775909 14
9.276520691188139 11.82698452775909 14
15.46086781864693 11.82698452775909 14
21.69521494610571 11.57698452775909 14
23.24521494610572 11.32698452775909 14
21.98256283167206 10.07698452775909 14
15.66611630833718 9.826984527759095 14
9.399669785002295 9.826984527759095 14
3.133223261667425 9.826984527759095 14
-3.13322326166746 9.826984527759095 14
-9.399669785002347 9.826984527759095 14
-15.6661163083372 9.826984527759095 14
-21.98256283167206 10.07698452775909 14
21.74521494610572 11.32698452775909 20.00000000000001
18.92145172056095 21.15396905551819 20.00000000000001
20.42145172056094 21.15396905551819 14
-20.42145172056094 21.15396905551819 14
-20.1341038349946 22.15396905551819 14
-18.5841038349946 22.40396905551819 14
-12.35606922332973 22.65396905551819 14
-6.178034611664874 22.65396905551819 14
-7.105427357601002e-15 22.65396905551819 14
6.178034611664849 22.65396905551819 14
12.35606922332974 22.65396905551819 14
18.5841038349946 22.40396905551819 14
20.1341038349946 22.15396905551819 14
18.87145172056094 20.90396905551819 14
12.54763448037397 20.65396905551819 14
6.273817240186997 20.65396905551819 14
2.131628207280301e-14 20.65396905551819 14
-6.273817240186942 20.65396905551819 14
-12.54763448037393 20.65396905551819 14
-18.87145172056094 20.90396905551819 14
18.6341038349946 22.15396905551819 20.00000000000001
15.81034060944984 31.98095358327727 20.00000000000001
17.31034060944983 31.98095358327727 14
-17.31034060944983 31.98095358327727 14
-17.0229927238835 32.98095358327727 14
-15.47299272388349 33.23095358327727 14
-9.253795634330087 33.48095358327727 14
-3.08459854477668 33.48095358327727 14
3.084598544776719 33.48095358327727 14
9.25379563433013 33.48095358327727 14
15.47299272388349 33.23095358327727 14
17.0229927238835 32.98095358327727 14
15.76034060944984 31.73095358327727 14
9.426204365669902 31.48095358327727 14
3.14206812188996 31.48095358327727 14
-3.142068121889984 31.48095358327727 14
-9.426204365669919 31.48095358327727 14
-15.76034060944984 31.73095358327727 14
15.52299272388349 32.98095358327727 20.00000000000001
12.69922949833873 42.80793811103636 20.00000000000001
14.19922949833872 42.80793811103636 14
-14.19922949833872 42.80793811103636 14
-13.91188161277238 43.80793811103636 14
-12.36188161277238 44.05793811103636 14
-6.155940806386205 44.30793811103636 14
-1.06581410364015e-14 44.30793811103636 14
6.155940806386184 44.30793811103636 14
12.36188161277238 44.05793811103636 14
13.91188161277238 43.80793811103636 14
12.64922949833873 42.55793811103636 14
6.299614749169372 42.30793811103636 14
5.329070518200751e-15 42.30793811103636 14
-6.299614749169354 42.30793811103636 14
-12.64922949833873 42.55793811103636 14
12.41188161277238 43.80793811103636 20.00000000000001
9.588118387227617 53.63492263879545 20.00000000000001
11.08811838722761 53.63492263879545 14
-11.08811838722761 53.63492263879545 14
-10.80077050166127 54.63492263879545 14
-9.250770501661272 54.88492263879545 14
-3.06692350055377 55.13492263879544 14
3.066923500553726 55.13492263879544 14
9.250770501661272 54.88492263879545 14
10.80077050166127 54.63492263879545 14
9.538118387227616 53.38492263879545 14
3.16270612907587 53.13492263879545 14
-3.162706129075853 53.13492263879544 14
-9.538118387227616 53.38492263879545 14
9.300770501661271 54.63492263879545 20.00000000000001
6.477007276116506 64.46190716655454 20.00000000000001
7.977007276116503 64.46190716655454 14
-7.977007276116503 64.46190716655454 14
-7.689659390550164 65.46190716655454 14
-6.13965939055016 65.71190716655454 14
-5.329070518200751e-15 65.96190716655454 14
6.13965939055016 65.71190716655454 14
7.689659390550164 65.46190716655454 14
6.427007276116506 64.21190716655454 14
-4.440892098500626e-16 63.96190716655454 14
-6.427007276116506 64.21190716655454 14
6.18965939055016 65.46190716655454 20.00000000000001
3.365896165005394 75.28889169431363 20.00000000000001
4.865896165005391 75.28889169431363 14
-4.865896165005391 75.28889169431363 14
-4.578548279439053 76.28889169431363 14
-3.028548279439049 76.53889169431363 14
-2.664535259100376e-15 76.78889169431363 14
3.028548279439049 76.53889169431363 14
4.578548279439053 76.28889169431363 14
3.315896165005395 75.03889169431363 14
-5.773159728050814e-15 74.78889169431363 14
-3.315896165005395 75.03889169431363 14
3.078548279439049 76.28889169431363 20.00000000000001
0.2547850538942833 86.11587622207271 20.00000000000001
-21.92145172056095 21.15396905551819 20.00000000000001
-24.74521494610572 11.32698452775909 20.00000000000001
-21.74521494610572 11.32698452775909 20.00000000000001
-21.64521494610571 11.82698452775909 20.00000000000001
21.64521494610571 11.82698452775909 20.00000000000001
18.82145172056094 20.65396905551819 20.00000000000001
-18.82145172056094 20.65396905551819 20.00000000000001
-18.92145172056095 21.15396905551819 20.00000000000001
-18.81034060944984 31.98095358327727 20.00000000000001
-21.6341038349946 22.15396905551819 20.00000000000001
-18.6341038349946 22.15396905551819 20.00000000000001
-18.5341038349946 22.65396905551819 20.00000000000001
18.5341038349946 22.65396905551819 20.00000000000001
15.71034060944984 31.48095358327727 20.00000000000001
-15.71034060944984 31.48095358327727 20.00000000000001
-15.81034060944984 31.98095358327727 20.00000000000001
-15.69922949833873 42.80793811103636 20.00000000000001
-18.52299272388349 32.98095358327727 20.00000000000001
-15.52299272388349 32.98095358327727 20.00000000000001
-15.42299272388349 33.48095358327727 20.00000000000001
15.42299272388349 33.48095358327727 20.00000000000001
12.59922949833873 42.30793811103636 20.00000000000001
-12.59922949833873 42.30793811103636 20.00000000000001
-12.69922949833873 42.80793811103636 20.00000000000001
-12.58811838722762 53.63492263879545 20.00000000000001
-15.41188161277238 43.80793811103636 20.00000000000001
-12.41188161277238 43.80793811103636 20.00000000000001
-12.31188161277238 44.30793811103636 20.00000000000001
12.31188161277238 44.30793811103636 20.00000000000001
9.488118387227617 53.13492263879545 20.00000000000001
-9.488118387227617 53.13492263879545 20.00000000000001
-9.588118387227617 53.63492263879545 20.00000000000001
-9.477007276116506 64.46190716655454 20.00000000000001
-12.30077050166127 54.63492263879545 20.00000000000001
-9.300770501661271 54.63492263879545 20.00000000000001
-9.200770501661271 55.13492263879545 20.00000000000001
9.200770501661271 55.13492263879545 20.00000000000001
6.377007276116506 63.96190716655454 20.00000000000001
-6.377007276116506 63.96190716655454 20.00000000000001
-6.477007276116506 64.46190716655454 20.00000000000001
-6.365896165005394 75.28889169431363 20.00000000000001
-9.18965939055016 65.46190716655454 20.00000000000001
-6.18965939055016 65.46190716655454 20.00000000000001
-6.08965939055016 65.96190716655454 20.00000000000001
6.08965939055016 65.96190716655454 20.00000000000001
3.265896165005394 74.78889169431363 20.00000000000001
-3.265896165005394 74.78889169431363 20.00000000000001
-3.365896165005394 75.28889169431363 20.00000000000001
-3.254785053894283 86.11587622207271 20.00000000000001
-6.078548279439049 76.28889169431363 20.00000000000001
-3.078548279439049 76.28889169431363 20.00000000000001
-2.978548279439049 76.78889169431363 20.00000000000001
2.978548279439049 76.78889169431363 20.00000000000001
0.1547850538942833 85.61587622207271 20.00000000000001
-0.1547850538942833 85.61587622207271 20.00000000000001
-0.2547850538942833 86.11587622207271 20.00000000000001
21.93256283167206 9.826984527759095 20.00000000000001
-21.93256283167206 9.826984527759095 20.00000000000001
-22.03256283167206 10.32698452775909 20.00000000000001
9.382075455470758 75.10815369792796 18
20.96344340839693 32.91888472655402 23
19.30896227226463 38.94592315103598 23
17.65448113613233 44.97296157551796 23
16.00000000000002 50.99999999999991 23
14.34551886386771 57.02703842448193 23
12.69103772773539 63.05407684896394 23
11.03655659160307 69.08111527344595 23
22.61792454452924 26.89184630207204 18
-28.35294117647059 5.99999999999999 14
-26.70588235294118 11.99999999999998 14
-25.05882352941177 17.99999999999998 14
-23.41176470588236 23.99999999999997 14
-21.76470588235295 29.99999999999996 14
-20.11764705882354 35.99999999999995 14
-18.47058823529414 41.99999999999992 14
-16.82352941176473 47.9999999999999 14
-15.17647058823532 53.99999999999991 14
-13.52941176470591 59.9999999999999 14
-11.88235294117649 65.99999999999993 14
-10.23529411764707 71.99999999999994 14
-8.588235294117663 77.99999999999994 14
-6.941176470588244 83.99999999999997 14
-5.294117647058831 89.99999999999997 14
-3.647058823529414 96 14
11.310727751305 75.6375876614903 8.000000000000004
11.310727751305 75.6375876614903 13
11.310727751305 75.6375876614903 18
22.89209570423117 33.44831869011636 3
21.23761456809887 39.47535711459832 3
19.58313343196656 45.5023955390803 3
17.92865229583426 51.52943396356225 3
16.27417115970194 57.55647238804427 3
14.61969002356963 63.58351081252628 3
12.96520888743731 69.61054923700829 3
24.54657684036348 27.42128026563438 8.000000000000004
24.54657684036348 27.42128026563438 13
24.54657684036348 27.42128026563438 18
-28.35294117647059 5.99999999999999 13
-26.70588235294118 11.99999999999998 13
-25.05882352941177 17.99999999999998 13
-23.41176470588236 23.99999999999997 13
-21.76470588235295 29.99999999999996 13
-20.11764705882354 35.99999999999995 13
-18.47058823529414 41.99999999999992 13
-16.82352941176473 47.9999999999999 13
-15.17647058823532 53.99999999999991 13
-13.52941176470591 59.9999999999999 13
-11.88235294117649 65.99999999999993 13
-10.23529411764707 71.99999999999994 13
-8.588235294117663 77.99999999999994 13
-6.941176470588244 83.99999999999997 13
-5.294117647058831 89.99999999999997 13
-3.647058823529414 96 13
22.89209570423117 33.44831869011636 23
21.23761456809887 39.47535711459832 23
19.58313343196656 45.5023955390803 23
17.92865229583426 51.52943396356225 23
16.27417115970194 57.55647238804427 23
14.61969002356963 63.58351081252628 23
12.96520888743731 69.61054923700829 23
-27.06453825295451 3.255502455505298 8.546646634204311
-26.52896041517232 5.119368050780505 4.090170547163626
-26.04565694927046 6.801313491058567 8.310473849171959
14.12499130640359 0 4.900825285499666
-14.87259232489566 0 4.722403756964821
2.819562351737734 0 5.060874413681135
-6.086755001909168 0 20.69256223075595
-18.73998650197235 0 20.43981343160111
6.134247397800976 0 20.60144321616662
-24.2963130095237 0 8.871593786060519
21.90821998216686 0 15.7417230475239
-25.82903453596872 0 13.02646190197116
-20.89770011023842 0 11.27375828984947
-20.01876650843827 0 7.045818283152813
-21.94405155286267 0 15.92642547261979
-17.35023539387834 0 14.7826723467178
-13.78317763921169 0 18.64436024341255
-12.30194002828061 0 13.09199259014311
0.011239789787858 0 20.65746715338397
-2.862231788705849 0 15.49564683417013
3.042054971889009 0 15.38711605873738
9.029009648525225 0 15.27854269041845
5.944853173238471 0 10.1296009771472
12.25164889917458 0 20.4311027301813
15.03337562976833 0 15.29854964210014
23.10696904956338 0 8.978749852361142
-0.001315460468401142 0 10.24171260927909
-6.564226316185842 0 10.47192651478646
-2.991170339968015 0 5.196615904535925
19.59999999999999 0 4.849742261192853
8.443123101655019 0 4.89855570853433
11.6034562142474 0 10.01320969460678
-8.488510267143326 0 4.798640834631613
18.26142741032175 0 20.63446219386489
-16.10845847542282 0 9.914589404179214
17.04538442589379 0 9.573183863940883
-23.97578987243196 0 20.84734199414699
-25.50496039503161 0 16.74797935572285
-8.709129881324557 0 16.6733643054639
-23.77252277392581 0 4.309074924536157
-11.32864106916192 0 8.578445162280435
23.25509615237178 0 21.19682315763915
-10.65644851365417 0 21.64369741951519
-19.6 0 2.96802051287335
24.08820988931968 0 4.207849941509198
-0.7745098039215712 100.2404767916386 0
-2.875188634867454 75.30052511738694 0
2.336111111111116 54.13492263879545 0
-2.336111111111114 54.13492263879545 0
-8.017570389126217 54.20635121022402 0
-2.616150569322775 76.2997308616829 0
2.749999999999996 -1.499999999999993 0
-2.749999999999995 -1.500000000000007 0
-8.206593203243797 -1.549487165930557 0
8.207142857142841 -1.549523809523812 0
-28.36333819241982 -8.214470244513869 0
-26.26933051167815 -8.206095214739811 0
-28.2912421163801 -6.154906918943105 0
-25.20386610233563 -8.891219042947959 0
-0.9537149058930634 75.76204007775024 0
2.114814814814814 75.78889169431363 0
-1.913455266461105 75.78801588908948 0
-24.92474237343054 -7.8710448939554 0
26.25 -8.499999999999993 0
-24.28888888888888 10.8269845277591 12
3.928984244195999 83.76959415713631 10.72661034225896
24.071015755804 13.67326659269551 10.726610342259
19.86079862528716 28.32525236324939 9.83318192681709
8.139201374712842 69.11760838658242 9.833181926817087
16.56011633099287 39.81196397690488 9.579274651560484
11.43988366900713 57.63089677292692 9.579274651560485
13.51343228865914 50.41473572282848 8.95788460565173
1.027542372881357 93.8669083085736 8.999999999999993
22.71259781504235 18.40069981561373 9.027630011581079
5.287402184957644 79.04216093421809 9.027630011581081
25.91351279573779 7.261188646472434 9.033006767100208
14.5168674803173 46.92267873524895 8.999999999999989
4.77638764754215 80.82054373459371 4.390637148997678
23.07585343078292 17.13653315914223 4.520456189569562
13.87405718852316 49.15972422638662 4.789423028258676
2.062679285768426 90.26452609216412 8.945900574743366
1.600979719304891 91.87128775513426 4.729502873716847
17.03407205006247 38.16254965065897 4.766253698310616
10.96592794993752 59.28031109917286 4.766253698310614
17.62803476576447 36.09549871506106 9.069105669974217
10.37196523423553 61.34736203477075 9.069105669974217
26.40771787229662 5.541304487294511 4.875548540575218
27.05236019441035 3.297883343466779 9.565342743932591
7.128798621962987 72.63391319863423 9.366454697543924
7.772999405091301 70.39202865558762 5.999091560902551
20.87120137803701 24.80894755119758 9.366454697543928
20.2270005949087 27.05083209424417 5.999091560902562
20.82560448341264 24.96762940310856 2.99497536317535
7.174395516587352 72.47523134672328 2.994975363175378
23.62485208862672 15.22596173885231 7.450702664989965
4.445743038874986 81.97122075459504 7.826753558903859
17.81705191749731 35.43769971521703 2.784501236613869
10.1829480825027 62.00516103461476 2.78450123661385
27.24429331716043 2.629936466559045 2.886396062701172
23.34151217158865 16.21201359888119 10.77914552992682
4.662163126594494 81.21805673776939 10.79872335655707
23.99030169411871 13.95415977388669 3.025398324450522
8.349626600463655 68.38530710190069 2.999394584089579
19.65037339953635 29.05755364793112 2.999394584089578
4.198865128350803 82.83038110664567 16.16982487705375
24.07101575580401 13.67326659269546 15.27338965774106
19.86079862528717 28.32525236324936 16.16681807318292
8.139201374712844 69.1176083865824 16.16681807318291
16.56011633099287 39.8119639769049 16.42072534843951
11.43988366900713 57.63089677292692 16.42072534843952
1.027542372881353 93.86690830857361 17.00000000000001
22.71259781504235 18.40069981561376 16.97236998841892
25.91351279573781 7.261188646472381 16.96699323289976
14.51686748031731 46.92267873524892 17.00000000000001
23.07585343078292 17.13653315914221 21.47954381043041
5.22933164416443 79.24425234922454 16.63775482787525
4.613033628629172 81.38903241023168 19.92378809516107
2.062679285768429 90.26452609216412 17.05409942525663
1.600979719304889 91.87128775513426 21.27049712628315
13.48323531420401 50.51982427914624 16.55880217861031
17.03407205006248 38.16254965065895 21.23374630168939
10.96592794993752 59.28031109917285 21.23374630168939
10.37196523423553 61.34736203477075 16.93089433002578
17.62803476576446 36.09549871506106 16.93089433002578
26.40771787229663 5.541304487294465 21.12445145942475
27.0523601944104 3.297883343466598 16.43465725606717
14.00001468493162 48.72137926985353 21.65125745408719
7.128798621962987 72.63391319863423 16.63354530245607
7.772999405091302 70.39202865558764 20.00090843909745
20.87120137803702 24.80894755119755 16.63354530245608
20.22700059490873 27.05083209424407 20.00090843909747
7.174395516587351 72.47523134672329 23.00502463682462
20.82560448341265 24.96762940310851 23.00502463682467
23.6248520886267 15.22596173885234 18.54929733501003
4.099322653620768 83.17679908892468 23.08382517372064
17.81705191749731 35.43769971521703 23.21549876338613
10.1829480825027 62.00516103461476 23.21549876338613
27.24429331716043 2.629936466559068 23.11360393729888
23.34151217158865 16.2120135988812 15.22085447007324
23.99030169411871 13.95415977388667 22.97460167554949
5.237207691678409 79.21684289918298 23.00077686417161
19.65037339953635 29.05755364793109 23.00060541591043
8.349626600463649 68.38530710190071 23.00060541591042
-2.131628207280301e-14 -1.499999999999991 26
-6.056689342403665 -1.553413958175784 26
6.111111111111086 -1.499999999999991 26
-7.105427357601002e-15 85.90068852817217 26
28.36333819241982 -8.226676384839649 26
-28.36333819241983 -8.226676384839624 26
25.80190545605997 -8.353810912119945 26
-25.80190545605997 -8.353810912119945 26
28.2912421163801 -6.156463824596908 26
-28.2912421163801 -6.156463824596896 26
-0.9294117647058826 99.53170493329367 26
0.9435294117647111 99.39491313662509 26
0.05643551616828191 85.74372606695229 26
-0.06062691832405953 85.74840865226855 26
24.82547636401499 -7.713452728029987 26
-24.82547636401499 -7.713452728029987 26
-25.96802457871755 7.071482072253796 17.45335336579569
-26.28293055680713 5.97557709467265 21.35131402491954
-26.97578525760049 3.564371947198595 17.9154528040589
-27.2312921911882 2.675181713262759 22.88746678966174
-22.81477388722066 18.04511664514104 8.58628982615922
-23.09920050321793 17.05528296170647 4.539436567826128
-23.71744250717463 14.90373762237611 8.225945295706302
-23.99875194856353 13.92475202505929 3.075293416574709
13.16895495405594 11.82698452775909 4.494780068931594
-13.16895495405594 11.82698452775909 4.494780068931595
-2.705651868263217 11.82698452775909 4.686326503425545
8.958955496334037 11.82698452775909 7.968075594251007
-8.116955604789652 11.82698452775909 7.313673496574462
2.825937567055272 11.82698452775909 7.401538370600599
-18.05154561516061 11.82698452775909 3.723283931590153
18.05154561516061 11.82698452775909 3.723283931590153
13.40076854794439 11.82698452775909 8.89596603702093
-13.52825934131608 11.82698452775909 8.843633503472361
-8.116955604789652 11.82698452775909 3.156366496527634
7.544536255569399 11.82698452775909 3.642385728806804
2.615225138177577 11.82698452775909 3.146050120566589
-2.705651868263217 11.82698452775909 8.843633503472372
17.35760170315861 11.82698452775909 7.852338339590443
-17.37885016872055 11.82698452775909 7.843616250665683
23.24521494610572 11.32698452775909 8.999999999999993
23.24521494610572 11.32698452775909 2.999999999999992
20.42145172056095 21.15396905551819 8.999999999999993
20.42145172056095 21.15396905551819 2.999999999999992
-9.876848129720852 20.65396905551819 5.610793243394804
9.881365045975592 20.65396905551819 5.718625815212821
3.198206830211529 20.65396905551819 6.070083004977034
-3.204379296647214 20.65396905551819 5.946812708061973
-14.4338484625432 20.65396905551819 7.430090221721887
14.31669545420119 20.65396905551819 7.387855468561835
15.1082406603725 20.65396905551819 3.586640183396375
-15.12433153067068 20.65396905551819 3.577269066445238
-19.70366277610955 28.87210117290012 8.586289826159222
-19.98808939210682 27.88226748946555 4.539436567826131
-20.60633139606352 25.73072215013519 8.225945295706305
-20.88764083745241 24.75173655281839 3.075293416574706
-9.600718613755687 22.65396905551819 5.597427522474226
3.079385462753235 22.65396905551819 6.004474350151026
9.729787784985612 22.65396905551819 5.679468270061229
-3.146233729055368 22.65396905551819 5.933650312104208
-14.07528967147266 22.65396905551819 7.403934031930943
14.21540742651417 22.65396905551819 7.47025299391276
-14.85577974812452 22.65396905551819 3.571623079200735
14.89423502330615 22.65396905551819 3.592817323424851
20.1341038349946 22.15396905551819 8.999999999999993
20.1341038349946 22.15396905551819 2.999999999999992
17.31034060944984 31.98095358327727 8.999999999999993
17.31034060944984 31.98095358327727 2.999999999999992
7.631821733936154 31.48095358327727 4.154094388847231
-7.631821733936153 31.48095358327727 7.845905611152769
-2.618390101574975 31.48095358327727 4.535184689963289
2.618390101574975 31.48095358327727 7.464815310036711
7.762147159873291 31.48095358327727 8.654750105968491
-7.762147159873292 31.48095358327727 3.345249894031508
-2.573720387417221 31.48095358327727 8.769181122230552
2.573720387417221 31.48095358327727 3.230818877769446
11.73002683781398 31.48095358327727 7.631948666735862
-11.73002683781398 31.48095358327727 4.368051333264132
-12.25121803938994 31.48095358327727 8.442791388883379
12.25121803938994 31.48095358327727 3.557208611116616
-16.59255166499844 39.69908570065922 8.586289826159218
-16.87697828099571 38.70925201722465 4.539436567826129
-17.49522028495241 36.55770667789428 8.225945295706302
-17.7765297263413 35.57872108057747 3.07529341657471
-2.57049878731391 33.48095358327727 4.452234500421877
7.711496361941736 33.48095358327727 7.547765499578115
-7.422966713233689 33.48095358327727 7.492507366935523
1.713665858209274 33.48095358327727 7.999999999999998
-2.684159443393229 33.48095358327727 8.788948373471479
3.284526228234442 33.48095358327727 3.889362134438487
7.652877635701379 33.48095358327727 3.060012426441236
-7.526403401823114 33.48095358327727 3.211431711258408
11.83990746773554 33.48095358327727 8.132382569937208
-11.83990746773554 33.48095358327727 8.132382569937208
-11.31954302996916 33.48095358327727 4.139386941355188
11.38871034373355 33.48095358327727 4.123360082659424
17.02299272388349 32.98095358327727 8.999999999999993
17.02299272388349 32.98095358327727 2.999999999999992
14.19922949833873 42.80793811103636 8.999999999999993
14.19922949833873 42.80793811103636 2.999999999999992
3.622948303016729 42.30793811103636 5.721863159923459
-3.574668616442032 42.30793811103636 6.305303855697728
8.080086068310589 42.30793811103636 7.381745240921942
-8.077572548601369 42.30793811103636 4.619669118491901
-8.8641655940569 42.30793811103636 8.417853282027085
8.871421766383174 42.30793811103636 3.586229771549339
-14.51855944611267 46.91679052141351 8.586289826159222
-14.1531431788599 48.18847646590048 4.705503835089813
-13.60383778933208 50.10011534378948 8.338506061153904
3.405857276594395 44.30793811103636 5.58745761915247
-3.50621462684127 44.30793811103636 6.281443530618297
7.864821797867076 44.30793811103636 7.408375260556576
-7.889332078520314 44.30793811103636 4.565012772797834
-8.663296165207303 44.30793811103636 8.406636614773729
8.645457932221571 44.30793811103636 3.570833268529859
13.91188161277238 43.80793811103636 8.999999999999993
13.91188161277238 43.80793811103636 2.999999999999992
11.08811838722762 53.63492263879545 8.999999999999993
11.08811838722762 53.63492263879545 2.999999999999992
2.255426271050005 53.13492263879545 4.337965553612203
-2.220683239293867 53.13492263879545 7.593655860401496
2.221073364739783 53.13492263879545 8.861472632733628
-2.207176152037326 53.13492263879545 3.111175932871852
6.305815353127801 53.13492263879545 3.640664191588409
5.75043515949777 53.13492263879545 7.806683729655704
-5.742328452088007 53.13492263879545 4.177361266947487
-6.305815353127809 53.13492263879545 8.359335808411585
-11.40744833500156 57.74377504917258 8.586289826159218
-11.0420320677488 59.01546099365956 4.70550383508981
-10.49272667822097 60.92709987154855 8.338506061153902
-2.152422004422729 55.13492263879545 4.406494986751857
2.167500639217891 55.13492263879545 7.636611594098884
-2.153973726208517 55.13492263879545 8.898823022590012
2.160005180126579 55.13492263879545 3.118419609750283
-6.168441651757419 55.13492263879545 3.561351448122643
-5.579460606090309 55.13492263879545 7.811111576244083
5.58297895420918 55.13492263879545 4.198946625954417
6.168441651757428 55.13492263879545 8.43864855187735
10.80077050166127 54.63492263879545 8.999999999999993
10.80077050166127 54.63492263879545 2.999999999999992
7.977007276116506 64.46190716655454 8.999999999999991
7.977007276116506 64.46190716655454 2.999999999999992
-2.469233059035705 63.96190716655454 8.948385120879944
-1.594251819029127 63.96190716655454 2.76132515061755
2.230427321592566 63.96190716655454 2.952265030123507
2.055431073591251 63.96190716655454 8.989677024175986
0.4034239752354969 63.96190716655454 5.905220241319013
-3.19231670067878 63.96190716655454 5.552197701282737
-7.259218331665103 72.18003928393648 8.586289826159218
-7.543644947662374 71.19020560050193 4.539436567826128
-8.161886951619081 69.03866026117156 8.2259452957063
-8.443196393007971 68.05967466385474 3.07529341657471
-2.240708342489697 65.96190716655454 9.533857808153243
-2.240708342489697 65.96190716655454 2.466142191846752
1.983809359268469 65.96190716655454 9.106771561630646
1.98380935926847 65.96190716655454 2.893228438369348
-0.05327249540031698 65.96190716655454 5.999999999999996
7.68965939055016 65.46190716655454 8.999999999999991
7.68965939055016 65.46190716655454 2.999999999999992
4.865896165005394 75.28889169431363 8.999999999999991
4.865896165005394 75.28889169431363 2.999999999999992
-0.81647404125135 74.78889169431363 10.58582547749158
-1.127398327823163 74.78889169431363 2.172944840326527
1.121159180079018 74.78889169431363 9.663908802776634
0.03268594587740004 74.78889169431363 4.829397822391736
1.087415989613005 74.78889169431363 2.600468532543649
0.06747421694101408 74.78889169431363 7.415826420531983
-5.185226112779339 79.39774410469079 8.586289826159222
-4.819809845526569 80.66943004917775 4.705503835089813
-4.270504455998745 82.58106892706674 8.338506061153904
-0.4913591549414764 76.78889169431363 10.34787792414874
-0.4913591549414764 76.78889169431363 1.652122075851258
4.578548279439049 76.28889169431363 8.999999999999991
4.578548279439049 76.28889169431363 2.999999999999992
1.754785053894283 86.11587622207271 8.999999999999991
1.754785053894283 86.11587622207271 2.999999999999992
-0.9354617470454931 94.1873582943265 8.546646634204309
-1.250367725135068 93.09145331674537 4.648685975080464
-1.943222425928427 90.68024816927131 8.084547195941099
-2.198729359516133 89.79105793533546 3.112533210338268
-0.4734109205973458 87.11587622207271 10.34332827477061
-0.4734109205973482 87.11587622207271 1.656671725229382
23.53256283167206 10.32698452775909 8.999999999999993
23.53256283167206 10.32698452775909 2.999999999999992
14.29197981248581 9.826984527759095 4.329371620638062
-13.70785176979505 9.826984527759095 7.251460854418413
2.741570353959009 9.826984527759095 7.251460854418406
-8.679731767685158 9.826984527759095 4.541075162525151
-2.169544323800217 9.826984527759095 4.428451857437366
8.308157925118564 9.826984527759095 4.639050970542081
-18.01842617239962 9.826984527759095 7.92844232643381
18.16938322512967 9.826984527759095 3.97967886467144
12.7709564450541 9.826984527759095 8.354092582643455
-13.63769468166468 9.826984527759095 3.105785486200217
-5.483140707918018 9.826984527759095 7.85601482684349
2.741570353959011 9.826984527759095 3.107475681261894
8.054021369577146 9.826984527759095 8.848920881520788
-18.10380892742893 9.826984527759095 3.849811007273464
17.81801362675895 9.826984527759095 7.916167104073202
-8.864029273830457 9.826984527759095 8.729710168757411
-2.078851077135448 9.826984527759095 8.707185507739853
8.35751682333445 78.84047442928164 5.587860974467267
23.64248317666555 23.15952557071835 5.587860974467255
4.09345687360128 94.37383567473819 8.969301135229728
27.90654312639872 7.626164325261819 8.969301135229758
25.86860945878957 15.05006554298084 4.355602753266433
6.131390541210429 86.94993445701915 4.355602753266449
24.83712676484895 18.80760964233595 8.476162341808633
7.162873235151043 83.19239035766405 8.476162341808637
5.69103772773537 88.554076848964 9.534425426375376
26.30896227226462 13.44592315103602 9.534425426375421
4.525478327144711 92.80004323682998 3.833665692690084
3.231662459748684 97.5132296109155 4.981526556823185
27.4745216728553 9.19995676316999 3.833665692690077
28.76833754025132 4.48677038908449 4.98152655682332
24.77602965224352 19.03017769539859 4.377417656791184
7.223970347756485 82.96982230460137 4.377417656791263
23.59870843163846 23.31899071331702 9.477829581760153
8.401291568361518 78.68100928668304 9.477829581760105
2.960306884888819 98.50173920504787 9.290165538410578
29.03969311511118 3.498260794952144 9.290165538410621
30 -4.953869047619047 9.943452380952381
30 -4.927728174603175 16.01140873015873
30 -4.612500000000004 21.12499999999999
30 -4.612500000000001 4.875000000000004
27 -10 16.25000000000001
27 -10 22.20833333333334
27 -10 9.749999999999989
27 -10 3.249999999999989
24 -8.5 16.25000000000001
24 -8.5 22.71014285300665
24 -8.5 9.749999999999989
24 -8.5 3.249999999999989
25.5 -7 16.25000000000001
25.5 -7 22.71014285300665
25.5 -7 9.749999999999989
25.5 -7 3.249999999999989
27 -5 16.25000000000001
27 -4.999999999999998 22.79132092397399
27 -5 9.749999999999989
27 -5 3.249999999999989
-13.7231997711973 -3 4.363409014928423
13.6701147453004 -3 4.551782590647776
-2.699999999999992 -3 4.676537180435955
5.914830087087786 -3 20.48259064147696
-5.28985226080578 -3 20.48439505266422
-21.3026982957666 -3 16.67444055214675
21.30797918708784 -3 15.90980994117017
21.38850837905453 -3 9.368597035916157
16.09909639594344 -3 13.15038704566587
15.8231507896502 -3 18.89695766824691
10.93140309747832 -3 16.10756941562451
11.09869864642303 -3 9.52683847266101
5.834418660503204 -3 13.59297020578427
0.5451560776102831 -3 17.03055015986077
5.669916233991312 -3 8.541363351198427
0.4238654080984077 -3 10.28908213677147
-4.533797563370918 -3 14.02485504885937
-10.0009476036609 -3 16.19415297885043
-8.710825701255349 -3 10.69142639281981
-14.83197047560691 -3 12.56520877719037
-21.37698785163121 -3 9.739786621119404
-15.48076350163875 -3 18.7410621615105
-18.73118466565819 -3 4.419184697811456
18.72425724924592 -3 4.402368626061818
-8.230301768887683 -3 5.355417599897914
11.33387679484324 -3 21.49742354506968
-10.9543126732211 -3 21.48392203860503
2.54503735039135 -3 4.470782950769372
-4.298020842579817 -3 9.186457530313708
-7.460698725481052e-14 -3 21.95621778610999
-19.47798293833639 -3 21.75838377761157
8.61253070406751 -3 4.326935459476301
20.48150039437525 -3 21.09822697548162
16.19613508319346 -3 8.199994754190525
-16.16050827825551 -3 7.918938334583873
23.14255312566009 -3 4.054193132395591
-23.14163450345788 -3 4.131794263786176
-12.33136119904055 -3 8.178880023884076
-23.56945726878602 -3 22.36049227854678
-27 -5 9.750000000000032
-27 -5 3.208679076026024
-27 -5 16.25000000000003
-27 -5 22.79132092397399
-25.5 -7 9.750000000000032
-25.5 -7 3.289857146993379
-25.5 -7 16.25000000000003
-25.5 -7 22.71014285300664
-24 -8.5 9.750000000000032
-24 -8.5 3.289857146993379
-24 -8.5 16.25000000000003
-24 -8.5 22.71014285300664
-27 -10 9.750000000000032
-27 -10 3.791666666666679
-27 -10 16.25000000000003
-27 -10 22.20833333333334
-30 -4.829115582237874 16.933203295744
-30 -2.31682124733775 12.991650411968
-30 -3.705454396464131 8.999999999999993
-30 -5.678985706803116 21.34921977446394
-30 -5.635192007295435 4.684467686695825
-30 -2.621247447643414 23.31523528876465
-19.29411764705884 38.99999999999993 5.94393239308622
-16.00000000000003 50.99999999999989 5.794824544680902
-25.88350940576574 14.99578716471052 6.2031198499722
-22.59050196471262 26.99174284283261 5.995971013520082
-7.762439211757989 81.00825715716732 5.985169109257445
-12.7058823529412 62.99999999999991 5.794824544680915
-4.345955924801231 93.45401770250979 5.702994004514782
-14.35294117647061 56.99999999999992 6.125898252118892
-9.411494864144876 75.00098299490081 5.88282583880967
-27.6175278786891 8.679005584775409 5.589814808336502
-20.94155424902074 32.99862380713871 5.98998390110105
-17.64705882352943 44.99999999999991 6.111317968357207
-11.05879140539541 69.00011702320244 6.104043378562398
-6.096497228642225 87.07704580994618 5.948027185628704
-24.23586464017777 20.99792166792383 6.033181810582047
-3.153650659760086 97.79741545373112 7.447379241396336
-28.81326511676331 4.323105646076512 7.393449666327193
-2.970532033088588 98.46449045089157 3.592910463701583
-29.01952504977052 3.571730175835978 3.569037782094809
-0.673377015616301 102 1.807560372377153
-0.1683673469387738 102 9.191326530612237
0.3981375294662124 102 3.053661710695744
-0.1683673469387743 102 16.80867346938776
0.2588921282798782 102 22.79729279466889
0.4977257097438736 102 1.142574852292046
-2.511111111111111 86.6158762220727 12
-2.875188634867454 75.30052511738694 12
-2.616150569322775 76.2997308616829 12
-5.622222222222222 75.78889169431363 12
-0.9537149058930634 75.76204007775024 12
2.114814814814814 75.78889169431363 12
-1.913455266461105 75.78801588908948 12
-8.733333333333334 64.96190716655454 12
-2.336111111111114 54.13492263879545 12
-8.017570389126215 54.20635121022402 12
2.336111111111116 54.13492263879545 12
-11.84444444444444 54.13492263879545 12
-14.95555555555555 43.30793811103636 12
-18.06666666666667 32.48095358327727 12
-21.17777777777777 21.65396905551819 12
-1.443289932012704e-14 85.90068852817214 14
0.05643551616830322 85.74372606695226 14
-0.06062691832405442 85.74840865226852 14
-2.031975421282447 90.37137867757801 17.45335336579569
-1.496397583500258 92.23524427285321 21.90982945283637
-1.013094117598403 93.91718971313128 17.68952615082804
-24.28888888888888 10.8269845277591 14
24.28888888888889 10.82698452775909 14
-21.17777777777777 21.65396905551819 14
21.17777777777777 21.65396905551819 14
-18.06666666666667 32.48095358327726 14
18.06666666666666 32.48095358327728 14
-14.95555555555555 43.30793811103636 14
14.95555555555556 43.30793811103636 14
-11.84444444444444 54.13492263879545 14
11.84444444444444 54.13492263879545 14
-8.733333333333334 64.96190716655454 14
8.733333333333338 64.96190716655454 14
-5.622222222222222 75.78889169431363 14
5.62222222222222 75.78889169431363 14
-22.81477388722066 18.04511664514104 17.41371017384078
-23.09920050321793 17.05528296170647 21.46056343217387
-23.71744250717463 14.9037376223761 17.7740547042937
-23.99875194856352 13.92475202505929 22.92470658342529
0.004833938627438528 11.82698452775909 20.22496310134843
-12.69445202229766 11.82698452775909 19.52013144945066
12.69859539826403 11.82698452775909 20.40224347538119
6.224196541979475 11.82698452775909 19.92630177915481
-6.23783443225088 11.82698452775909 19.95751575846651
17.1827474368074 11.82698452775909 18.59747999194491
-17.29756923954501 11.82698452775909 21.44148935701799
-17.97848596249339 11.82698452775909 17.56594582949553
17.96267475866892 11.82698452775909 22.42853192390373
-3.140672716972421 20.65396905551819 19.80396812611472
9.876848129720845 20.65396905551819 20.3892067566052
-9.883543990929123 20.65396905551819 20.28937471393465
3.213968315520389 20.65396905551819 20.03219581378665
14.4338484625432 20.65396905551819 18.56990977827812
-14.32981974957367 20.65396905551819 18.59895643008152
15.12433153067067 20.65396905551819 22.42273093355476
-15.11042683756194 20.65396905551819 22.41261873485945
-19.70366277610955 28.87210117290012 17.41371017384078
-19.98808939210682 27.88226748946555 21.46056343217387
-20.60633139606352 25.73072215013519 17.7740547042937
-20.88764083745241 24.75173655281839 22.92470658342529
-9.600747304058892 22.65396905551819 20.40255914981046
9.59650643748197 22.65396905551819 20.40452919041981
3.134228944257343 22.65396905551819 19.97579638380488
-3.137097930521878 22.65396905551819 20.06305925560256
14.07507037866375 22.65396905551819 18.59616783775326
-14.07529116513693 22.65396905551819 18.59606527420633
14.85514668111271 22.65396905551819 22.42867100402473
-14.85578406011988 22.65396905551819 22.42837491771669
-6.760156381747692 31.48095358327727 19.71233838903512
6.751398984021648 31.48095358327727 20.38632567398658
-0.001459566287673297 31.48095358327727 20.01644401050362
11.3169690905281 31.48095358327727 18.57184676775253
-11.20006880258963 31.48095358327727 21.38502942047836
-11.99195082057524 31.48095358327727 17.58533825850193
12.0073998048913 31.48095358327727 22.42259606310559
-16.59255166499844 39.69908570065922 17.41371017384078
-16.87697828099571 38.70925201722465 21.46056343217387
-17.49522028495241 36.55770667789427 17.7740547042937
-17.7765297263413 35.57872108057747 22.92470658342528
6.502334783603835 33.48095358327727 19.59426470524813
-6.493715986794244 33.48095358327727 20.48662613860462
0.001436466134932424 33.48095358327727 20.01348180730879
-11.08365750981587 33.48095358327727 18.5560608580371
10.96898158880552 33.48095358327727 21.40576257026566
11.74969797324573 33.48095358327727 17.57143246793055
-11.76484899098869 33.48095358327727 22.43466957094882
3.622948303016728 42.30793811103636 19.71262192658079
-3.746898320154295 42.30793811103636 20.20595646393119
8.080086068310587 42.30793811103636 21.38126412714943
-8.216686203325818 42.30793811103636 18.55127374799611
8.871421766383174 42.30793811103636 17.58484086481861
-8.908643216690718 42.30793811103636 22.39389003027533
-14.51855944611267 46.91679052141351 17.41371017384078
-14.15314317885991 48.18847646590046 21.29449616491019
-13.60383778933208 50.10011534378947 17.6614939388461
-3.405857276594398 44.30793811103636 19.58745761915247
3.506214626841273 44.30793811103636 20.28144353061829
-7.864821797867076 44.30793811103636 21.40837526055659
7.889332078520322 44.30793811103636 18.56501277279783
-8.645457932221575 44.30793811103636 17.57083326852987
8.663296165207306 44.30793811103636 22.40663661477373
-3.552713678800501e-15 53.13492263879544 20.52203229503112
5.398099707257032 53.13492263879544 18.43300506877072
-5.398099707257029 53.13492263879545 18.43300506877073
5.908063413256783 53.13492263879545 22.58724871059203
-5.908063413256786 53.13492263879546 22.58724871059203
-11.40744833500156 57.7437750491726 17.41371017384078
-11.04203206774879 59.01546099365956 21.29449616491019
-10.49272667822097 60.92709987154856 17.6614939388461
2.131628207280301e-14 55.13492263879544 20.68793267411392
-5.009380767966523 55.13492263879546 18.51206010343149
5.009380767966535 55.13492263879546 18.51206010343147
-5.70615417113865 55.13492263879546 22.61224416097403
5.706154171138671 55.13492263879546 22.61224416097402
2.679142806986506 63.96190716655454 17.61913665097959
-1.502786073468532 63.96190716655454 18.79163886247768
1.963784392110608 63.96190716655454 21.60901966103726
-3.188503638058253 63.96190716655454 23.00000000000001
-7.259218331665103 72.18003928393648 17.41371017384078
-7.543644947662374 71.19020560050193 21.46056343217387
-8.161886951619081 69.03866026117156 17.7740547042937
-8.443196393007971 68.05967466385474 22.92470658342528
2.523702515476921 65.96190716655454 17.54698036223673
-1.500165009358458 65.96190716655454 18.56774696830723
1.800425339052079 65.96190716655454 21.61906728735873
-2.733744572723921 65.96190716655454 22.68426626036599
-4.148107220553991 83.00702381169557 17.41371017384078
-4.432533836551261 82.01719012826102 21.46056343217387
-5.050775840507971 79.86564478893064 17.77405470429371
-5.33208528189686 78.88665919161383 22.92470658342528
13.00743196131975 9.826984527759095 20.29029853806799
-13.00281506402575 9.826984527759095 19.70750070823328
0.00754093224687935 9.826984527759095 19.99640543562539
-6.343510037519732 9.826984527759095 19.95065102397644
6.34679316448436 9.826984527759095 20.04778399561556
17.43214013595944 9.826984527759095 18.61083476410811
-17.43189977271006 9.826984527759095 21.38905066104294
-18.22351942120377 9.826984527759095 17.58522162418232
18.22421331556711 9.826984527759095 22.41444761459659
8.35751682333445 78.84047442928166 20.41213902553273
23.64248317666555 23.15952557071835 20.41213902553275
4.093456873601289 94.37383567473816 17.03069886477025
27.90654312639872 7.626164325261819 17.03069886477024
25.86860945878958 15.05006554298083 21.64439724673357
6.131390541210425 86.94993445701917 21.64439724673353
24.83712676484896 18.80760964233594 17.52383765819137
7.162873235151046 83.19239035766405 17.52383765819135
5.691037727735372 88.55407684896402 16.46557457362462
26.30896227226463 13.44592315103601 16.46557457362458
4.52547832714471 92.80004323682998 22.16633430730986
3.231662459748694 97.51322961091547 21.01847344317672
27.4745216728553 9.199956763169984 22.16633430730992
28.76833754025131 4.486770389084493 21.01847344317667
24.77602965224352 19.03017769539859 21.62258234320882
7.223970347756482 82.96982230460138 21.62258234320872
23.59870843163846 23.31899071331704 16.52217041823985
8.401291568361524 78.68100928668302 16.52217041823989
2.960306884888823 98.50173920504785 16.7098344615894
29.03969311511117 3.498260794952146 16.70983446158937
-19.29411764705884 38.99999999999993 20.05606760691377
-16.00000000000003 50.99999999999989 20.2051754553191
-25.88235294117647 15 20.05606760691378
-22.58823529411765 26.99999999999998 20.05606760691377
-7.764705882352951 80.99999999999994 20.05606760691379
-12.70704574144912 62.99576194186392 20.20310754276941
-4.347343682308374 93.44896230016238 20.2994727219015
-14.35307967510251 56.99949546926944 19.87385556781567
-27.65322554404256 8.548964089559245 19.68994585874086
-17.64705882352943 44.99999999999991 19.8886820316428
-24.23529411764706 20.99999999999999 20.01868920230459
-9.414044947357901 74.99169340605336 19.92221413169148
-20.94117647058825 32.99999999999996 20.01868920230459
-6.097106299992578 87.07482705002703 20.05925672146921
-11.05939746774236 68.99790922465283 20.02088694574348
-3.153751808266438 97.79704698417227 18.55280054915883
-28.81924990600173 4.30130391385083 21.41482692431761
-2.970744733947663 98.46371561204779 22.40746761015146
-29.02547968614078 3.550038286201436 17.5863961118655
10.34640160338787 75.37287067970914 20.5
18.75589286390041 48.51591475132128 17.58734122634728
15.45089072093937 60.55556541496509 8.332520839858244
22.16085816844661 36.1121125704744 8.272851724636102
13.69499774516694 66.95203268385035 17.81842116131794
23.41771952592611 31.53354619679909 15.40603516102337
12.45698590648317 71.46193295334123 10.5
18.75589286390041 48.51591475132128 8.412658773652714
20.42637450541298 42.43058877152549 8.217072638127249
21.17568670917663 39.70095145781504 13.26340763122387
15.42885291785883 60.6358459833299 17.9028776229855
17.0971266887055 54.55856296095986 17.70379306810714
17.10141172776811 54.54295317580323 8.412658773652712
13.6695874463671 67.04459877233546 8.048791298225574
23.43662017142984 31.46469384532121 10.67564122352767
12.42227362035648 71.58838485280273 15.32391011763524
20.40005269021234 42.52647538404209 18.02608379439985
22.10983858353888 36.29796962978114 18.10288907322206
14.65816448255882 63.44335385477994 13.01846834195016
19.58313343196656 45.5023955390803 12.99458248718122
17.92760928688425 51.53323349616586 13.00268407846882
16.26771732928066 57.57998277029324 13.00819912931377
22.41394689394969 35.19014649899889 13
13.3804018401865 68.09806062342194 12.94191818382578
23.51654554496692 31.17353712743615 6.589698589632754
23.50256149888462 31.22447900959307 19.50178484684909
12.34078715111414 71.8852284193284 19.42846625579064
12.34264754857951 71.87845125713312 6.509758259645118

CELLS 5230 26150
4 209 683 386 741
4 678 164 1693 1687
4 1304 1132 1857 1856
4 1304 1526 844 1525
4 657 1350 316 926
4 150 1350 657 643
4 1359 649 305 916
4 1516 1526 845 1304
4 1304 1857 1133 1855
4 1516 1303 843 1525
4 1131 1856 1303 1855
4 114 678 1694 1688
4 692 691 1076 166
4 691 692 1076 188
4 690 689 2040 169
4 689 690 2040 193
4 682 386 209 683
4 682 386 683 177
4 656 657 925 1351
4 656 657 1351 642
4 650 649 1358 917
4 649 650 1358 634
4 1842 1846 1841 1674
4 1350 657 316 658
4 1350 150 657 658
4 648 649 1359 139
4 648 649 305 1359
4 1675 1420 1431 1416
4 655 656 1352 147
4 656 655 1352 313
4 650 651 1357 142
4 651 650 1357 308
4 1428 1432 1426 1798
4 647 648 915 1360
4 647 648 1360 632
4 702 1611 170 1628
4 1129 711 1305 1249
4 711 848 1305 1249
4 1851 987 144 637
4 312 922 1266 1867
4 733 200 732 1870
4 1852 146 639 967
4 920 310 1869 1274
4 729 1868 196 728
4 184 693 1074 694
4 694 693 1074 157
4 639 145 1852 988
4 729 197 1868 730
4 733 734 201 1870
4 922 311 1275 1867
4 1851 143 1006 637
4 920 1869 309 1283
4 1275 1266 922 1867
4 1283 920 1869 1274
4 732 734 733 1870
4 988 1852 639 967
4 1868 729 730 728
4 1006 987 1851 637
4 707 104 1673 1686
4 711 848 1134 1305
4 711 1129 1305 1134
4 391 1744 1740 1081
4 393 1085 1740 1748
4 1741 123 1081 1745
4 1085 125 1741 1749
4 173 704 1630 1651
4 175 706 1653 1670
4 698 34 1556 1578
4 684 204 2041 737
4 1031 368 1672 1685
4 935 318 1555 1577
4 1056 156 1695 1553
4 78 1015 1654 1671
4 36 957 1580 1610
4 543 1417 66 1632
4 1848 1001 1633 351
4 911 928 1861 302
4 467 1 1434 645
4 717 1862 184 716
4 151 930 1434 645
4 1251 928 317 1861
4 717 185 1862 718
4 1418 544 66 1635
4 1634 1000 1850 351
4 1251 911 928 1861
4 1434 930 467 645
4 716 717 1862 718
4 1513 488 489 1388
4 1012 355 1644 1850
4 550 73 1643 1418
4 660 659 1348 302
4 659 660 1348 1
4 646 647 303 1361
4 646 647 1361 137
4 463 2018 1336 2044
4 1089 1088 12 1795
4 1011 355 1848 1645
4 76 704 1652 1631
4 1515 489 490 1378
4 308 1871 918 1282
4 204 736 737 1872
4 1847 1005 142 635
4 192 725 1866 724
4 148 641 1853 945
4 314 924 1258 1865
4 1847 141 1023 635
4 918 1871 307 1291
4 737 738 205 1872
4 1866 725 193 726
4 1853 641 147 968
4 1865 924 1267 313
4 73 1646 1417 551
4 1871 918 1282 1291
4 1023 1005 1847 635
4 737 736 738 1872
4 725 1866 724 726
4 968 1853 641 945
4 924 1267 1258 1865
4 1080 1742 1738 391
4 1092 1093 1797 1805
4 1084 393 1738 1746
4 1801 1805 1099 1098
4 1098 1097 1803 1807
4 1092 1091 1807 1799
4 1376 1514 488 487
4 131 1802 1806 1099
4 1091 296 1808 1800
4 1808 1804 298 1097
4 1080 1739 1743 291
4 702 62 1612 1629
4 876 1521 1736 1517
4 885 1514 1758 886
4 1051 1053 382 1693
4 571 1051 110 1694
4 1085 125 122 1741
4 1085 122 1079 1741
4 193 690 2040 725
4 1863 1250 926 316
4 1854 643 929 150
4 741 208 740 1874
4 633 140 1022 1843
4 1873 916 306 1290
4 1840 1693 138 631
4 1863 926 1259 315
4 633 1039 139 1843
4 1873 305 916 1299
4 741 742 209 1874
4 707 176 708 1672
4 702 1611 701 170
4 695 158 1695 157
4 168 700 699 1579
4 1076 166 691 167
4 1259 1250 926 1863
4 740 742 741 1874
4 633 1022 1039 1843
4 916 1873 1299 1290
4 706 77 705 1654
4 1014 348 1651 357
4 978 328 1609 337
4 883 884 1515 1757
4 386 683 177 176
4 1428 1432 1798 1802
4 1421 482 7 1375
4 741 683 386 208
4 104 707 1673 91
4 654 655 1353 640
4 654 655 923 1353
4 651 652 919 1356
4 651 652 1356 636
4 197 729 2034 730
4 1422 1398 7 475
4 721 691 189 1076
4 76 703 704 1631
4 891 1520 1528 1804
4 1743 1519 1527 878
4 1423 606 607 1778
4 724 2023 725 726
4 916 649 306 1359
4 884 885 1513 1783
4 481 1424 1400 482
4 729 2034 730 728
4 1519 1747 1743 1527
4 1520 1528 1804 1800
4 1320 2009 2001 1875
4 2023 725 192 724
4 2034 729 197 2037
4 1725 1059 121 1836
4 686 2038 200 687
4 686 2038 687 172
4 148 1112 641 1825
4 314 2011 924 1322
4 609 1426 1432 1798
4 1518 893 1522 1812
4 1091 1092 1809 1795
4 688 687 2037 171
4 2034 729 196 728
4 687 688 2037 197
4 1817 1536 614 615
4 296 1812 1522 1796
4 147 656 1352 641
4 924 1352 313 656
4 1785 1424 602 603
4 657 926 315 1350
4 657 643 1350 149
4 393 1084 1735 1750
4 1093 1101 1805 1092
4 137 1693 1840 631
4 1085 393 1734 1752
4 1113 641 1112 1825
4 2011 1323 924 1322
4 1421 127 603 1781
4 1693 678 1687 1047
4 678 1694 1688 1047
4 1533 1817 1110 1829
4 1101 1093 1805 1102
4 1332 304 914 2012
4 1896 2002 2011 1322
4 1565 1112 1825 1818
4 138 1828 1122 631
4 1432 1428 610 1802
4 733 201 734 2029
4 1051 1053 1693 1038
4 1423 475 476 1402
4 913 1333 1858 1860
4 1677 1684 1042 1045
4 2041 204 2022 737
4 1011 1648 1849 354
4 1638 67 1419 544
4 733 732 200 2029
4 2039 733 200 2029
4 2034 196 729 2037
4 1528 1520 890 1800
4 1527 1519 1747 879
4 734 732 733 2029
4 1042 1683 1679 1045
4 1422 127 1756 607
4 1691 1689 1123 630
4 2016 1523 1524 1838
4 1990 1838 289 1127
4 1832 1834 134 1107
4 288 1992 1507 860
4 120 1727 583 1468
4 924 1323 2011 313
4 1113 147 641 1825
4 637 143 1006 1116
4 1326 920 309 1283
4 1425 1427 612 1813
4 1534 1817 1829 615
4 1878 895 896 2001
4 404 1857 1133 1304
4 845 1526 280 1304
4 654 653 1354 311
4 653 654 1354 145
4 652 653 310 1355
4 652 653 1355 144
4 1132 1857 404 1304
4 280 1526 844 1304
4 1303 403 1856 1131
4 279 843 1303 1525
4 1132 1304 1303 1856
4 1303 1304 844 1525
4 1132 1303 403 1856
4 279 1303 844 1525
4 2008 311 922 1324
4 639 1114 145 1826
4 296 1812 1518 1522
4 1524 289 875 1990
4 201 733 2039 2029
4 2001 1877 1319 1320
4 122 123 1741 1433
4 1327 1946 1948 2006
4 1640 1642 1822 1117
4 1426 1428 1798 1806
4 1332 914 303 2012
4 2009 896 2001 1876
4 1091 296 1796 1812
4 1122 1828 137 631
4 1726 696 1723 1718
4 1283 1326 920 1274
4 1006 987 637 1116
4 1298 914 304 2012
4 1815 1825 618 1596
4 2021 1454 2027 1439
4 899 2011 1999 1918
4 1038 1828 138 631
4 1836 111 1415 1839
4 1325 1932 2000 2008
4 1619 1816 1826 1115
4 402 1249 401 1855
4 1824 1372 1109 1108
4 290 876 1736 1517
4 1304 1249 1303 1855
4 1516 1304 1249 1303
4 2022 737 205 2041
4 310 920 1326 1274
4 637 987 144 1116
4 1131 1303 1249 1855
4 1305 1304 1133 1855
4 845 1516 1304 1305
4 1303 1249 1516 843
4 1988 1991 1983 718
4 1249 402 1131 1855
4 1305 1133 401 1855
4 1516 845 281 1305
4 843 1249 1516 278
4 1838 1524 2016 713
4 1381 1759 1382 1384
4 737 736 204 2022
4 1352 656 1351 641
4 1351 924 656 1352
4 1333 1858 1860 2005
4 125 1085 122 1753
4 1849 1639 1001 350
4 1078 1736 1739 1517
4 1677 1042 1679 1045
4 2030 2025 1441 1068
4 1249 1305 401 1855
4 737 684 205 2041
4 616 1818 1829 1568
4 1304 1305 1249 1855
4 1516 1304 1305 1249
4 1323 1324 1915 923
4 1114 1593 640 1113
4 2011 1999 1917 1323
4 171 702 1446 2026
4 1815 1595 1113 1825
4 1323 1915 1917 923
4 1593 1595 640 1113
4 1477 1498 2022 2044
4 1478 1493 2035 1490
4 2008 1275 1266 922
4 639 988 967 1826
4 1275 2008 311 922
4 988 639 145 1826
4 1431 561 1675 1416
4 290 1078 1739 1517
4 2020 1455 2031 705
4 1899 2002 2009 897
4 683 2033 684 2024
4 205 738 737 2022
4 1647 1419 72 550
4 122 1753 1085 1737
4 1898 1321 2002 1322
4 1420 567 1684 1431
4 1846 1842 1044 1683
4 1455 2020 1070 705
4 122 125 1753 599
4 2024 684 683 1438
4 1478 1493 2027 2035
4 737 738 736 2022
4 1852 986 146 967
4 1197 312 1266 1867
4 1865 1258 314 1179
4 1866 1178 192 724
4 1158 720 188 1864
4 1853 966 148 945
4 1854 944 150 929
4 1159 1250 1863 316
4 196 1868 1196 728
4 1862 1136 184 716
4 1434 1 467 473
4 1238 740 208 1874
4 144 987 1851 1004
4 1239 1873 306 1290
4 1847 142 1005 1021
4 1037 1022 140 1843
4 308 1227 1871 1282
4 1869 310 1213 1274
4 302 1861 911 1137
4 200 732 1870 1212
4 1872 204 736 1226
4 1852 990 986 988
4 1240 1873 1239 1299
4 1871 1227 1228 1291
4 677 1434 930 473
4 944 1854 948 946
4 1869 1213 1214 1283
4 1862 1147 1136 718
4 1868 1204 1196 730
4 1187 1178 1866 726
4 1179 1865 1267 1180
4 1023 1847 1021 1025
4 1004 1006 1851 1008
4 1259 1863 1160 1159
4 1238 1244 742 1874
4 1037 1041 1039 1843
4 1251 1861 1138 1137
4 722 1168 1864 1158
4 970 966 1853 968
4 1275 1198 1197 1867
4 734 1870 1212 1219
4 738 1872 1226 1232
4 1111 1112 1567 1818
4 2016 1523 301 909
4 2001 1251 895 2007
4 1434 930 151 677
4 1861 317 1251 1138
4 726 1187 193 1866
4 1847 1023 141 1025
4 1873 1240 305 1299
4 948 1854 149 946
4 722 1168 189 1864
4 307 1871 1228 1291
4 742 1244 209 1874
4 988 990 145 1852
4 1039 1041 139 1843
4 1006 1008 143 1851
4 1283 309 1214 1869
4 1198 1275 311 1867
4 730 1204 197 1868
4 734 1219 201 1870
4 147 970 1853 968
4 1259 1863 315 1160
4 718 1147 185 1862
4 1267 1865 313 1180
4 1872 738 205 1232
4 1324 1915 1999 1323
4 1113 1114 1593 1815
4 633 1039 1022 1120
4 1821 1691 1689 1123
4 1093 1101 1092 1793
4 2 468 1371 1833
4 1593 1595 1113 1815
4 1915 1917 1999 1323
4 2025 1446 702 2026
4 724 1866 1178 726
4 987 1006 1851 1004
4 1251 911 1861 1137
4 716 1862 1136 718
4 1259 1250 1863 1159
4 1266 1275 1197 1867
4 732 734 1870 1212
4 1434 467 930 473
4 1873 1239 1299 1290
4 1283 1869 1213 1274
4 1864 1158 720 722
4 1847 1005 1023 1021
4 986 1852 988 967
4 966 1853 968 945
4 944 1854 946 929
4 1196 1868 730 728
4 1865 1267 1258 1179
4 1227 1871 1282 1291
4 1037 1039 1022 1843
4 742 740 1238 1874
4 1872 736 738 1226
4 730 2034 197 1483
4 1492 2022 736 2028
4 2045 2031 1438 1459
4 1357 635 650 142
4 650 308 918 1357
4 612 1427 608 1794
4 1999 2008 1915 1324
4 1815 1114 1593 1826
4 2024 2033 684 2041
4 289 1524 1838 1990
4 889 1522 893 1796
4 1521 1751 880 876
4 765 898 1899 897
4 1115 1621 1816 1116
4 1326 1325 1934 2000
4 2024 1458 2045 1438
4 2012 1331 1966 2003
4 1309 2018 1498 2044
4 1723 695 1726 1717
4 2029 1313 1489 2019
4 1066 1466 1065 2021
4 616 1568 511 617
4 1727 120 1058 1468
4 1507 1077 1992 288
4 1568 616 1818 617
4 916 305 1330 1299
4 1753 1737 122 599
4 1093 1425 1806 1813
4 1438 1458 2045 1459
4 1318 2007 1529 1319
4 1333 1332 913 1858
4 633 139 1039 1120
4 911 928 302 1319
4 1680 1819 1039 1120
4 684 1477 2033 683
4 1567 642 1112 1111
4 1988 1982 1991 716
4 1774 1382 1759 1385
4 1428 1426 611 1806
4 2002 1899 898 897
4 1841 1846 1034 1674
4 1483 730 2034 2019
4 1332 1858 2005 2012
4 1827 1823 1119 1661
4 1321 1259 926 315
4 2010 1329 1958 2013
4 1322 1898 1321 925
4 152 646 913 1362
4 152 646 1362 630
4 2022 1498 738 2044
4 1518 299 893 1812
4 1827 1664 623 624
4 915 305 1330 648
4 1119 1120 140 1661
4 1320 2009 1875 316
4 695 1723 1726 696
4 2039 685 1479 2028
4 141 634 1118 650
4 917 307 1328 650
4 6 660 1347 912
4 660 6 1347 470
4 174 2036 1455 2031
4 1492 736 1315 2028
4 1420 1675 99 1416
4 2044 1477 1498 1497
4 1415 1834 1836 1839
4 139 632 1120 648
4 930 1817 1824 1109
4 725 690 2040 192
4 2007 2001 1251 1319
4 635 1005 142 1118
4 1316 738 1498 2044
4 308 918 1328 1282
4 1693 1038 138 631
4 1329 1958 306 2010
4 1477 1498 738 2022
4 2044 2033 1477 1497
4 1837 1127 1997 385
4 1732 1835 385 1059
4 1521 1736 1751 876
4 1372 1824 1831 1108
4 1479 685 1492 2028
4 149 642 1111 657
4 1736 1078 290 1517
4 2036 2022 1492 2028
4 700 1065 1466 2021
4 928 911 1251 1319
4 1533 1110 150 1829
4 315 925 657 1321
4 1455 2036 2020 2031
4 204 2036 2022 1492
4 1961 904 905 2013
4 703 2030 1441 1068
4 1510 743 872 873
4 1122 1691 1123 630
4 2025 687 1441 1446
4 200 733 2039 686
4 317 928 1251 1319
4 1121 1819 1828 1682
4 914 304 1128 1298
4 1130 744 179 710
4 1524 1838 1990 713
4 635 141 1023 1118
4 1328 918 307 1291
4 2001 1877 1320 1875
4 693 692 1075 1469
4 692 693 1075 1508
4 1680 1121 1819 1120
4 2026 2021 2027 1439
4 635 1023 1005 1118
4 918 1328 1282 1291
4 1107 1830 1835 398
4 2014 1837 400 1126
4 2024 2045 1458 1064
4 1991 1988 716 718
4 1109 1535 1817 1110
4 1647 67 1419 1638
4 1 467 1109 645
4 911 895 1251 2007
4 2031 1438 1459 706
4 1421 603 482 1781
4 644 150 1110 658
4 1089 1088 1759 1407
4 656 641 148 1351
4 1351 924 314 656
4 1566 1818 1825 617
4 1440 2020 2030 704
4 2009 2002 1259 1898
4 1321 2009 1259 1898
4 1382 1774 1759 1381
4 1310 2035 1505 1311
4 2028 734 1479 2029
4 1785 482 603 1781
4 1449 1441 2025 1068
4 490 883 1515 1378
4 1823 1120 1119 1661
4 316 927 1320 658
4 924 2011 1267 313
4 2002 2009 1321 1898
4 2025 687 1446 2037
4 1691 1821 1828 1122
4 386 2024 1458 1064
4 968 641 147 1825
4 1828 1692 627 1821
4 1740 1734 390 1079
4 482 1424 1785 603
4 1642 1118 1820 1117
4 1327 1948 1328 2004
4 1477 2033 2022 2041
4 614 1536 1817 930
4 1423 607 475 1402
4 1258 2011 924 314
4 945 148 641 1825
4 1382 1774 1773 1385
4 2011 898 2002 1897
4 1818 1567 1111 1829
4 1820 1822 1642 1117
4 1111 643 150 1829
4 1842 1846 1674 1683
4 2034 1478 2027 2035
4 2004 1327 1948 2006
4 1567 1818 946 1829
4 1817 1824 614 930
4 946 1111 1567 1829
4 2020 2039 685 1440
4 308 919 1327 651
4 636 142 1117 651
4 899 1999 900 783
4 525 618 1815 619
4 2002 1896 1898 1322
4 1489 1313 1496 2019
4 930 1824 467 1109
4 687 2019 1483 2037
4 2045 1071 1459 1463
4 700 1466 1452 2021
4 2031 2024 1438 2041
4 2038 2030 2025 1441
4 2031 2045 1071 1459
4 699 2042 2032 1437
4 699 168 2032 2021
4 1489 732 1313 2029
4 1329 1960 1958 2013
4 1109 467 930 645
4 209 742 741 1996
4 683 1458 2024 1438
4 1084 1517 1739 1736
4 1466 1066 1452 2021
4 884 489 1515 1757
4 2040 2027 1493 2035
4 924 1351 1323 1352
4 1351 641 1113 1352
4 2044 1309 2033 1497
4 699 168 1437 2032
4 1381 1407 1759 1384
4 1112 1565 1567 1818
4 1415 1834 1832 1836
4 178 711 1130 710
4 1109 930 151 645
4 2035 2034 1478 1490
4 489 1515 1757 1378
4 1330 1968 1331 2003
4 1479 2039 2028 2029
4 1090 1089 1774 1379
4 1070 2020 2031 705
4 174 684 2041 175
4 1858 1333 1332 2005
4 1402 1423 607 1778
4 2011 1267 1258 924
4 482 1785 1400 1375
4 945 641 968 1825
4 1329 1328 1960 2013
4 1999 1916 900 783
4 1815 1594 525 619
4 132 1425 612 1813
4 1064 2045 1458 1459
4 1419 545 67 1647
4 1493 2027 2040 689
4 115 695 1456 1726
4 564 625 1819 626
4 1822 1640 1117 1116
4 1680 632 1121 1120
4 2045 2031 2024 1438
4 1759 1773 1774 1385
4 685 2020 1440 1455
4 711 744 1130 710
4 1459 707 1064 1463
4 2022 2033 1477 2044
4 1785 482 1781 1375
4 1045 102 1678 1684
4 1464 1720 1723 1718
4 1988 1985 1503 1983
4 205 1477 2022 2041
4 2024 683 2033 386
4 482 1421 1781 1375
4 2009 1320 1321 316
4 682 681 1060 1470
4 1969 907 2003 906
4 1110 1111 150 1829
4 713 182 1837 1997
4 136 679 1835 1732
4 545 71 1647 1419
4 1899 898 765 1897
4 929 150 643 1829
4 1248 1246 1300 1242
4 1300 839 833 1248
4 2032 2042 699 2021
4 1497 1309 2033 386
4 11 295 1814 493
4 1757 1515 883 1378
4 1376 1758 1514 886
4 511 1568 1566 617
4 681 1060 1470 1061
4 2022 1315 736 2028
4 1300 1301 1248 1242
4 839 1300 1301 1248
4 2036 685 2039 2028
4 2010 905 2013 1959
4 2030 2038 172 1441
4 1446 687 171 2037
4 716 183 1494 1991
4 1968 1330 1299 2003
4 479 600 1399 480
4 1619 1621 1816 1115
4 1325 1932 1934 2000
4 1514 1376 1412 487
4 1330 1968 915 1331
4 2039 1479 201 2029
4 2044 1498 1309 1497
4 1454 689 2027 1439
4 1756 7 127 1422
4 705 174 1455 2031
4 2030 173 2039 1440
4 1532 300 894 2015
4 1501 1309 1498 740
4 897 2009 212 896
4 481 1373 1755 601
4 1677 1678 1684 1045
4 2020 2030 2039 1440
4 1648 1639 1849 354
4 600 1777 1399 480
4 2035 1493 193 726
4 1412 1376 1514 886
4 1497 2033 1477 683
4 1390 1378 1757 1391
4 1438 175 2031 2041
4 704 2020 2030 1069
4 1373 481 480 601
4 2026 2027 170 1439
4 624 1827 1662 1823
4 641 1112 1351 1113
4 1802 1798 1428 1806
4 687 1483 197 2037
4 1981 1987 1989 1487
4 1716 1722 1450 1724
4 299 1518 1808 1812
4 1121 1819 1682 1680
4 300 1532 1106 2015
4 1663 1827 1119 1661
4 13 1829 616 615
4 1069 2030 703 1068
4 2027 196 1478 2034
4 376 1676 1683 1045
4 1825 42 27 618
4 475 1422 1756 607
4 924 1351 1322 1323
4 1393 1779 1378 1764
4 836 907 1969 906
4 1821 1691 1123 1122
4 617 1825 27 618
4 899 2011 222 898
4 222 233 2011 899
4 685 2036 1492 2028
4 304 1331 1966 2012
4 1424 1785 1400 482
4 2023 192 1476 724
4 1393 490 1779 491
4 1400 1373 1755 481
4 2022 736 204 1492
4 1793 1101 1092 1811
4 1375 1756 1781 1769
4 1514 1758 488 885
4 1071 2045 387 1463
4 1118 1827 1119 1663
4 1310 1505 2035 726
4 1476 2043 2023 724
4 1397 1396 1782 1398
4 1994 1979 872 1510
4 2024 1458 683 386
4 687 2038 2025 1441
4 1459 1071 2031 706
4 895 1878 1251 2001
4 1314 734 2028 2029
4 1088 12 493 1407
4 1110 1535 1817 1533
4 1692 572 627 1821
4 168 700 2021 699
4 169 700 2021 168
4 685 2039 686 1440
4 2039 1479 685 686
4 1391 1392 1401 1765
4 1541 1550 1707 1539
4 173 704 1440 2030
4 738 1316 2022 2044
4 1768 1375 1396 1392
4 1546 666 1698 665
4 2020 1440 1453 704
4 1755 1373 1400 1765
4 886 1514 1412 487
4 1301 1302 1248 1242
4 1302 839 1301 1248
4 1420 1684 1675 1431
4 1338 1066 2021 2026
4 2019 1483 1489 687
4 2030 2025 1068 1340
4 1514 1758 1376 488
4 861 1509 719 862
4 1112 1351 148 641
4 1425 611 1426 1806
4 1454 2027 689 2021
4 1325 1932 2008 311
4 1619 1826 145 1115
4 1814 889 893 1796
4 1520 892 1518 1808
4 877 1517 1739 1519
4 1489 2038 2029 2019
4 1473 388 1065 2042
4 1371 469 2 1833
4 1774 1759 1381 1089
4 1351 924 1322 314
4 685 2036 2039 2020
4 1756 1398 1422 475
4 1764 1378 1393 1391
4 1809 12 1088 1795
4 2021 1066 1452 2026
4 481 1755 602 601
4 1396 1389 1767 1390
4 1449 703 1441 1068
4 607 1756 475 1402
4 1366 1313 2029 2019
4 2038 2019 687 2037
4 1767 1388 1378 1390
4 1762 1380 1760 1761
4 169 700 1454 2021
4 489 884 1783 1757
4 1479 1491 734 2028
4 174 2036 2031 2041
4 134 628 1415 1832
4 703 172 1441 2030
4 1757 1766 1390 1391
4 1510 872 1994 873
4 1721 1060 1061 1470
4 2007 1529 2017 1318
4 1479 734 201 2029
4 1560 1572 321 1570
4 1496 1483 1489 2019
4 687 2025 2038 2037
4 193 2040 1493 2035
4 642 1565 1567 1112
4 2016 1126 301 1838
4 1812 893 1522 1796
4 1968 1966 1331 2003
4 699 1461 1473 2042
4 907 2012 1967 2003
4 2035 1505 1311 1490
4 1404 1382 1773 1385
4 31 24 517 1570
4 1511 462 2043 1310
4 1572 325 321 1570
4 628 627 572 1821
4 908 2005 909 847
4 1559 517 24 1570
4 1559 1560 321 1570
4 1066 1067 701 2026
4 1529 302 1318 1319
4 1785 1400 1755 481
4 1896 1898 1322 925
4 1134 1858 303 2012
4 1791 1410 1402 1754
4 1070 2020 1455 1453
4 1676 1679 1683 1045
4 2013 2004 1328 1291
4 1758 488 1783 1388
4 1777 1373 1399 480
4 732 1314 1313 2029
4 167 698 1460 1730
4 505 517 24 1559
4 1068 1069 2030 1340
4 1340 1069 2030 1341
4 2035 1505 1490 726
4 24 31 1572 1570
4 1118 1005 142 1642
4 308 1328 1948 1282
4 1313 1365 1312 2019
4 1366 1365 1313 2019
4 1779 1378 490 1393
4 1757 1378 1779 1764
4 681 1060 1061 1474
4 1973 1152 1883 1972
4 492 491 1403 881
4 1572 1560 24 1570
4 1901 1891 1902 1165
4 1483 1496 730 2019
4 1559 954 1571 1570
4 491 882 1403 881
4 1449 2025 1446 702
4 1421 7 127 1781
4 204 2041 2022 2036
4 1438 2024 684 2041
4 1883 1152 1142 1972
4 861 1983 1509 862
4 602 1785 1755 481
4 1068 1339 2025 1067
4 1339 1068 2025 1340
4 1828 138 1121 1682
4 1818 1566 1568 617
4 625 1819 1681 564
4 1691 1054 137 1122
4 1572 31 24 515
4 1560 1572 1569 952
4 243 901 2008 900
4 619 1826 56 620
4 1560 24 507 515
4 769 1902 1891 770
4 1916 1266 1999 900
4 1594 1815 967 619
4 1377 1784 1775 887
4 1492 1315 1491 2028
4 1883 1141 1152 1973
4 483 384 1734 1058
4 488 1758 1376 1388
4 2027 196 2034 2037
4 1682 632 1121 1680
4 1559 24 1560 1570
4 1664 1023 1827 623
4 1571 517 505 1559
4 1987 179 744 710
4 1819 1823 1039 1120
4 1143 1972 1152 1151
4 1571 517 1559 1570
4 702 170 701 2026
4 1342 2020 2031 1070
4 294 1086 1786 1411
4 311 2008 1325 1324
4 1826 1114 145 1115
4 1848 1001 1645 1633
4 1141 1153 1152 1973
4 2040 725 192 2023
4 7 1756 1398 1422
4 1877 927 1319 1320
4 488 1513 1783 1388
4 987 1822 1816 1116
4 906 2010 262 905
4 1326 1274 2006 2000
4 2037 2027 170 2026
4 678 114 597 1719
4 606 1423 1402 1778
4 2018 463 461 2044
4 1477 205 684 2041
4 480 1777 1373 601
4 1266 2008 1999 900
4 1826 967 1815 619
4 24 1560 1572 515
4 8 1087 1414 126
4 8 1087 483 1414
4 1622 341 1614 1613
4 1781 7 1756 1375
4 607 1756 1402 1778
4 1783 1513 489 1388
4 1973 1883 1880 752
4 1392 1391 1766 1765
4 1961 904 2013 1291
4 749 854 750 1974
4 706 90 1472 1071
4 717 184 1988 716
4 771 760 1903 770
4 760 1891 769 761
4 1474 1061 1986 1060
4 1891 760 769 770
4 2005 1859 909 847
4 1756 1398 475 1402
4 1773 1759 1775 1385
4 2027 2040 689 2021
4 1972 1152 1142 1143
4 2038 2039 200 2029
4 901 902 799 2000
4 1816 620 621 537
4 1418 1643 550 1635
4 189 722 1995 1499
4 1108 1831 1370 395
4 1023 1827 1820 1118
4 1298 304 1966 2012
4 1141 1152 1142 1883
4 760 759 771 1903
4 1496 1313 1312 2019
4 1274 1326 1934 2000
4 1621 987 1816 1116
4 2033 1477 684 2041
4 1143 1882 1972 1151
4 749 855 854 1974
4 1282 1328 2004 1291
4 2022 1368 1315 2028
4 1381 1759 1407 1089
4 306 1330 1329 2010
4 685 2036 2020 1455
4 185 717 1988 718
4 1882 1974 1972 1151
4 1375 1785 1400 1768
4 679 111 1832 1836
4 1820 1005 1023 1118
4 1378 490 883 1779
4 1338 1066 1065 2021
4 1085 122 1737 1079
4 476 1402 1374 1754
4 1372 1 467 1109
4 1738 390 1735 1078
4 2003 1330 1299 2010
4 1061 1721 1470 1435
4 760 1888 1903 1891
4 1882 749 750 1974
4 138 1828 1038 1682
4 312 1915 1266 1324
4 1114 146 1593 967
4 1103 1370 1831 395
4 683 1497 2033 386
4 1782 1396 1397 1770
4 1781 1421 7 1375
4 1382 1774 1404 1773
4 2042 699 1461 1437
4 1972 854 1974 1879
4 1511 2043 1500 724
4 1777 1755 1373 601
4 384 1734 9 483
4 52 540 534 1614
4 2020 2030 1069 1341
4 1172 1164 1888 1902
4 1283 1946 309 2006
4 1780 1386 1775 887
4 1299 273 1969 906
4 1117 1640 143 1116
4 903 2004 252 813
4 1816 621 1822 987
4 622 547 69 1820
4 2006 1274 902 2000
4 1134 908 1859 2012
4 908 272 907 2012
4 732 1313 1496 1489
4 1314 1366 1313 2029
4 1314 1367 1366 2029
4 1883 751 853 1879
4 1112 148 1565 1825
4 1392 1768 1400 1765
4 172 2039 2038 2030
4 564 1819 1681 626
4 175 706 1438 2031
4 1858 1332 303 2012
4 1351 657 925 1350
4 1351 657 1350 642
4 702 62 1449 1067
4 1142 1883 1972 1879
4 1623 1614 52 1622
4 1400 1375 1768 1392
4 898 1899 2002 1897
4 642 148 1112 656
4 1425 132 1806 1813
4 314 1896 2011 1322
4 1163 1888 1903 1900
4 625 1819 1823 1039
4 803 795 1927 1936
4 1398 1756 7 1375
4 1032 92 93 1678
4 92 1032 1031 1678
4 701 170 1439 2026
4 1390 1767 1396 1769
4 2034 2035 1364 1311
4 1530 894 287 2007
4 1987 711 1989 1487
4 1800 1804 1520 1808
4 1739 1747 1743 1519
4 1769 1396 1390 1392
4 1336 1309 1335 2033
4 1830 136 679 1835
4 2014 182 1837 713
4 1089 1088 1407 12
4 1115 638 1621 1116
4 1326 1325 921 1934
4 602 1424 1785 481
4 1936 795 1927 1926
4 1623 52 59 1622
4 738 205 1477 2022
4 1891 1172 1888 1902
4 1077 1735 9 384
4 2034 2035 1311 1490
4 1927 1935 803 1936
4 314 925 1322 656
4 1374 605 476 1754
4 1903 1888 1164 1902
4 875 712 181 1488
4 111 1451 574 598
4 1571 938 954 1559
4 515 507 1560 1569
4 620 1816 1826 1620
4 1933 901 2000 2008
4 1423 476 606 1402
4 1633 1645 1848 351
4 206 738 1512 1316
4 788 1910 1920 1921
4 196 1478 2034 728
4 1331 304 1332 2012
4 787 1910 788 1921
4 996 338 980 979
4 1402 476 606 1754
4 1921 1910 1183 1184
4 1644 1634 1012 1850
4 1622 1614 52 1613
4 1122 1828 138 1121
4 2028 1367 1314 2029
4 622 1822 1641 1820
4 1818 946 1829 1568
4 2038 686 200 2039
4 2006 1947 2004 903
4 686 2038 172 2039
4 1067 1066 1338 2026
4 1375 1781 1785 1768
4 689 688 2027 1439
4 894 895 287 2007
4 529 38 45 1597
4 1882 1972 1879 1143
4 2012 1298 272 1967
4 953 939 938 1558
4 1820 1827 1023 623
4 1879 1972 1142 1143
4 8 483 1058 1468
4 1398 1782 1397 1402
4 1646 1417 543 1632
4 1680 1039 139 1120
4 856 1970 855 748
4 1766 1767 1757 1390
4 341 994 982 1613
4 759 760 1888 1903
4 716 1988 717 718
4 938 1571 1558 1559
4 2013 904 2004 1291
4 516 506 1558 505
4 1316 1368 2022 1369
4 622 621 70 1822
4 903 2006 253 902
4 917 1328 1960 1329
4 1639 1849 354 1010
4 1335 2024 386 1334
4 1064 386 2024 1334
4 1438 684 175 2041
4 769 1891 1901 761
4 1829 946 28 1568
4 477 605 476 1374
4 1749 1741 1085 1745
4 1748 1744 1740 393
4 1740 1744 1748 1081
4 940 1560 1569 952
4 1500 2043 1476 724
4 1401 1762 1764 1765
4 1813 1794 1103 1090
4 1902 1891 1172 1165
4 2038 200 1489 2029
4 1418 73 1643 1635
4 3 1103 1370 468
4 738 1316 1315 2022
4 387 1064 707 1463
4 52 59 540 1623
4 1389 1396 1767 1769
4 1401 1400 1373 1765
4 759 771 1903 1900
4 2027 1478 688 689
4 1165 1901 1891 1171
4 836 1969 907 1967
4 1614 52 540 1623
4 1692 112 1828 627
4 1221 1222 1941 1217
4 388 1473 1461 2042
4 1903 1888 759 1900
4 1173 1162 1174 1890
4 1557 940 951 941
4 1881 1970 1974 1150
4 1118 1119 634 1663
4 1166 1889 1171 1170
4 568 105 1729 596
4 1535 1109 644 1110
4 1172 1164 1902 1165
4 1809 1106 493 397
4 1809 493 12 397
4 515 1560 1572 1569
4 1973 1883 752 853
4 1030 367 1667 1658
4 1914 1923 236 1270
4 1972 853 854 1879
4 294 1786 881 1411
4 1859 2005 908 847
4 1337 1338 1065 2021
4 681 682 1060 1474
4 751 752 1883 853
4 1756 127 7 1781
4 2034 1311 1312 728
4 1917 1267 2011 313
4 1761 1762 1380 1405
4 1390 1766 1767 1769
4 1145 1970 1150 1149
4 1290 306 1958 2010
4 1753 126 1737 599
4 1755 1400 1785 1765
4 678 597 1451 1719
4 1435 1470 1061 681
4 1832 111 1415 1836
4 1758 1770 1389 1767
4 1817 1534 1536 615
4 147 1595 968 1825
4 2027 1493 1478 689
4 1454 700 1452 2021
4 625 624 83 1823
4 853 750 854 1879
4 1778 1402 606 1754
4 553 1666 85 554
4 483 1087 394 1395
4 1768 1396 1375 1769
4 1560 1569 1557 940
4 772 1890 759 758
4 1350 658 316 1349
4 1350 658 1349 150
4 1927 1935 1926 1207
4 2005 1859 908 2012
4 1902 1891 1901 769
4 77 705 1467 1070
4 1163 1173 1888 1900
4 1764 1766 1757 1391
4 112 1828 1054 1692
4 1118 1820 1005 1642
4 2004 1948 1328 1282
4 1222 1216 1941 1217
4 498 1538 1706 499
4 1901 1889 1891 1171
4 1032 368 1031 1676
4 368 1032 369 1676
4 1586 1583 1604 1599
4 855 749 1881 1974
4 674 1712 1541 675
4 753 851 1971 852
4 1150 1974 1882 1151
4 2002 1259 1899 2009
4 1769 1390 1766 1392
4 750 853 751 1879
4 1571 953 938 1558
4 1542 161 154 672
4 2039 733 201 686
4 1758 488 885 1783
4 400 182 1837 2014
4 1835 1830 136 398
4 905 2010 262 1959
4 505 1558 1571 1559
4 579 1547 1700 1701
4 1389 1397 1396 1770
4 1634 1644 355 1850
4 295 11 1792 493
4 89 1030 1668 1657
4 1153 1141 1880 1973
4 1890 1888 1173 1900
4 1402 1782 1397 1778
4 1476 1317 2043 1500
4 462 2043 1500 1511
4 618 1825 42 1596
4 1417 1646 66 1632
4 507 514 508 1557
4 1053 1038 138 1693
4 1681 1828 1038 626
4 938 954 953 1571
4 1889 762 768 761
4 490 882 1779 491
4 1602 1597 45 1588
4 1881 1970 1150 1145
4 1406 1792 11 493
4 467 1824 1372 1109
4 461 1309 1501 740
4 1070 1455 705 1453
4 1259 223 1899 2009
4 1639 1849 1010 353
4 899 233 2011 1918
4 1910 1919 1909 1190
4 105 709 1729 1719
4 1150 1144 1881 1145
4 242 799 902 2000
4 621 55 1816 537
4 394 1087 1761 1395
4 1400 1785 1424 481
4 1774 1382 1379 1381
4 1449 62 542 1067
4 1767 1378 1757 1390
4 1394 1380 1762 1405
4 1338 1339 1067 2026
4 1569 1557 940 951
4 480 600 1777 601
4 1901 1889 1171 1166
4 564 1681 97 626
4 1109 1372 1 1108
4 1388 1378 1757 1767
4 572 1692 1690 1821
4 1489 2038 2019 687
4 1947 252 2004 813
4 1024 1655 1665 363
4 128 1090 1409 468
4 1641 69 547 1820
4 1171 1165 1901 1166
4 952 1569 940 951
4 484 1086 1736 1751
4 1770 1389 1397 1408
4 1368 1316 2022 1315
4 1071 1070 2031 706
4 1647 999 67 1638
4 2040 193 1493 689
4 521 1583 38 529
4 687 172 2038 1441
4 120 8 1058 1468
4 852 1971 753 752
4 1505 865 1310 1311
4 1065 1466 1066 588
4 1537 577 502 501
4 483 394 9 1395
4 778 1910 1908 1920
4 2031 175 174 2041
4 1391 1764 1766 1765
4 1729 568 596 595
4 1437 1461 2042 1072
4 34 1715 1462 698
4 349 1650 998 1637
4 1882 1881 749 1974
4 1784 1377 486 887
4 1883 1880 1141 1973
4 2007 1251 911 1319
4 1767 1770 1389 1769
4 778 1910 788 787
4 1374 1402 1410 1754
4 1216 1949 1941 1217
4 1764 1394 1762 1401
4 778 1910 787 779
4 1389 1376 1758 1388
4 1506 736 203 1315
4 1063 1480 182 680
4 136 1063 680 1442
4 817 810 1949 816
4 2012 272 907 1967
4 1761 1380 1760 394
4 1971 1880 753 752
4 1828 1054 1691 1122
4 1311 1364 2034 1312
4 778 1910 1920 788
4 180 1984 711 874
4 1792 11 485 1406
4 1757 1378 1764 1391
4 1766 1390 1391 1392
4 704 76 1453 1069
4 585 586 21 1728
4 863 862 187 1993
4 1090 1089 1379 3
4 1234 1229 1963 1230
4 95 1033 1675 562
4 983 341 1614 993
4 394 1761 1380 1395
4 181 1859 2016 713
4 1299 262 273 906
4 1378 883 1757 1779
4 1987 711 178 710
4 1190 1183 1910 1184
4 672 154 1542 667
4 1768 1375 1781 1769
4 1760 1394 1763 1403
4 1890 759 1888 1900
4 1118 141 1023 1663
4 307 1960 1328 1291
4 2031 1342 1071 1343
4 1088 493 12 1809
4 1550 675 1541 1707
4 1380 1761 1405 1395
4 169 690 168 2040
4 1491 736 1315 1492
4 1910 1191 1183 1190
4 541 1622 52 533
4 1068 2025 1449 1067
4 2023 1346 1317 1345
4 9 483 1457 1733
4 1788 1404 1774 1773
4 1928 796 239 1940
4 1143 1144 1882 1151
4 1388 1758 1389 1767
4 2013 1328 1960 1291
4 1399 1787 1373 1777
4 517 516 1571 505
4 1922 1269 424 1913
4 1251 2001 1877 1319
4 1755 1373 1765 1787
4 1323 1917 2011 313
4 1547 1541 1707 1539
4 1987 744 711 710
4 1092 1809 1810 1101
4 198 730 1496 1312
4 1595 147 1113 1825
4 777 1912 230 1925
4 1103 3 1370 395
4 436 1939 1929 1208
4 1936 1935 1201 1926
4 1915 2008 1266 1324
4 967 1593 1114 1826
4 1926 1935 1201 1207
4 810 817 1949 809
4 704 1453 2020 1069
4 393 1085 1734 1740
4 940 321 1560 952
4 1542 672 1709 1540
4 1368 1367 1315 2028
4 1315 1367 1314 2028
4 507 515 514 1569
4 707 176 1458 1064
4 577 1537 1702 1697
4 55 1816 537 1620
4 799 242 1933 2000
4 1821 1054 1692 1691
4 1087 126 1789 1414
4 919 308 1327 1948
4 2035 1310 1364 1311
4 636 142 1642 1117
4 1410 1791 1404 1374
4 1675 1429 561 1431
4 1891 1172 1165 1171
4 1968 1966 915 1331
4 697 166 1443 1730
4 802 796 795 1936
4 305 1968 1330 1299
4 1312 730 1496 2019
4 722 190 1980 1502
4 181 2016 1523 1524
4 1150 1882 1144 1151
4 1038 97 1681 626
4 141 634 1663 1118
4 307 917 1328 1960
4 1077 9 1735 484
4 111 679 1725 1836
4 1494 1991 183 715
4 115 1456 575 1726
4 1182 1192 1191 1908
4 605 606 476 1754
4 1065 587 388 1473
4 462 1511 864 1310
4 1344 389 2032 1072
4 389 1344 2032 1345
4 1919 1909 1190 1189
4 752 852 1973 853
4 1401 1392 1400 1765
4 202 734 1491 1314
4 1088 295 1792 493
4 239 1928 1940 1271
4 1309 1335 2033 386
4 1394 1764 1391 1401
4 700 48 1466 1065
4 1967 1969 907 2003
4 49 701 1066 589
4 1702 1542 1709 1540
4 2024 2033 1335 386
4 1639 1648 1009 354
4 1379 1774 1381 1089
4 688 170 2027 1439
4 128 1090 1790 1409
4 616 1829 28 1568
4 553 85 1666 559
4 1018 1665 363 1028
4 769 1901 768 761
4 577 1537 1697 501
4 1881 1970 855 1974
4 1569 507 1560 1557
4 1891 1889 1901 761
4 1720 1075 1076 692
4 1985 1076 1075 692
4 1172 1164 1163 1888
4 1888 1164 1163 1903
4 1377 486 485 1784
4 1485 742 209 1996
4 1245 1246 1248 458
4 833 834 274 1300
4 1246 455 1247 1300
4 832 1248 833 277
4 1539 1550 1713 1542
4 1761 1787 1399 1777
4 1912 1264 230 1925
4 1086 394 1760 1380
4 77 1070 1467 552
4 1506 203 735 1315
4 1476 389 691 690
4 389 691 690 1437
4 1489 200 732 2029
4 778 1908 777 1920
4 170 2027 2037 688
4 1379 3 468 1090
4 1451 1725 111 679
4 1990 1488 181 713
4 1675 1033 1035 562
4 1317 389 2023 1345
4 978 328 337 1605
4 978 328 1605 957
4 1058 483 8 1737
4 1365 2034 1364 1312
4 1778 1791 1402 1754
4 1828 1681 1819 626
4 1964 829 828 1956
4 2011 1258 1896 314
4 1314 734 1491 2028
4 2025 1449 1067 702
4 1003 353 1849 1639
4 1446 1441 2025 1449
4 1437 2032 389 1072
4 1908 1183 1182 1920
4 103 1046 102 1678
4 2009 223 1899 897
4 1794 612 1427 1813
4 1409 2 128 468
4 1775 486 1377 887
4 1999 2008 1266 1915
4 967 1815 1593 1826
4 321 954 938 1559
4 1282 2004 904 1291
4 1189 1924 1911 427
4 678 114 1451 597
4 945 1565 148 1825
4 1023 1827 1118 1663
4 1973 1880 1153 1971
4 786 1923 236 1914
4 1058 483 384 1733
4 1046 102 1678 1045
4 1070 2031 1342 1071
4 1881 749 855 748
4 1309 740 208 1497
4 624 1662 83 1823
4 1353 655 923 1352
4 1353 655 1352 640
4 1377 486 1775 1386
4 1927 804 794 795
4 1314 1491 1315 2028
4 188 1481 1995 720
4 1667 367 361 1658
4 759 771 1900 772
4 177 708 1444 1731
4 1909 780 786 779
4 1092 1810 1811 1101
4 1583 1597 1600 1588
4 787 1919 786 1909
4 796 795 1936 1926
4 38 45 1597 1588
4 104 1714 1447 708
4 866 1311 195 728
4 885 488 1513 1783
4 1675 1035 96 562
4 1022 83 1823 1039
4 1935 1208 1200 1207
4 2010 1290 262 1959
4 726 194 1310 1505
4 1202 1206 1926 1207
4 1480 182 713 1997
4 679 136 1442 1732
4 516 1558 1571 505
4 898 1258 222 1897
4 1317 389 1476 2023
4 736 738 1315 2022
4 1790 1379 1090 1774
4 1328 1948 1327 308
4 529 1583 38 1597
4 142 1118 1642 1117
4 1389 1388 1767 1390
4 1566 945 27 617
4 520 1581 1603 519
4 1942 1221 1941 1951
4 1364 1310 2035 1363
4 933 1711 160 1551
4 522 1607 528 527
4 1929 1939 436 1272
4 1782 1756 1398 1769
4 1734 390 1735 393
4 1697 577 501 578
4 989 57 1616 535
4 999 67 545 1647
4 427 1924 1911 1263
4 1229 1963 1293 1292
4 329 1605 1589 961
4 1023 1005 1820 623
4 394 1380 9 1395
4 1079 1740 1734 1085
4 1808 296 1812 1518
4 1935 1927 1208 1207
4 1602 1600 1597 1588
4 1542 1699 1702 1709
4 1054 1828 137 1122
4 1447 105 1729 568
4 1453 76 552 1069
4 1491 202 1314 735
4 1881 855 1970 748
4 1141 1140 1153 1880
4 500 118 17 1701
4 589 701 1066 1067
4 1248 1243 458 1242
4 455 1241 1300 1242
4 839 274 838 1300
4 277 1248 839 840
4 600 1399 1789 479
4 1707 1700 1547 1539
4 199 1313 1496 732
4 154 1699 1542 667
4 0 613 469 1371
4 706 1070 2031 705
4 1684 1042 100 1675
4 266 829 828 1964
4 1650 349 1000 1637
4 1387 1772 1397 1408
4 822 828 829 1956
4 1650 349 998 348
4 105 709 1447 1729
4 1229 448 1963 1230
4 626 1828 97 627
4 1986 1485 1474 1060
4 1524 181 2016 713
4 9 1998 1077 384
4 483 9 384 1733
4 147 640 1113 655
4 313 923 655 1323
4 295 11 485 1792
4 335 976 331 1600
4 1927 1935 804 803
4 263 904 1961 1291
4 1011 1648 1639 1849
4 666 676 673 1703
4 282 908 1859 1134
4 1766 1768 1392 1765
4 1812 1808 299 1100
4 1791 1788 1404 1374
4 981 1616 53 535
4 1859 2005 1134 2012
4 834 271 274 1300
4 268 1248 832 277
4 1248 453 1245 458
4 1597 1604 1583 1599
4 1201 1936 1926 1202
4 49 701 1452 1066
4 1768 1785 1400 1765
4 1745 1749 1741 1433
4 1100 1809 1807 1101
4 376 1676 1045 377
4 1058 8 120 1737
4 1875 2009 1250 316
4 1379 1790 1409 1383
4 1711 934 160 159
4 933 1711 934 160
4 1922 424 1182 1913
4 1600 1584 1583 1588
4 1979 1485 1986 1996
4 1490 1493 2035 726
4 49 1452 532 1066
4 1311 727 195 1490
4 1507 484 1077 288
4 2001 896 1878 1876
4 1046 377 1045 1676
4 1262 1892 1167 1176
4 947 950 1561 949
4 1758 1376 1780 886
4 1394 1760 1380 1403
4 1664 1827 1662 624
4 1725 1451 111 598
4 181 875 1488 1990
4 694 1073 9 1457
4 694 9 1073 1495
4 1001 1011 1848 1645
4 1634 1633 1644 1632
4 1700 1707 1701 1539
4 452 447 1955 1234
4 1900 1890 759 772
4 1398 1396 1782 1769
4 1940 1271 1195 793
4 514 507 1569 1557
4 2037 170 171 2026
4 326 956 1574 955
4 1764 1391 1401 1765
4 1889 768 1901 761
4 703 704 2030 1069
4 144 987 1621 1116
4 1934 310 1326 1274
4 2037 2027 196 688
4 1599 1586 1583 1582
4 1373 1401 1765 1787
4 1664 84 1023 623
4 1185 1919 1190 1189
4 1311 866 1312 728
4 1633 1635 1643 1632
4 1689 1830 1821 1123
4 489 884 1513 1783
4 1933 242 1274 2000
4 55 1816 1620 987
4 1823 1022 1039 1120
4 366 1030 1667 1029
4 1030 88 1668 1029
4 331 976 960 1600
4 1542 1702 1548 1540
4 543 1417 1646 551
4 1163 1173 1172 1888
4 1984 711 1989 1987
4 795 803 802 1936
4 1465 1721 1444 1714
4 1939 1209 436 1272
4 360 1655 1017 1020
4 1605 329 337 961
4 1384 1759 1382 1385
4 580 1547 1700 579
4 1002 999 545 1647
4 486 888 485 1784
4 1282 252 2004 1947
4 1005 69 1641 1820
4 1924 427 1188 1263
4 1376 1412 1780 886
4 1014 348 357 1650
4 1386 486 1775 887
4 829 267 822 1956
4 993 1614 1623 345
4 1397 1772 1770 1408
4 701 1452 2026 1439
4 2016 1859 181 909
4 2036 685 174 1455
4 1822 70 622 1641
4 253 1947 2006 903
4 789 778 777 1920
4 1690 628 572 1821
4 1786 1403 882 881
4 747 1885 1252 1253
4 453 1237 1248 1245
4 1300 834 271 1297
4 1248 268 832 1237
4 947 943 322 942
4 1176 1169 413 1157
4 1156 1148 405 1135
4 286 857 1308 1252
4 1524 1523 910 1838
4 1495 9 1998 484
4 1490 195 1311 728
4 1919 1190 1184 1185
4 196 2027 1478 688
4 1485 1486 1979 1986
4 1613 52 1622 533
4 963 973 962 1582
4 1038 1828 97 626
4 1975 410 1146 1156
4 993 341 1614 345
4 282 272 908 2012
4 0 614 613 1824
4 973 974 962 1582
4 1437 2042 2032 1072
4 35 699 1473 1065
4 929 1533 150 1829
4 1941 1949 809 810
4 1537 1702 1697 1705
4 415 1161 1260 1893
4 1548 1549 1708 1542
4 1317 1499 389 1995
4 389 1730 1460 1072
4 267 259 822 1956
4 204 685 2036 1492
4 1777 1399 1789 600
4 1234 1962 1231 1230
4 1148 405 410 1156
4 857 286 214 1252
4 1414 126 1789 479
4 1063 680 1442 1716
4 1063 1981 1480 680
4 1275 2008 1932 311
4 145 988 1826 1619
4 118 500 579 1701
4 1006 1822 621 987
4 2006 1274 1283 902
4 418 1169 413 1176
4 943 322 323 947
4 1485 1986 1996 1060
4 1271 1940 239 793
4 252 904 2004 903
4 1507 10 484 288
4 589 1066 49 532
4 1311 195 727 866
4 44 1607 971 527
4 1646 1644 1643 1632
4 896 2009 212 1876
4 1963 448 1229 1293
4 1388 1783 1758 1767
4 222 2011 1258 898
4 1740 390 1734 393
4 898 2011 1258 1897
4 1825 27 945 617
4 1149 410 1146 1975
4 670 668 1545 669
4 1566 1825 945 617
4 1633 1643 1645 1644
4 1828 1054 1692 1821
4 1769 1768 1396 1392
4 1419 1647 1638 544
4 1191 1183 1182 1908
4 1479 1492 1491 2028
4 1435 1721 1465 709
4 851 747 215 1885
4 1161 415 1174 1893
4 742 210 461 1510
4 1388 1757 1783 1767
4 1770 1772 1771 1408
4 1541 1546 1712 674
4 539 1616 57 534
4 1823 1662 83 1022
4 1300 1246 455 1242
4 458 1246 1248 1242
4 839 833 274 1300
4 1248 839 833 277
4 1469 1720 1075 1723
4 1075 1985 1508 1988
4 2013 905 1961 1959
4 1649 551 74 1636
4 1675 1042 100 566
4 1583 521 1586 1604
4 1603 530 520 519
4 1766 1768 1769 1392
4 532 589 1066 588
4 1311 727 865 866
4 1920 789 778 788
4 539 58 1625 540
4 13 1534 1829 615
4 711 1488 1989 1487
4 366 1030 367 1667
4 1030 88 89 1668
4 1111 1567 149 946
4 950 941 1561 324
4 1167 1170 1892 417
4 1735 1734 394 384
4 2043 1317 1476 2023
4 914 1361 303 647
4 647 1361 137 631
4 12 493 1531 2017
4 2020 1440 1455 1453
4 1625 1616 539 534
4 991 58 1625 539
4 446 1235 447 1289
4 8 583 575 1468
4 464 1071 2045 387
4 1071 464 2045 1343
4 1715 21 586 1728
4 1980 863 187 1993
4 903 1947 2004 813
4 1820 69 622 623
4 547 622 1641 1820
4 99 1040 1675 566
4 199 1313 731 1496
4 1892 418 1167 1176
4 323 950 1561 947
4 287 911 1530 2007
4 1790 1379 1774 1383
4 1765 1401 1762 1787
4 0 1371 467 1824
4 521 1583 529 1604
4 1885 747 215 1253
4 1259 1321 1898 315
4 874 711 180 1488
4 882 883 490 1779
4 1819 625 1681 1039
4 1071 387 594 1463
4 871 1316 1501 461
4 975 1598 1585 976
4 959 1590 39 523
4 1590 43 969 527
4 1108 470 3 1370
4 389 2023 1345 2032
4 1310 1511 191 724
4 701 1452 1066 2026
4 668 1705 1545 669
4 1245 1295 1246 459
4 270 834 833 1296
4 1247 460 1246 1296
4 832 833 1295 269
4 1724 1451 597 1719
4 2015 894 1530 2007
4 931 932 676 1703
4 1622 52 59 541
4 1802 1428 131 1806
4 449 1231 1962 1230
4 1200 1201 1935 1207
4 463 1316 2044 1369
4 1316 463 2044 461
4 2032 2023 2040 690
4 1402 1397 1410 1778
4 1490 2034 1478 728
4 301 1523 2016 1838
4 829 1964 1294 1236
4 873 1984 211 874
4 1675 1040 1042 566
4 1597 1601 1587 1600
4 465 1337 388 2042
4 911 287 895 2007
4 1404 1788 1383 1374
4 1292 1965 827 1957
4 1909 786 787 779
4 1701 17 500 1539
4 950 1561 941 323
4 418 1170 1892 1167
4 1711 159 160 669
4 1333 1860 2014 2005
4 47 978 46 1592
4 941 1573 1561 324
4 1170 1904 1892 417
4 1472 1071 1459 706
4 1546 1541 1698 1538
4 707 1064 1458 1459
4 495 614 1536 615
4 1027 1665 1026 364
4 558 1666 86 1026
4 795 1927 804 803
4 568 1729 1447 595
4 493 1106 2017 397
4 2017 12 493 397
4 1053 1693 138 1840
4 1027 1024 1665 363
4 85 1666 558 1024
4 1698 1541 1546 1712
4 1832 1107 679 1836
4 1964 266 829 1294
4 1350 1112 1351 642
4 49 701 589 1067
4 355 1645 1634 351
4 70 547 622 1641
4 903 253 1947 813
4 522 43 39 1590
4 1539 1713 1701 1542
4 1645 1633 1634 351
4 1617 983 1614 1626
4 1202 1926 1201 1207
4 676 163 931 1703
4 663 153 662 1703
4 502 577 1537 1702
4 1698 1710 1543 1538
4 339 347 1615 982
4 1409 128 478 1790
4 1397 1772 1410 1778
4 1702 1548 1708 1699
4 600 1789 126 479
4 1547 1706 499 580
4 1576 1563 1558 506
4 1428 611 131 1806
4 973 1599 974 1582
4 1598 1584 1600 1602
4 1350 1322 925 1351
4 317 1251 1877 1319
4 1562 319 327 939
4 389 2023 2032 690
4 1217 1941 1221 1951
4 604 1413 477 478
4 1174 415 420 1893
4 410 1149 411 1975
4 214 851 285 1976
4 66 73 1635 1646
4 882 1763 1403 1786
4 53 57 1616 534
4 354 1009 1639 1010
4 1644 355 1645 1634
4 1825 968 42 1596
4 462 466 2043 1363
4 336 1605 961 975
4 111 121 1415 1839
4 1828 112 97 627
4 1635 73 1643 1646
4 180 712 874 1488
4 114 1451 597 574
4 1949 1950 1216 1941
4 1217 1949 1941 1951
4 1108 1370 3 395
4 91 707 1463 387
4 1646 1635 66 1632
4 1026 1024 1665 1027
4 1666 558 1024 1026
4 1984 211 744 1504
4 232 1266 1916 900
4 967 41 1594 619
4 1072 465 2042 1344
4 896 895 1878 745
4 1715 34 1462 586
4 190 863 1980 1502
4 1077 1998 9 484
4 1954 450 451 1234
4 320 941 1561 323
4 1892 1170 418 419
4 1267 2011 233 1918
4 75 1014 74 1636
4 1598 1585 1584 1581
4 1411 294 492 881
4 1077 484 1736 288
4 1584 331 960 1600
4 287 859 894 1530
4 1644 1633 1643 1632
4 223 1259 1250 2009
4 1613 533 1627 1618
4 2039 172 173 2030
4 593 706 1071 90
4 1410 1791 1402 1778
4 1822 621 70 1006
4 1399 1789 1761 1777
4 2006 1283 253 902
4 1701 1547 1700 1539
4 676 666 163 1703
4 650 1328 917 1329
4 929 13 1534 1829
4 99 1675 1420 566
4 715 10 1507 860
4 126 120 1737 599
4 128 604 478 1790
4 1469 693 1436 1075
4 1508 693 1075 1475
4 28 13 1829 616
4 104 1714 595 1447
4 1250 212 223 2009
4 89 88 87 1668
4 367 365 366 1667
4 302 912 1318 660
4 457 1243 1302 1242
4 1241 456 1301 1242
4 839 838 275 1301
4 840 1302 839 276
4 37 958 36 1592
4 1681 625 98 1039
4 1512 738 1498 1316
4 551 543 75 1636
4 1312 866 195 728
4 1134 2005 1858 2012
4 1699 1701 1713 1542
4 1722 1450 1062 1716
4 1487 1981 1987 1062
4 111 1832 1690 679
4 1498 740 1309 1497
4 1814 295 889 1796
4 1828 1054 1821 1691
4 1770 1782 1396 1769
4 581 498 497 1543
4 1154 1886 1977 1971
4 711 1129 178 1130
4 1129 1134 303 1128
4 1301 1300 1241 1242
4 1243 1248 1302 1242
4 1248 1302 839 840
4 838 839 1300 1301
4 582 119 1710 662
4 1981 1480 1997 1063
4 1442 1732 1063 1716
4 1706 1538 1547 499
4 650 1119 634 1118
4 1265 1268 234 1925
4 1890 1907 1895 758
4 356 1014 1650 1013
4 356 1014 357 1650
4 336 978 337 1605
4 336 978 1605 977
4 1283 309 1326 2006
4 1399 1414 1789 479
4 1826 988 56 1620
4 2008 1933 243 1275
4 333 972 1591 969
4 1591 330 965 959
4 1948 1946 1947 2006
4 2009 1250 212 1876
4 932 497 16 1543
4 367 361 365 1667
4 1822 1641 1642 1640
4 2042 1461 388 1072
4 1978 1887 1970 856
4 1318 2017 12 912
4 501 18 1544 578
4 1396 1389 1770 1769
4 671 668 1545 670
4 1387 1771 1772 1408
4 1337 1065 388 2042
4 1498 1501 1512 1316
4 1459 1071 1472 1463
4 549 72 1009 1647
4 1275 243 2008 1266
4 1817 930 1535 1109
4 1500 1317 2043 462
4 2009 212 223 897
4 1445 1723 1717 695
4 1776 477 1413 1374
4 1542 672 667 1709
4 540 1625 539 534
4 1393 1394 1764 1391
4 1952 1941 809 1945
4 80 79 89 1657
4 461 1501 207 740
4 1352 1353 1324 923
4 1114 640 1353 1352
4 998 64 65 1636
4 1731 1444 1721 1714
4 902 1274 242 2000
4 621 1816 55 987
4 1127 713 1837 1997
4 679 1835 1732 1059
4 206 738 1316 870
4 731 1312 198 1496
4 1009 1007 1639 1010
4 1699 1548 1708 1542
4 1584 1583 1587 1600
4 1597 1583 38 1588
4 732 734 1314 2029
4 528 1607 44 527
4 1639 1001 1011 1849
4 1736 484 10 288
4 530 1603 531 519
4 1584 1602 1581 1588
4 1064 464 1334 2045
4 847 908 1859 282
4 350 1639 999 1003
4 461 1979 742 1510
4 155 159 1711 669
4 1731 1060 1721 1470
4 497 932 931 1543
4 1419 549 71 1647
4 528 1586 521 1604
4 1655 1665 363 1018
4 909 1859 181 847
4 1002 353 1639 1007
4 1699 1702 1548 1542
4 1377 485 1406 1784
4 1471 1718 1726 584
4 1991 1983 1509 861
4 1445 1723 695 157
4 153 163 666 1703
4 1007 1639 1010 353
4 1123 136 1830 398
4 1996 741 209 386
4 1311 2034 1490 728
4 182 400 1333 2014
4 1134 282 908 2012
4 987 1006 1822 1116
4 1310 462 2043 1363
4 1274 1283 1326 2006
4 12 494 1318 912
4 953 1574 326 939
4 1957 827 822 828
4 385 136 1835 1732
4 1997 182 1837 385
4 699 1473 1065 2042
4 674 665 1712 664
4 1712 674 664 675
4 1724 1451 598 574
4 1488 875 712 1989
4 1583 529 1604 1597
4 1967 2012 1966 2003
4 294 1751 1736 876
4 994 1624 346 982
4 439 1215 1943 1222
4 1218 1942 1221 442
4 367 359 361 1658
4 1218 1224 1942 442
4 1215 439 1943 1284
4 1000 1012 1634 1850
4 436 431 1939 1208
4 1772 1410 1791 1387
4 1007 71 549 1647
4 1007 549 1009 1647
4 1698 1541 1712 1700
4 1772 1773 1771 1387
4 1067 702 701 2026
4 1410 1791 1374 1754
4 1192 424 1181 1913
4 836 907 272 1967
4 723 863 462 864
4 388 518 587 586
4 822 260 264 1957
4 1543 1552 1698 1538
4 1350 1112 642 1111
4 1346 2043 1317 462
4 1982 1988 1482 716
4 2032 2040 168 690
4 2017 1531 12 912
4 620 1826 56 1620
4 901 1933 243 2008
4 1762 1760 1394 1763
4 1474 1987 744 1986
4 63 1449 542 1068
4 550 544 1418 1635
4 1941 1944 1953 810
4 98 625 1681 564
4 1732 1063 136 1442
4 1997 1480 182 1063
4 1988 1482 184 1982
4 1445 1723 157 1717
4 1174 1162 416 1905
4 1283 253 1947 2006
4 70 1822 1006 1641
4 1474 1061 1987 1986
4 719 1484 187 862
4 1448 21 585 504
4 21 697 1448 1728
4 613 1371 1824 1833
4 1538 1543 498 1706
4 1639 1002 999 1003
4 409 1145 1149 1884
4 1838 2016 1126 713
4 1660 554 81 1017
4 1336 1309 2033 2044
4 1088 1406 1759 1407
4 1755 1373 1787 1777
4 1535 930 151 1109
4 1536 614 14 930
4 1914 236 780 790
4 451 1954 1287 1233
4 993 1614 983 1626
4 1683 1674 1040 1679
4 1575 1564 508 1557
4 1063 1062 1981 680
4 680 1063 1062 1716
4 45 38 531 1588
4 444 439 1943 1222
4 442 1942 1221 443
4 1906 1894 762 1889
4 1537 1548 502 1702
4 1558 1576 506 516
4 1012 1650 357 1000
4 1447 104 568 595
4 1774 1404 1788 1383
4 397 2017 12 1318
4 57 53 1616 535
4 1714 1447 1729 595
4 1979 461 872 1510
4 993 992 344 1626
4 1940 246 802 805
4 1001 1645 1633 1639
4 1350 1322 1321 925
4 706 77 1070 705
4 468 1833 2 1103
4 63 703 1449 1068
4 215 753 851 1885
4 686 2039 173 1440
4 1931 801 244 794
4 2 128 478 1409
4 1404 1774 1382 1383
4 1988 184 1482 716
4 222 765 898 1897
4 939 1574 1562 1558
4 132 1806 1813 1102
4 1725 111 121 598
4 1573 941 951 324
4 201 1479 2039 686
4 1170 1166 1904 417
4 521 522 1586 528
4 494 1105 12 1318
4 1704 19 117 578
4 1907 225 767 758
4 30 508 1575 513
4 593 706 1070 1071
4 1906 226 762 773
4 511 1566 27 617
4 2038 1489 200 687
4 1549 1539 1701 1542
4 1602 1598 1584 1581
4 856 1887 216 754
4 1064 2024 2045 1334
4 244 240 1931 794
4 1139 1886 1154 408
4 1414 8 126 479
4 905 825 904 1961
4 2013 1958 2010 1959
4 1799 1803 1091 1807
4 1807 1799 1803 1092
4 1738 1746 1742 1080
4 1742 1746 1738 393
4 1801 1797 1805 1098
4 1797 1805 1093 1801
4 104 1714 387 595
4 296 1808 1520 1518
4 1199 432 1939 1200
4 21 697 1728 1715
4 1763 1394 1393 1403
4 550 1643 1647 1635
4 680 1063 136 661
4 1063 182 714 680
4 1129 711 1249 1130
4 1134 1129 1305 1128
4 711 1249 842 848
4 1134 846 1305 848
4 1722 1721 1435 709
4 506 1576 32 516
4 810 1953 1949 816
4 1203 1930 1206 434
4 822 264 827 1957
4 1585 961 975 960
4 105 596 1719 1729
4 827 1965 1293 265
4 796 247 239 1940
4 1181 423 1192 1913
4 296 1808 1800 1520
4 1914 780 237 790
4 349 1650 1000 357
4 1541 1707 1700 1547
4 851 1976 1885 1971
4 1397 1410 1772 1387
4 1592 1603 1608 520
4 1038 1828 1681 1682
4 992 993 983 1626
4 1823 1827 1662 1661
4 434 1930 1206 435
4 1791 1410 1772 1778
4 181 1524 1990 713
4 217 1978 284 856
4 1154 412 1977 407
4 762 227 219 1894
4 508 29 25 1564
4 1895 224 220 758
4 1886 1154 1140 1971
4 1563 33 23 506
4 780 237 229 1914
4 423 428 1192 1913
4 1084 393 1735 1738
4 1371 0 613 1824
4 1832 628 111 1690
4 1907 1890 772 758
4 976 1585 975 960
4 1107 1832 1834 1836
4 1993 1484 187 720
4 533 51 61 1618
4 1293 1292 1965 827
4 1231 1962 1294 449
4 543 1646 1632 1636
4 1450 1442 680 1716
4 1487 1480 1981 680
4 2023 192 2040 690
4 126 120 8 1737
4 1598 1602 1603 1581
4 337 328 329 1605
4 983 340 343 1617
4 216 1887 856 748
4 1140 1154 1886 408
4 544 550 1647 1635
4 856 1887 1970 748
4 1650 1644 1634 1012
4 427 1189 1924 426
4 1012 1634 1650 1000
4 534 540 1625 1614
4 225 1907 772 758
4 508 514 30 1575
4 1113 641 147 1352
4 924 1352 1323 313
4 762 768 226 1906
4 1830 679 136 1689
4 1349 1111 1350 150
4 1699 1542 667 1709
4 698 1461 1460 1072
4 583 8 120 1468
4 1962 1294 1236 1231
4 1804 298 1520 1808
4 1519 1743 1739 291
4 867 1312 198 731
4 1927 1935 1936 1926
4 337 336 1605 961
4 485 1792 1406 1784
4 612 608 128 1794
4 777 230 234 1925
4 154 664 1550 1713
4 1876 2001 2009 1875
4 581 498 1706 580
4 1625 1616 534 1614
4 556 623 1664 624
4 1718 1726 696 1471
4 605 477 1776 1374
4 691 389 1995 1076
4 691 389 1076 1730
4 60 541 533 1627
4 2022 1316 1369 2044
4 1414 1789 1395 1399
4 1405 1787 1373 1399
4 1349 1321 316 1350
4 1110 1348 644 1349
4 654 1354 145 1353
4 654 1354 1353 311
4 2014 1860 182 713
4 1675 1684 1042 1677
4 1949 809 817 1952
4 1538 1698 1710 1706
4 1430 102 1684 1678
4 591 703 1068 1069
4 1315 1316 738 870
4 1267 1999 1918 1917
4 968 1815 1595 1596
4 731 867 1312 1496
4 525 1594 41 619
4 900 1916 232 783
4 939 953 1574 1558
4 2035 2043 1310 726
4 1722 1721 709 1719
4 187 1980 1993 720
4 628 572 111 1690
4 1581 1603 1592 520
4 1699 1713 154 1542
4 499 1706 498 580
4 497 498 16 1543
4 1323 1352 1324 923
4 640 1114 1113 1352
4 2005 1859 2016 909
4 1269 1268 1181 1913
4 1774 1776 1790 1383
4 1676 375 371 1845
4 1380 1760 1394 1762
4 875 1488 1990 1989
4 1451 1725 1724 598
4 1914 790 1194 1270
4 1278 1210 1930 1203
4 1557 941 1573 1561
4 1889 1904 1892 1170
4 1449 542 590 1067
4 1348 1320 927 1349
4 1134 1298 272 2012
4 1878 213 895 1251
4 1712 1546 1698 665
4 865 864 191 1310
4 588 1065 35 587
4 1310 2043 1511 724
4 529 528 521 1604
4 941 951 1557 1573
4 1904 1889 1166 1170
4 586 34 21 1715
4 863 187 190 1980
4 2042 1337 1065 2021
4 956 32 1576 955
4 581 15 119 1710
4 692 1720 1075 1469
4 1075 1508 1985 692
4 152 1063 680 661
4 1063 714 152 680
4 1269 1181 424 1913
4 1735 1738 1078 1084
4 1256 763 220 1895
4 1091 296 1812 1808
4 984 986 990 988
4 1004 1002 1006 1008
4 1039 1035 1041 1037
4 1291 1227 1228 1289
4 1281 1214 1213 1283
4 1138 1308 1251 1137
4 1211 734 1212 1219
4 826 1291 1289 824
4 812 1281 1283 814
4 784 1267 1265 782
4 565 1035 1039 563
4 557 1023 555 1019
4 331 962 974 1587
4 519 531 38 1588
4 1092 1091 1809 1807
4 1 470 660 1108
4 1134 282 846 848
4 428 1193 1264 1913
4 1624 1615 982 1613
4 1255 1894 219 757
4 996 60 1627 995
4 1263 1914 229 776
4 1205 1271 1930 435
4 680 1062 1450 1716
4 1062 1487 1981 680
4 1500 1499 1317 722
4 1905 1893 1174 1890
4 63 703 1068 591
4 1538 1700 1698 1706
4 1374 1776 605 1754
4 1546 673 666 665
4 1991 1983 718 1509
4 1228 1291 1289 1292
4 1136 716 718 1135
4 1006 987 1002 1004
4 742 740 1237 1238
4 1035 1039 1022 1037
4 471 930 467 473
4 989 984 990 988
4 1275 1266 1197 1273
4 1002 1007 1006 1008
4 984 986 988 967
4 945 968 966 964
4 1039 1035 1040 1041
4 1019 1023 1005 1021
4 1291 1282 1227 1289
4 1299 1239 1297 1290
4 1284 1214 1281 1283
4 1283 1213 1281 1274
4 1265 1258 1267 1179
4 1250 1259 1257 1159
4 1251 1252 1308 1138
4 911 1251 1308 1137
4 730 1195 1196 728
4 724 1178 1177 726
4 1225 738 736 1226
4 734 732 1211 1212
4 1211 1224 734 1219
4 946 942 944 929
4 722 1158 720 1157
4 988 536 984 967
4 1267 1258 1265 782
4 730 792 1195 728
4 947 946 512 942
4 964 945 968 524
4 1040 1035 1039 565
4 1281 1284 1283 814
4 1259 1257 764 1250
4 755 1156 718 1135
4 930 467 472 471
4 1268 784 1267 1265
4 1005 1023 1019 555
4 987 546 1006 1002
4 1291 1292 826 1289
4 1022 1039 1035 563
4 1023 557 1024 1019
4 824 1282 1291 1289
4 1297 835 1299 1290
4 1281 1283 1274 812
4 1276 800 1275 1273
4 746 1251 1252 1308
4 720 722 1157 756
4 1224 734 819 1211
4 724 1177 775 726
4 736 738 1225 820
4 1237 740 742 831
4 1700 1698 1541 1538
4 1706 1547 1700 580
4 531 1602 45 1588
4 1975 1149 1970 1884
4 1314 1313 868 732
4 1273 1276 244 1931
4 431 1199 1939 1208
4 1548 1708 576 1702
4 1786 1086 1760 1411
4 1206 1202 1930 1203
4 892 1520 298 1808
4 1739 877 1519 291
4 1126 2014 1837 713
4 288 1507 10 860
4 1830 679 1107 1835
4 469 613 2 1833
4 1373 1401 1787 1405
4 1708 17 1549 503
4 1987 1984 744 1986
4 790 1914 236 1270
4 1816 620 537 1620
4 799 1933 901 2000
4 825 905 262 1959
4 859 11 894 1532
4 745 896 212 1876
4 690 2032 389 1437
4 984 989 343 1617
4 982 994 1624 1613
4 1592 46 47 520
4 597 105 596 1719
4 1472 90 560 1071
4 1316 1512 206 739
4 1773 1771 1387 1386
4 1575 508 514 1557
4 675 161 154 1550
4 1647 1419 550 544
4 1614 540 1625 1623
4 1906 762 768 1889
4 1761 1395 1789 1399
4 1953 818 256 816
4 1716 1442 1725 1451
4 1981 1488 1990 1480
4 2042 1344 2032 1072
4 1662 83 556 624
4 1885 753 851 1971
4 42 27 968 1825
4 1059 679 1107 1836
4 1940 796 247 805
4 1772 1397 1782 1778
4 1450 1716 1724 1451
4 1989 1488 1981 1487
4 1984 211 1504 873
4 842 180 711 848
4 1583 1597 1587 1600
4 1905 1174 1162 1890
4 1819 1681 1828 1682
4 703 76 1069 591
4 576 503 1548 502
4 891 298 1520 1804
4 1519 1743 291 878
4 1086 1380 1760 1411
4 1725 1442 679 1451
4 713 1990 1488 1480
4 1474 744 1486 1986
4 1149 1145 1970 1884
4 389 1476 2023 690
4 705 1467 1070 1453
4 1887 1156 1254 754
4 1828 97 112 1054
4 3 1379 1381 1089
4 801 1931 804 794
4 1260 1261 767 1907
4 1575 947 949 513
4 1176 1262 1906 773
4 992 989 991 1626
4 1210 1278 1940 805
4 1194 1186 1924 1270
4 1818 1825 1565 1566
4 1252 1253 1886 1139
4 1788 1776 1774 1383
4 1020 1655 363 1018
4 1987 744 179 1474
4 1276 1939 1199 1277
4 823 1288 1289 1957
4 580 499 1547 579
4 785 1268 1269 1925
4 1702 1537 1548 1540
4 785 235 777 1925
4 887 1412 486 487
4 777 234 785 1925
4 1200 1939 1199 1208
4 1690 1832 628 1821
4 1533 1534 1817 1829
4 1569 1557 951 1573
4 1889 1901 1904 1166
4 1582 1591 963 1606
4 672 671 1709 1540
4 1708 118 17 503
4 344 992 991 1626
4 246 1940 1278 805
4 1361 913 646 1362
4 1361 646 630 1362
4 1349 1111 150 1110
4 1897 2002 2011 1896
4 1086 484 1380 1411
4 694 1073 1074 1982
4 1074 1073 694 1717
4 1939 432 1199 1277
4 1313 199 868 732
4 470 1108 3 474
4 1591 963 972 333
4 1849 1639 350 1003
4 1061 1987 179 1474
4 294 10 1411 492
4 651 1328 1327 308
4 142 1118 1117 651
4 317 927 1319 1877
4 1485 682 1474 1060
4 1940 802 796 805
4 355 1634 1850 351
4 1571 1574 953 1558
4 668 667 671 1709
4 423 1181 1268 1913
4 1537 1702 1705 1540
4 1534 13 495 615
4 425 1924 1189 1186
4 426 1189 1924 1186
4 1538 1547 1700 1706
4 679 1059 1725 1836
4 424 1192 1182 1913
4 1383 1776 1413 1374
4 780 786 236 1914
4 742 1486 1979 1485
4 2016 1859 2005 713
4 790 237 1914 1194
4 1035 1041 372 373
4 352 353 1002 1008
4 931 5 163 677
4 363 1025 1024 362
4 1248 1244 453 458
4 970 333 332 969
4 4 15 496 931
4 969 40 526 43
4 68 71 548 1007
4 85 82 1019 557
4 207 742 831 210
4 837 274 271 1300
4 277 268 1248 841
4 945 968 27 1825
4 1317 2043 1346 2023
4 1068 590 542 591
4 868 1313 867 731
4 1276 801 244 1931
4 2013 1960 1958 1959
4 1723 1469 1720 1464
4 1503 1508 1985 1988
4 753 1885 1880 1971
4 1203 1210 1930 434
4 1787 1401 1762 1405
4 818 1953 810 816
4 1721 1444 1731 1470
4 1622 1624 994 1613
4 789 777 235 1925
4 97 1828 1038 1054
4 1395 1087 1761 1789
4 1073 9 1457 1733
4 1998 1073 9 1495
4 718 186 1991 1509
4 1321 1349 316 1320
4 1491 736 1506 1315
4 904 252 2004 1282
4 1972 1974 1882 1879
4 667 671 1709 672
4 1020 360 1655 1018
4 1887 1254 216 754
4 675 154 664 1550
4 809 1949 1941 1952
4 1890 1162 1905 1900
4 1812 1814 893 1796
4 225 767 1261 1907
4 30 1575 949 513
4 226 1906 1262 773
4 1545 1537 1705 1540
4 1139 1253 1886 408
4 300 894 11 1532
4 1383 1788 1776 1374
4 1145 1881 1970 1884
4 1761 1787 1405 1399
4 1064 464 2045 387
4 1215 1943 1222 1216
4 875 874 712 1989
4 1724 598 597 574
4 1186 425 1924 1270
4 1924 426 1186 1194
4 1581 1602 1603 519
4 1646 66 73 1417
4 825 263 904 1961
4 1859 2005 1858 1134
4 785 1269 235 1925
4 1773 1772 1791 1387
4 1061 1721 1435 1722
4 1210 1940 247 805
4 234 1268 785 1925
4 1189 1185 1924 425
4 869 735 203 1315
4 1070 77 592 552
4 2043 2035 1310 1363
4 1747 1743 1527 292
4 1804 1528 297 1800
4 1316 1501 1512 739
4 560 1472 1071 1463
4 72 549 1419 1647
4 66 73 1418 1635
4 1939 1199 431 1276
4 164 678 1450 1722
4 675 1712 1541 1707
4 210 872 461 1510
4 1327 309 919 1946
4 264 1289 1292 1957
4 823 260 1288 1957
4 1361 1123 1362 630
4 1117 143 1640 636
4 913 1361 1333 1362
4 62 542 1067 590
4 272 282 1134 2012
4 1326 921 310 1934
4 144 1621 638 1116
4 1348 1320 1319 927
4 660 1348 1 1347
4 660 1348 1347 302
4 551 75 74 1636
4 1071 2045 2031 1343
4 255 1952 817 815
4 1064 176 386 1731
4 1820 1005 69 623
4 1103 468 3 1811
4 1130 1249 1129 402
4 1249 842 848 278
4 1129 1128 401 1305
4 846 281 1305 848
4 1952 809 817 815
4 1738 1735 390 393
4 1072 465 388 2042
4 1547 1700 1541 1538
4 1041 1035 1040 373
4 353 1007 1002 1008
4 1138 406 1308 1137
4 1037 1035 1041 372
4 986 342 984 990
4 1004 352 1002 1008
4 1214 1213 438 1281
4 1227 446 1228 1289
4 1212 437 1211 1219
4 557 82 1019 555
4 565 96 1035 563
4 826 824 1289 261
4 820 206 738 830
4 496 930 14 472
4 526 968 42 524
4 512 26 942 510
4 1291 826 263 824
4 791 726 194 775
4 774 722 190 756
4 1267 784 233 782
4 251 1281 812 814
4 782 231 1265 784
4 858 746 286 1308
4 241 798 800 1273
4 755 283 1135 849
4 248 819 807 1211
4 557 1023 84 555
4 1299 837 273 835
4 1259 766 223 764
4 742 210 841 831
4 1019 1024 85 557
4 742 207 831 740
4 1259 764 223 1250
4 746 286 1308 1252
4 1908 1182 1922 1920
4 1645 355 1848 351
4 809 250 254 1945
4 302 912 1529 1318
4 1825 1815 968 1596
4 2043 1346 466 462
4 1544 1697 1537 501
4 963 973 1582 1606
4 993 1623 1614 1626
4 1267 1999 2011 1918
4 500 1547 499 579
4 178 681 1061 710
4 623 1664 84 556
4 904 263 252 1291
4 1810 12 1809 1795
4 1838 1990 713 1127
4 376 1676 1845 1683
4 698 1715 1462 1461
4 1379 1409 1790 1090
4 835 262 273 1299
4 764 212 223 1250
4 27 42 968 524
4 1590 1591 1582 1606
4 12 1105 397 1318
4 665 1546 673 674
4 1126 1838 713 1127
4 1721 1465 709 1729
4 1298 1305 1128 1134
4 711 744 1249 1130
4 846 1305 1298 1134
4 1249 744 711 842
4 503 1708 118 576
4 1927 1937 1931 794
4 1316 870 871 739
4 593 594 560 1071
4 1309 1336 2018 2044
4 1949 1941 1953 810
4 1938 1926 1206 1930
4 407 406 1308 1138
4 1147 410 405 1156
4 283 1135 217 755
4 286 746 214 1252
4 418 413 1168 1176
4 948 323 322 947
4 766 224 221 1260
4 942 29 26 512
4 1176 227 218 774
4 537 620 56 1620
4 799 1933 243 901
4 1663 1662 1827 1661
4 1576 1558 1571 516
4 1497 208 1309 386
4 386 1458 176 1064
4 1721 1465 1729 1714
4 1430 94 93 1678
4 1092 1807 1809 1101
4 1268 1180 423 422
4 1187 426 421 1194
4 791 228 237 1194
4 231 234 1265 784
4 1384 1377 1759 1385
4 1315 203 869 870
4 77 593 1070 592
4 1509 186 1991 861
4 963 1591 330 333
4 1979 1486 742 1510
4 429 434 1210 1204
4 343 984 342 990
4 1198 430 431 1276
4 244 241 800 1273
4 247 238 1210 806
4 1762 1761 1787 1405
4 1832 1690 679 1830
4 1587 331 1584 1600
4 1353 1325 311 1354
4 1353 1115 1354 145
4 1808 1800 1804 1097
4 1080 1739 1747 1743
4 1806 1802 1798 1093
4 437 442 1211 1219
4 1214 438 439 1281
4 1281 251 254 814
4 1403 1786 492 881
4 485 888 295 1792
4 84 69 1023 623
4 305 915 1330 1968
4 47 37 1592 520
4 1709 1705 1702 1540
4 1251 213 895 911
4 1006 621 55 987
4 544 1647 1638 1635
4 1081 1740 1079 1085
4 1085 1079 1081 1741
4 1740 391 390 393
4 486 888 1784 887
4 1545 1697 1537 1551
4 96 99 1675 1416
4 1228 446 447 1289
4 450 1232 1236 445
4 264 826 1289 261
4 493 1406 1792 1088
4 1282 904 252 1291
4 249 257 1944 810
4 730 2034 1312 728
4 1844 1846 1044 1683
4 567 1429 1684 1431
4 43 39 1590 523
4 1039 1022 83 563
4 1299 835 262 1290
4 945 27 968 524
4 41 536 988 967
4 1592 1608 1603 1581
4 1387 1385 1773 1386
4 1480 1981 1488 1487
4 1716 1450 1442 1451
4 1595 1815 968 1825
4 1890 1900 1907 772
4 1401 1394 1762 1405
4 1052 1048 379 381
4 1048 570 107 108
4 1634 1637 1650 1000
4 317 927 659 1319
4 2011 1999 1267 1917
4 1539 1701 17 1549
4 1980 1500 722 1502
4 1545 1705 1697 1551
4 713 1837 1126 1127
4 1835 679 1107 1059
4 378 1048 379 1052
4 378 1048 1052 1047
4 570 1048 107 106
4 1048 570 1047 106
4 1887 1881 1970 748
4 407 1308 1252 1138
4 1135 1156 217 755
4 1499 389 1476 1317
4 1460 1437 389 1072
4 942 947 29 512
4 151 644 1535 1109
4 234 1268 1265 784
4 1048 1052 1049 381
4 570 1048 1049 108
4 381 1052 1049 1050
4 1049 570 108 569
4 1538 1710 1543 1706
4 1319 1347 302 1318
4 1717 157 1074 1723
4 1988 184 1074 1982
4 1091 1100 1809 1807
4 1432 130 1798 1802
4 989 984 343 990
4 1276 244 800 1273
4 1880 1886 1140 1971
4 1914 780 1923 1909
4 858 287 213 911
4 1050 1052 1049 380
4 570 1049 109 569
4 1919 1923 786 1909
4 1005 1023 69 623
4 1347 1319 302 1348
4 1224 1211 442 1219
4 1281 439 1214 1284
4 1284 1281 254 814
4 1407 1406 1759 1384
4 717 184 1074 1988
4 1736 288 294 876
4 1759 1792 1406 1088
4 461 207 210 742
4 1348 1110 644 1109
4 1789 1395 1087 1414
4 1771 1773 1775 1386
4 385 1063 136 1732
4 1063 182 1997 385
4 196 729 2037 688
4 447 1228 1289 1292
4 1292 826 1289 264
4 1698 1703 666 1546
4 388 1462 1715 1461
4 1500 1980 462 1502
4 264 1292 827 1957
4 910 1523 301 1838
4 1599 1607 1582 1606
4 1937 1927 1935 804
4 3 1103 1811 395
4 1456 1727 483 1468
4 1720 1730 697 1443
4 125 1741 1749 1433
4 1104 6 1347 396
4 6 1105 1347 396
4 614 0 14 930
4 462 1980 863 1502
4 586 388 1462 1715
4 1795 1809 1810 1092
4 1582 973 1599 1606
4 921 1325 1326 653
4 1116 1115 638 653
4 1285 1284 1952 815
4 1286 1224 818 1953
4 1811 468 3 1090
4 1048 1051 1052 1047
4 1051 1048 570 1047
4 1084 1078 1735 1736
4 1051 1048 1052 1049
4 1051 1048 1049 570
4 287 895 213 911
4 1286 818 256 1953
4 255 1285 1952 815
4 1909 1919 1911 1189
4 1602 531 1603 519
4 1599 1607 1586 1582
4 1645 1633 1644 1634
4 295 889 893 1814
4 1413 604 1776 1790
4 1646 1643 1635 1632
4 675 664 1712 1707
4 1727 483 1457 1456
4 1528 297 891 1804
4 1743 1527 292 878
4 709 165 1435 1722
4 55 70 621 1006
4 478 604 1413 1790
4 133 2 1833 1103
4 1551 1697 1537 1544
4 1528 890 297 1800
4 1747 1527 879 292
4 1604 1607 1586 1599
4 1582 1607 1590 1606
4 1084 1078 1736 1739
4 1775 1759 1377 1385
4 1888 1903 1891 1902
4 742 461 207 740
4 1 470 1108 1372
4 335 1587 1601 1600
4 1085 1734 1079 1737
4 1569 1575 514 1557
4 1901 1906 768 1889
4 1982 1482 1495 1494
4 1445 1717 1457 1456
4 546 548 70 1006
4 1283 253 812 814
4 56 536 538 988
4 565 1039 98 563
4 1584 1600 1602 1588
4 1822 1641 1820 1642
4 1312 198 866 867
4 1947 2004 1948 2006
4 1076 1985 1481 692
4 692 1076 1720 1443
4 243 232 1266 798
4 536 56 41 988
4 83 98 1039 563
4 1897 2011 1258 1896
4 1825 945 1565 1566
4 14 0 472 930
4 104 707 91 387
4 1353 1325 1324 311
4 1353 1115 145 1114
4 1460 1730 1715 1072
4 1995 1317 1499 1980
4 394 1734 9 384
4 158 696 1436 1723
4 1481 1985 1995 720
4 1607 1590 1586 1582
4 1447 1465 1444 1714
4 20 1471 584 504
4 1509 719 186 861
4 1966 1298 2012 1967
4 595 387 91 594
4 872 871 207 461
4 1730 697 1715 1720
4 178 711 1987 1487
4 862 1484 187 1993
4 21 585 1728 1448
4 917 306 1329 1958
4 1448 1718 1471 504
4 792 806 198 730
4 1621 1619 638 1115
4 1932 921 1325 1934
4 1790 1776 1413 1383
4 865 191 194 1310
4 1065 35 48 588
4 151 644 1109 659
4 1394 1764 1762 1763
4 1710 581 1543 1706
4 1926 1936 796 1928
4 632 139 1120 1680
4 272 846 1298 1134
4 9 1073 384 1733
4 1998 9 1073 384
4 1690 679 1830 1689
4 581 498 1543 1706
4 1202 1936 1926 1938
4 1091 1094 1803 1799
4 1098 1801 1797 1095
4 1080 1746 1742 1082
4 1081 1744 1748 1083
4 1744 1748 392 393
4 1742 392 1746 393
4 1095 1803 1799 1092
4 1749 1085 1083 1745
4 1797 1093 1096 1801
4 1728 1720 1464 1718
4 1985 1503 1983 1993
4 1589 1608 1592 1581
4 1620 1816 1826 1619
4 2000 1932 1933 2008
4 1460 1715 698 1072
4 1795 1810 12 1089
4 1202 1926 1206 1938
4 1109 1347 1 1348
4 140 634 1119 1661
4 1495 1998 1982 1992
4 1733 1457 1717 1727
4 130 1432 610 1802
4 716 183 186 849
4 195 792 730 728
4 467 472 0 930
4 1908 1912 777 1920
4 519 1581 1602 1588
4 718 185 1475 1988
4 630 137 1122 1691
4 1406 1377 1759 1384
4 130 609 1432 1798
4 650 1357 1329 1358
4 1461 698 1715 1072
4 398 136 1835 385
4 1837 182 400 385
4 611 1425 132 1806
4 1249 401 1129 402
4 1524 875 181 1990
4 2005 2014 2016 713
4 1603 530 1608 520
4 357 356 1650 1012
4 299 1518 892 1808
4 65 75 543 1636
4 1980 1995 1985 720
4 394 9 1735 384
4 1927 1208 1929 1935
4 1994 1486 744 1986
4 680 1062 164 1450
4 1062 178 1487 680
4 1427 129 608 1794
4 1605 1585 961 975
4 1089 1795 1810 1092
4 1521 880 1751 293
4 296 1522 889 1796
4 1357 650 1119 1358
4 597 1451 1724 574
4 1488 712 874 1989
4 670 1545 1551 669
4 1745 1741 123 1433
4 94 101 1684 1430
4 743 872 210 1510
4 1081 1748 1740 1085
4 1740 1744 391 393
4 1741 1081 1085 1745
4 1362 1123 1124 661
4 1333 1362 1125 714
4 1413 1409 1790 1383
4 1953 1941 1949 1951
4 1941 1949 1950 1952
4 1937 1927 804 794
4 1361 1123 630 1122
4 1361 1332 913 1333
4 640 147 1113 1595
4 313 923 1323 1917
4 1060 1731 1444 1470
4 642 149 1111 1567
4 593 560 90 1071
4 870 1316 206 739
4 1792 1406 1784 1759
4 1094 1804 1800 1097
4 1082 1080 1747 1743
4 1093 1802 1798 1096
4 76 703 1069 704
4 1355 1327 652 1356
4 1354 1116 1355 653
4 1354 1326 653 1355
4 1735 1734 393 394
4 1356 1355 1117 652
4 1356 1118 1357 651
4 1356 1328 651 1357
4 1796 1812 1814 1088
4 632 138 1682 1121
4 1980 1317 1499 722
4 1359 1329 306 1330
4 1634 1644 1637 1632
4 10 1736 288 294
4 315 925 1321 1898
4 1957 1955 1965 1956
4 1395 1761 1405 1399
4 2007 1529 1531 2017
4 1305 401 1129 1249
4 1461 1715 388 1072
4 1500 1980 1317 462
4 1717 1445 695 1726
4 1860 182 1333 2014
4 1317 1980 1500 722
4 613 133 2 1833
4 1385 1775 1773 1386
4 724 1310 2043 726
4 1087 1734 1752 1085
4 163 153 663 1703
4 484 1992 1494 1507
4 1409 478 1413 1790
4 376 375 1683 1845
4 917 1960 1958 1329
4 1406 1377 1784 1759
4 1859 1860 2005 713
4 1635 1643 1638 1633
4 1632 1646 1644 1649
4 1650 1637 1644 1649
4 744 1486 1994 1504
4 1684 101 102 1430
4 331 1587 335 1600
4 691 389 1499 1995
4 1730 691 389 1460
4 2037 729 197 688
4 1495 484 1992 1494
4 1333 913 182 1860
4 1371 467 1824 1372
4 1370 1371 468 1831
4 1764 1393 1779 1763
4 1086 1750 1735 1084
4 1633 1645 1643 1648
4 1042 1040 1675 1677
4 1482 694 184 1982
4 1717 694 157 1445
4 1023 69 84 555
4 824 252 263 1291
4 158 695 1723 157
4 158 695 696 1723
4 1813 1102 1093 1811
4 518 587 35 1473
4 723 1511 191 864
4 1719 1721 709 1729
4 1067 62 590 589
4 211 743 1504 873
4 1585 1605 1598 975
4 632 138 1121 647
4 1663 1119 634 1661
4 915 304 647 1331
4 592 1069 76 591
4 868 202 869 1314
4 1991 1982 1482 716
4 780 786 1923 1909
4 1720 692 1443 1469
4 1508 1481 1985 692
4 136 1830 1689 1123
4 115 1726 583 584
4 860 1991 183 861
4 665 1712 1546 674
4 846 272 282 1134
4 1834 134 1415 1832
4 137 1693 1055 1840
4 1437 389 691 1460
4 691 389 1476 1499
4 198 195 792 730
4 807 202 199 732
4 180 211 1984 874
4 1485 1979 742 1996
4 734 1314 202 732
4 867 1313 1312 1496
4 48 532 1466 588
4 194 727 865 1505
4 1780 1771 1386 1412
4 1006 55 546 987
4 69 1023 1005 555
4 252 824 1282 1291
4 1690 1832 1821 1830
4 871 207 1501 739
4 91 560 594 1463
4 1984 1994 744 1986
4 915 304 1331 1966
4 1637 1632 1649 1636
4 371 1676 1845 369
4 1188 427 1924 426
4 1764 1394 1393 1763
4 431 1209 436 1939
4 1076 167 691 1730
4 1995 189 691 1076
4 1711 1697 1705 1551
4 1123 1689 136 630
4 501 1544 1697 578
4 1632 1644 1637 1649
4 1069 1453 1070 592
4 869 1314 1491 1315
4 927 659 1319 1348
4 610 1428 131 1802
4 1860 2014 2005 713
4 1347 1109 1 1108
4 1099 1093 1806 1805
4 1100 1091 1808 1807
4 1091 1097 1808 1807
4 1738 1078 1084 1739
4 1080 1738 1084 1739
4 650 1357 1328 1329
4 730 1312 195 728
4 1040 1042 1683 1679
4 148 642 1112 1565
4 303 913 1332 1858
4 1374 1791 1788 1754
4 1729 1465 709 1447
4 1751 294 880 876
4 1449 590 1068 1067
4 716 186 1991 718
4 925 314 1322 1896
4 247 239 1940 793
4 1617 1614 1616 1626
4 1118 650 1119 1357
4 1546 1698 1552 1538
4 1487 1987 178 1062
4 1062 164 1450 1722
4 559 85 1666 558
4 1665 1027 363 1028
4 567 1684 100 1420
4 1842 374 1044 1683
4 1426 609 129 1798
4 150 644 1110 1533
4 1544 1704 1697 578
4 693 1075 1074 1723
4 1988 1075 1074 693
4 166 1076 692 1443
4 1076 1481 188 692
4 1326 1354 653 1325
4 1354 1115 1116 653
4 1356 1328 1327 651
4 594 387 91 1463
4 871 1501 207 461
4 1356 1118 651 1117
4 745 1878 896 1876
4 1585 1589 1605 961
4 1404 1788 1791 1773
4 1598 1589 1585 1581
4 1775 1771 1386 1780
4 2039 173 172 686
4 640 146 1593 1114
4 1324 312 1915 923
4 1792 485 888 1784
4 1965 1292 1955 1957
4 927 316 1320 1875
4 349 1650 357 348
4 1563 1558 1562 1576
4 1627 1615 1613 1618
4 1504 1994 1984 873
4 1379 468 1409 1090
4 1679 1676 1046 1045
4 112 1692 572 627
4 1482 1495 694 1982
4 1445 1717 694 1457
4 1708 1549 1548 503
4 55 1006 546 70
4 1093 1102 1806 1805
4 583 1726 115 575
4 715 1991 183 860
4 1486 1994 1979 1986
4 1403 1786 1411 492
4 638 1619 145 1115
4 1325 921 1932 311
4 391 1738 390 393
4 890 1520 296 1800
4 1519 293 1747 879
4 1447 1729 1465 1714
4 1408 1387 1771 1386
4 1377 1784 1759 1775
4 1893 1890 1907 1895
4 1608 1589 1598 1581
4 914 1361 1332 303
4 631 137 1122 1361
4 311 922 1353 654
4 1353 639 145 654
4 1064 707 1714 387
4 1976 1977 1886 1971
4 1548 1708 503 576
4 1403 1763 1760 1786
4 1771 1408 1386 1412
4 1739 290 1517 877
4 1534 495 1536 615
4 1598 1603 1608 1581
4 1964 1236 1954 1962
4 1970 1975 1887 1978
4 1110 644 1535 1533
4 905 825 1961 1959
4 1061 178 1987 1062
4 164 1061 1722 1062
4 1730 1715 698 1460
4 483 1457 1733 1727
4 1718 696 1464 1471
4 556 1664 1662 624
4 385 136 1063 661
4 714 182 1063 385
4 103 102 1430 1678
4 1485 1474 1486 1986
4 644 1109 659 1348
4 1385 1773 1404 1387
4 1741 125 122 1433
4 582 119 15 1710
4 690 168 2032 1437
4 694 1074 184 1982
4 694 157 1074 1717
4 1648 1633 1645 1639
4 1697 1551 1704 1544
4 1877 927 1320 1875
4 1649 1632 1646 1636
4 1705 1697 1537 1545
4 1347 660 302 1318
4 1377 1775 1385 1386
4 1462 34 518 586
4 190 863 1502 723
4 195 198 1312 730
4 695 1445 1456 1726
4 1457 1717 1073 1733
4 1495 1998 1073 1982
4 178 1061 1987 710
4 1607 1586 522 528
4 559 1666 86 558
4 364 1027 1665 1028
4 1524 910 289 1838
4 311 922 1324 1353
4 145 1114 639 1353
4 1447 1444 708 1714
4 176 177 386 1731
4 1374 1788 1776 1754
4 1991 1482 1982 1494
4 1445 1717 1456 1726
4 1969 273 836 906
4 1607 1586 528 1604
4 1830 1821 1690 1689
4 1501 1316 871 739
4 1071 594 560 1463
4 14 495 614 1536
4 1980 1499 1995 722
4 1983 1503 718 1509
4 1877 1251 1878 2001
4 1443 697 1720 1448
4 575 583 1456 1468
4 715 1507 1494 860
4 1979 1994 1486 1510
4 1299 1969 1968 2003
4 1395 483 1087 1414
4 1371 1833 468 1831
4 1550 1713 664 1707
4 696 1464 1723 1718
4 696 1436 1723 1464
4 716 1482 1991 1494
4 370 1841 1034 1674
4 2023 1476 192 690
4 1614 1625 1616 1626
4 592 76 1069 552
4 202 735 869 1314
4 1397 1772 1782 1770
4 1725 1724 1716 1451
4 1488 1990 1989 1981
4 1448 1728 1464 1718
4 1484 1983 1503 1993
4 1745 124 1749 1433
4 1678 1677 1046 1045
4 1552 1703 1698 1546
4 1720 1728 1464 1448
4 1503 1985 1484 1993
4 1574 1562 1558 1576
4 1718 1448 585 504
4 1544 1551 1704 933
4 919 1327 1946 1948
4 1117 1640 1642 636
4 1991 183 186 716
4 1963 1293 1292 1965
4 1692 1690 1821 1691
4 1964 1965 1955 1956
4 1510 1994 1486 1504
4 930 1535 1536 1817
4 1985 1481 1484 720
4 300 295 893 1814
4 2015 2007 1531 2017
4 114 105 597 1719
4 1594 1595 1815 1596
4 1918 1999 1916 1917
4 1983 1503 1988 718
4 1444 1721 1465 1470
4 1503 1475 1988 718
4 1878 895 213 745
4 1598 1605 1589 1608
4 1624 1615 1613 1627
4 1710 1543 931 1703
4 1963 1962 1234 1230
4 562 96 1675 1416
4 1886 1885 1976 1971
4 710 1987 179 1061
4 1464 1443 1720 1448
4 1503 1985 1481 1484
4 1063 152 714 385
4 385 1063 152 661
4 682 1060 1444 1470
4 1707 1550 1713 1539
4 12 1810 1809 397
4 542 63 1068 591
4 1444 1731 708 1714
4 1876 1878 2001 1877
4 697 1728 1715 1720
4 1371 1824 1833 1831
4 1684 94 1430 1678
4 1890 1905 1893 1907
4 592 1069 1453 552
4 735 869 1314 1491
4 1313 868 199 731
4 1818 1567 946 1568
4 1812 1091 1100 1809
4 1954 1955 1964 1962
4 1998 1495 484 1992
4 1532 493 2015 1531
4 1992 1982 1495 1494
4 1727 1457 1717 1456
4 1415 121 135 1839
4 2002 1899 1259 1898
4 1590 1586 522 1607
4 744 1994 1984 1504
4 1552 932 1543 1703
4 1979 742 1996 1309
4 2013 1960 1961 1291
4 1884 1970 1975 1887
4 1274 1934 1933 2000
4 1816 1620 987 1621
4 1529 1530 2007 1531
4 1 1347 1108 660
4 1664 1827 1023 1663
4 1530 1532 859 2015
4 1116 638 144 653
4 1326 921 653 310
4 1379 1382 1774 1383
4 1803 1097 1091 1807
4 1746 1738 1084 1080
4 391 1742 1738 393
4 1803 1098 1807 1092
4 1098 1797 1805 1092
4 1099 1093 1805 1801
4 1993 1980 1985 720
4 1923 1914 1909 1911
4 1059 1732 679 1725
4 1990 713 1127 1997
4 2001 1876 1877 1875
4 1551 1711 1697 1704
4 1282 2004 1948 1947
4 1641 1005 1820 1642
4 309 919 652 1327
4 636 1117 143 652
4 1362 913 152 714
4 152 630 1362 661
4 1734 1752 393 394
4 1329 917 650 1358
4 1380 1403 1786 1411
4 1817 1536 1534 1535
4 590 542 1449 1068
4 1073 694 1717 1457
4 1495 1073 694 1982
4 95 1675 561 1416
4 1435 165 1061 1722
4 682 1060 1731 1444
4 634 1119 650 1358
4 1968 1969 1967 2003
4 932 931 1543 1703
4 1092 1098 1807 1101
4 1805 1098 1092 1101
4 1717 1727 1456 1726
4 1982 1992 1991 1494
4 233 783 1918 899
4 525 42 1596 618
4 1676 376 1845 377
4 1461 1437 1460 1072
4 1476 1499 1317 1500
4 1567 1818 1566 1568
4 2015 1530 1532 1531
4 1711 933 1704 1551
4 2013 1961 1960 1959
4 1236 1964 1294 1962
4 1625 1614 1623 1626
4 1899 2002 1897 1898
4 1750 1735 393 394
4 1899 223 765 897
4 668 1705 1709 1540
4 1922 1913 1908 1912
4 1937 1931 1929 1927
4 1664 1662 1827 1663
4 717 1074 185 1988
4 1407 12 1381 1089
4 1558 1571 1574 1576
4 1925 1912 1922 1920
4 1568 28 616 511
4 518 388 1473 1462
4 1511 1502 462 723
4 388 1473 1462 1461
4 1502 462 1500 1511
4 1403 1760 1380 1786
4 1292 1955 1963 1965
4 94 1675 1429 561
4 468 1103 1370 1831
4 1928 1926 1938 1930
4 1655 1665 361 1658
4 1701 1707 1713 1539
4 933 1711 1704 934
4 1456 1726 583 575
4 715 1494 1991 860
4 1532 894 859 2015
4 1996 682 1485 1060
4 1956 1964 1236 1954
4 1429 1675 1684 1431
4 1937 1929 1939 1935
4 1911 1919 1923 1924
4 1415 628 111 1832
4 1676 1683 375 1845
4 1844 1034 1846 1674
4 1955 1963 1965 1964
4 1885 1886 1880 1971
4 1613 1622 1624 1627
4 36 47 37 1592
4 1534 1817 1535 1533
4 492 1786 1411 881
4 1051 1054 1038 1693
4 664 675 1550 1707
4 1458 176 683 386
4 683 208 1497 386
4 965 330 1591 333
4 1643 1638 1647 1635
4 1727 1058 483 1468
4 1727 1456 583 1468
4 1507 1992 1494 860
4 1940 1928 1936 1938
4 919 1356 652 1327
4 679 1107 1832 1830
4 1117 636 1356 652
4 1627 996 1615 1618
4 2014 1126 2016 713
4 1593 1815 967 1594
4 1999 1266 1916 1915
4 1563 1562 956 1576
4 1905 1890 1900 1907
4 1831 1370 1371 1372
4 1430 92 103 1678
4 1667 361 1665 1658
4 918 650 1357 307
4 1357 635 141 650
4 1370 1372 1108 470
4 1884 1881 1970 1887
4 451 450 1954 1233
4 1644 1637 1650 1634
4 1362 630 1123 661
4 1362 1333 913 714
4 1889 1901 1906 1904
4 1557 1569 1575 1573
4 1260 1893 1907 1895
4 209 682 1485 1996
4 1858 1860 2005 1859
4 1975 1156 1887 1978
4 1977 1252 1976 1886
4 1722 709 678 1719
4 1561 1575 1564 947
4 1892 1906 1894 1176
4 1808 1800 1097 1091
4 1739 1084 1080 1747
4 1806 1802 1093 1099
4 1966 1968 1967 2003
4 1372 1831 1370 1108
4 1040 1042 1679 1677
4 1530 2015 2007 1531
4 1443 1720 1469 1464
4 1508 1985 1481 1503
4 1811 1813 1103 1090
4 1616 989 1617 1626
4 125 126 1753 599
4 1956 1236 1287 1954
4 1118 142 1357 651
4 1357 1328 651 308
4 585 1728 1448 1718
4 1983 1484 862 1993
4 1786 1760 1380 1411
4 1028 1018 1665 361
4 553 1666 80 559
4 1088 493 1406 1407
4 1808 1812 1091 1100
4 1464 1448 1718 1471
4 1503 1983 1484 1509
4 1046 1677 1679 1045
4 1684 1675 1678 1677
4 955 956 1574 1576
4 763 224 220 1895
4 423 1193 428 1913
4 1606 1607 1590 971
4 136 1123 630 661
4 182 913 1333 714
4 1930 434 1205 435
4 1956 1955 1964 1954
4 1731 177 682 1444
4 1466 532 1066 588
4 1505 727 865 1311
4 65 64 75 1636
4 1894 227 219 757
4 237 229 1914 776
4 1355 1116 144 653
4 1355 1326 653 310
4 1727 1456 1726 583
4 1992 1991 1494 860
4 1156 1254 1975 1887
4 1707 1712 1541 1700
4 179 1061 1474 681
4 1066 532 1466 1452
4 1505 727 1311 1490
4 1602 531 519 1588
4 947 1561 1575 949
4 1906 1892 1262 1176
4 1885 1252 1253 1886
4 1733 1058 483 1727
4 1992 484 1077 1507
4 1562 1574 956 1576
4 1955 1963 1964 1962
4 1531 493 2015 2017
4 1523 2016 181 909
4 1816 1620 1621 1619
4 1933 1934 1932 2000
4 1254 1884 1975 1887
4 1094 1097 1091 1803
4 1080 1084 1746 1082
4 392 1742 391 393
4 1797 1098 1095 1092
4 1748 1081 1083 1085
4 1744 392 391 393
4 1093 1099 1096 1801
4 1081 1083 1085 1745
4 1803 1095 1098 1092
4 1561 1573 1575 949
4 1892 1904 1906 1262
4 1709 671 668 1540
4 518 388 1462 586
4 863 462 1502 723
4 1656 1666 1669 1668
4 1022 1823 1662 1661
4 1087 1734 1085 1737
4 1252 1885 1976 1886
4 653 921 1325 311
4 1115 145 638 653
4 1958 1290 2010 1959
4 1811 1093 1090 1793
4 1945 1952 1943 1284
4 1953 1224 1944 1942
4 1097 1800 1094 1091
4 1082 1080 1084 1747
4 1802 1093 1099 1096
4 1084 1735 1086 1736
4 1809 1088 1091 1795
4 1675 95 562 1416
4 697 1728 1720 1448
4 1075 1436 1469 1723
4 1075 1508 1475 1988
4 980 1615 996 1618
4 1562 956 936 1563
4 744 711 1984 1987
4 1436 1469 1723 1464
4 1475 1508 1503 1988
4 1995 188 721 1076
4 1530 859 894 2015
4 493 1106 2015 2017
4 1532 493 1106 2015
4 186 183 1991 861
4 587 518 388 1473
4 462 1511 723 864
4 1103 468 1833 1831
4 1893 1260 1256 1895
4 1975 1156 1978 1306
4 1252 1976 1307 1977
4 1993 1985 1484 720
4 864 1511 191 1310
4 587 1065 35 1473
4 1039 1681 1819 1680
4 1564 1561 947 937
4 1176 1894 1892 1255
4 1075 693 1436 1723
4 1475 1075 1988 693
4 1313 867 731 1496
4 484 1077 1998 1992
4 1206 1202 1938 1930
4 1676 377 1845 368
4 1620 1826 988 1619
4 1932 1933 2008 1275
4 1806 1813 1102 1093
4 1876 2009 1250 1875
4 1665 365 361 1667
4 1499 189 691 1995
4 1730 167 691 1460
4 1534 1533 929 1829
4 48 1466 1065 588
4 194 1505 865 1310
4 911 1530 2007 1529
4 707 1686 1673 1031
4 1657 1656 1659 1668
4 1923 786 780 1914
4 1628 170 338 1611
4 804 1931 1937 794
4 1655 1665 1018 361
4 1691 1690 1821 1689
4 1721 1465 1470 1435
4 1091 1812 1796 1088
4 1995 721 189 1076
4 1684 101 94 1429
4 371 1844 375 1683
4 1589 1605 1598 1585
4 1053 1055 1693 1840
4 375 371 1683 1676
4 653 1325 1354 311
4 1115 1354 145 653
4 1818 1565 1567 1566
4 1088 1091 1812 1809
4 1896 1897 2002 1898
4 1656 1669 1659 1668
4 1350 1111 642 657
4 925 1321 1350 657
4 1641 1822 1006 1640
4 1283 1947 1946 2006
4 1593 1595 1815 1594
4 1917 1999 1916 1915
4 698 697 1715 1730
4 1371 1824 1831 1372
4 706 1653 1670 1015
4 1685 1672 1031 708
4 156 158 1695 1553
4 1671 1654 706 1015
4 1612 702 1629 979
4 698 1578 1556 935
4 1745 123 124 1433
4 1610 36 48 1580
4 167 318 1577 1555
4 348 1651 173 1630
4 1846 1844 1674 1683
4 710 681 1061 179
4 1682 1819 1681 1680
4 80 1656 1657 1668
4 1811 1103 468 1090
4 1919 1923 1909 1911
4 613 469 1371 1833
4 1929 1937 1927 1935
4 1430 93 92 1678
4 1912 1908 1922 1920
4 1093 1794 1813 1090
4 80 1656 1666 553
4 693 1074 158 1723
4 1988 1074 185 693
4 171 170 2037 688
4 720 1980 1995 722
4 11 295 300 1814
4 1737 1085 1087 1753
4 1683 1674 1679 1676
4 693 184 1074 717
4 157 158 1074 1723
4 1736 1086 1084 1751
4 1675 1684 94 1429
4 1810 1811 3 1089
4 1811 1093 1813 1090
4 1669 1666 1656 1660
4 150 1110 658 1349
4 658 1349 1320 316
4 1928 1926 1936 1938
4 150 643 1111 1350
4 1834 1415 135 1839
4 926 1321 1350 316
4 629 1415 135 1834
4 1652 64 76 1631
4 124 125 1749 1433
4 1 659 645 1348
4 302 659 1348 928
4 264 260 823 1957
4 1061 164 1722 165
4 872 207 210 461
4 87 80 1666 559
4 365 1028 1665 361
4 395 1811 3 1810
4 387 91 104 595
4 1360 632 1121 647
4 1360 1331 915 647
4 369 1676 1845 368
4 707 1686 1031 708
4 170 1628 338 171
4 916 1330 1359 306
4 94 1684 1675 1678
4 681 164 1061 165
4 573 112 571 1694
4 166 167 1076 1730
4 1656 1669 1660 1659
4 866 195 198 1312
4 1988 185 1475 693
4 1436 693 158 1723
4 702 1611 979 701
4 700 957 699 1579
4 709 1047 1687 678
4 704 1630 997 703
4 707 1031 1672 708
4 705 1653 706 1015
4 157 156 158 1695
4 158 156 159 1553
4 705 706 1654 1015
4 701 702 1612 979
4 997 704 703 1631
4 698 1556 697 935
4 1688 1047 709 678
4 36 35 48 1580
4 47 36 48 1610
4 1031 1046 1685 708
4 328 337 169 1609
4 1687 165 164 378
4 173 172 348 1630
4 175 174 358 1653
4 318 167 166 1555
4 956 935 698 1577
4 1015 1670 706 1030
4 1651 348 173 357
4 1686 1046 1031 708
4 979 702 1629 996
4 978 957 1610 700
4 1015 706 1671 1030
4 935 698 1578 956
4 1685 177 377 368
4 1553 1056 934 696
4 1056 934 696 1554
4 1435 1061 165 681
4 1429 1684 101 567
4 1844 1044 375 1683
4 1844 371 1674 1683
4 22 21 34 1556
4 318 327 167 1577
4 338 171 1628 347
4 90 89 78 1671
4 92 91 104 1673
4 49 62 1067 589
4 371 1674 1683 1676
4 76 75 64 1652
4 134 1415 629 1834
4 1113 655 640 1352
4 655 1352 1323 923
4 116 115 20 1696
4 1034 1844 371 1674
4 63 76 64 1631
4 106 105 114 1688
4 1112 148 1351 656
4 305 1330 1359 916
4 1351 656 314 1322
4 49 62 50 1612
4 147 655 1113 1352
4 1323 1352 655 313
4 1111 643 149 1350
4 1350 1321 926 315
4 1381 474 3 1089
4 1112 1351 642 656
4 1351 656 1322 925
4 12 1381 1089 494
4 648 1330 1359 305
4 139 1120 1359 648
4 693 717 1074 185
4 1089 1810 12 494
4 1810 3 474 1089
4 1381 6 474 1089
4 1089 1381 6 494
4 635 1357 1118 142
4 1328 1357 918 308
4 6 1810 1089 494
4 1810 474 6 1089
4 1357 635 1118 141
4 1357 1328 918 307
4 1348 928 659 317
4 659 645 1348 151
4 919 1356 1327 651
4 1356 636 1117 651
4 141 650 1118 1357
4 1328 1357 650 307
4 1074 157 693 158
4 573 110 113 1694
4 1693 1055 382 383
4 1105 12 1810 494
4 928 302 1319 1348
4 645 1109 1 1348
4 12 1105 1810 397
4 1105 1810 6 494
4 1104 474 6 1810
4 573 571 110 1694
4 1693 1055 1053 382
4 1350 149 1111 657
4 315 1350 1321 657
4 1810 6 396 1105
4 396 1104 6 1810
4 1110 644 658 1349
4 927 658 1349 1320
4 1319 317 928 1348
4 645 151 1109 1348
4 110 106 113 1694
4 378 1693 382 383
4 1318 1347 660 912
4 1319 659 317 1348
4 659 1109 151 1348
4 470 1108 1347 660
4 130 1096 1798 1802
4 1094 297 1800 1804
4 691 188 1076 721
4 392 1083 1748 1744
4 1096 1095 1797 1801
4 1047 106 1694 1688
4 1082 392 1746 1742
4 292 1082 1747 1743
4 378 1047 1693 1687
4 1083 124 1749 1745
4 1095 1094 1799 1803
4 684 174 2036 685
4 2036 174 684 2041
4 2036 204 684 685
4 684 204 2036 2041
4 1304 1525 1516 1526
4 1516 1525 1304 1303
4 1304 1856 1855 1303
4 1855 1856 1304 1857
4 956 935 33 1578
4 996 979 61 1629
4 927 659 1349 658
4 927 1349 659 1348
4 644 1349 659 658
4 644 659 1349 1348
4 934 1056 19 1554
4 1030 1015 89 1671
4 78 89 1015 1671
4 1426 129 1806 1798
4 1426 1806 129 1425
4 1093 1806 129 1798
4 1093 129 1806 1425
4 1519 293 1739 1747
4 1519 1739 293 1517
4 1084 1739 293 1747
4 1084 293 1739 1517
4 75 1014 64 1652
4 75 64 1014 1636
4 700 699 48 1065
4 35 699 48 1580
4 35 48 699 1065
4 1030 367 1015 1670
4 159 156 934 1553
4 1056 934 156 1553
4 681 178 1062 680
4 1062 178 681 1061
4 1062 164 681 680
4 681 164 1062 1061
4 1694 1047 1054 1051
4 1694 1054 1047 678
4 1693 1054 1047 1051
4 1693 1047 1054 678
4 957 36 978 1610
4 47 978 36 1610
4 47 36 978 1592
4 166 697 167 1730
4 166 167 697 1555
4 698 167 697 1730
4 170 702 171 2026
4 170 171 702 1628
4 1685 368 176 177
4 176 368 1685 1672
4 176 708 1685 177
4 1685 708 176 1672
4 1056 1553 695 696
4 1056 695 1553 1695
4 158 695 1553 696
4 158 1553 695 1695
4 1609 328 168 169
4 168 328 1609 1579
4 168 700 1609 169
4 1609 700 168 1579
4 935 1577 697 698
4 935 697 1577 1555
4 167 697 1577 698
4 167 1577 697 1555
4 78 1671 77 90
4 78 77 1671 1654
4 706 77 1671 90
4 706 1671 77 1654
4 1610 957 699 700
4 699 957 1610 1580
4 699 48 1610 700
4 1610 48 699 1580
4 20 1554 695 696
4 20 695 1554 1696
4 1056 695 1554 696
4 1056 1554 695 1696
4 704 1630 1014 997
4 704 1014 1630 1651
4 348 1014 1630 997
4 348 1630 1014 1651
4 1653 175 367 358
4 367 175 1653 1670
4 367 1015 1653 358
4 1653 1015 367 1670
4 702 1611 996 979
4 702 996 1611 1628
4 338 996 1611 979
4 338 1611 996 1628
4 700 1579 978 957
4 700 978 1579 1609
4 328 978 1579 957
4 328 1579 978 1609
4 62 1612 61 50
4 62 61 1612 1629
4 979 61 1612 50
4 979 1612 61 1629
4 1631 704 1014 997
4 1014 704 1631 1652
4 1014 64 1631 997
4 1631 64 1014 1652
4 34 1556 33 22
4 34 33 1556 1578
4 935 33 1556 22
4 935 1556 33 1578
4 20 1696 19 116
4 20 19 1696 1554
4 1056 19 1696 116
4 1056 1696 19 1554
4 1309 461 1498 2018
4 1309 1498 461 1501
4 2044 1498 461 2018
4 1089 1090 1811 3
4 1089 1811 1090 1793
4 721 188 720 1864
4 720 188 721 1995
4 721 720 722 1864
4 722 720 721 1995
4 721 722 189 1864
4 189 722 721 1995
4 701 49 702 1067
4 701 702 49 1612
4 62 702 49 1067
4 62 49 702 1612
4 703 76 63 1631
4 703 63 76 591
4 327 318 956 1577
4 935 956 318 1577
4 347 338 996 1628
4 697 21 698 1715
4 697 698 21 1556
4 34 698 21 1715
4 34 21 698 1556
4 164 165 678 1722
4 164 678 165 1687
4 709 678 165 1722
4 709 165 678 1687
4 1047 1693 382 378
4 382 1693 1047 1051
4 382 1052 1047 378
4 1047 1052 382 1051
4 570 110 1047 106
4 570 1047 110 1051
4 1694 1047 110 106
4 1694 110 1047 1051
4 114 678 105 1719
4 114 105 678 1688
4 709 105 678 1719
4 709 678 105 1688
4 1093 129 1813 1794
4 1093 1813 129 1425
4 1427 1813 129 1794
4 1427 129 1813 1425
4 1736 1084 1521 1751
4 1736 1521 1084 1517
4 293 1521 1084 1751
4 293 1084 1521 1517
4 121 1836 111 1725
4 121 111 1836 1839
4 1120 633 649 140
4 1120 1358 649 1359
4 705 706 174 2031
4 705 174 706 1653
4 175 174 706 2031
4 175 706 174 1653
4 295 1088 1814 493
4 295 1814 1088 1796
4 115 695 20 1696
4 1828 137 1038 1054
4 1828 1038 137 631
4 1693 1038 137 1054
4 1693 137 1038 631
4 1266 922 1324 2008
4 1266 1324 922 312
4 967 639 1114 146
4 1114 639 967 1826
4 1516 281 1249 1305
4 1516 1249 281 278
4 848 1249 281 1305
4 848 281 1249 278
4 1120 140 1022 633
4 303 2012 1298 1134
4 1298 2012 303 914
4 1298 1128 303 1134
4 303 1128 1298 914
4 1101 1093 1811 1793
4 1101 1811 1093 1102
4 2021 1439 1452 1454
4 1452 1439 2021 2026
4 1299 1290 1330 916
4 1299 1330 1290 2010
4 306 1330 1290 916
4 306 1290 1330 2010
4 1087 1737 8 483
4 1036 1841 1035 372
4 373 1035 1841 372
4 725 726 2035 193
4 2035 726 725 2023
4 2035 2040 725 193
4 725 2040 2035 2023
4 483 394 1734 9
4 1661 1120 1022 1823
4 1661 1022 1120 140
4 316 1321 1250 926
4 316 1250 1321 2009
4 1259 1250 1321 926
4 1259 1321 1250 2009
4 394 1380 484 9
4 484 1380 394 1086
4 689 2021 169 1454
4 169 2021 689 2040
4 1463 2045 1064 1459
4 1463 1064 2045 387
4 1103 468 128 2
4 128 133 1103 2
4 873 1510 1504 1994
4 873 1504 1510 743
4 484 1751 294 1086
4 294 1411 484 1086
4 484 1411 294 10
4 1842 1043 1040 373
4 1842 1674 1040 1683
4 168 2021 2040 2032
4 168 2040 2021 169
4 2037 1446 2026 171
4 2037 2026 1446 2025
4 1999 783 1918 1916
4 1918 783 1999 899
4 525 1815 1596 1594
4 525 1596 1815 618
4 2037 1483 2034 2019
4 2037 2034 1483 197
4 386 682 1731 177
4 386 1731 682 1060
4 682 386 1996 209
4 682 1996 386 1060
4 726 2023 2043 724
4 726 2043 2023 2035
4 1360 647 1122 1361
4 631 1122 647 1361
4 631 647 1122 138
4 647 1360 1332 1361
4 1332 914 647 1361
4 647 914 1332 304
4 1183 1910 1908 1191
4 1660 554 1656 81
4 1660 1656 554 1666
4 553 1656 554 81
4 553 554 1656 1666
4 1910 1909 787 779
4 1067 2025 2026 1339
4 2026 2025 1067 702
4 1299 906 2003 2010
4 2003 906 1299 1969
4 1312 2019 2034 730
4 2034 2019 1312 1365
4 1289 447 1288 1235
4 535 984 1616 989
4 535 1616 984 981
4 1617 1616 984 989
4 1617 984 1616 981
4 1019 85 554 82
4 936 956 318 935
4 741 386 1309 208
4 1309 386 741 1996
4 1309 740 741 208
4 1675 1420 100 1684
4 1675 100 1420 566
4 1116 1640 1006 1822
4 1116 1006 1640 143
4 2006 309 1327 1946
4 2006 1327 309 1326
4 1726 115 20 584
4 20 115 1726 695
4 1726 696 20 695
4 359 1016 367 358
4 359 367 1016 1658
4 1015 367 1016 358
4 1307 857 1252 1308
4 1148 1156 1306 1135
4 1299 262 2010 1290
4 1299 2010 262 906
4 1900 1173 1162 1163
4 1900 1162 1173 1890
4 1175 1256 1260 1257
4 452 1288 447 1235
4 447 1288 452 1955
4 1070 2020 1341 1342
4 1069 1070 2020 1341
4 1069 2020 1070 1453
4 1229 1234 1955 447
4 1955 1234 1229 1963
4 1955 1292 1229 447
4 1229 1292 1955 1963
4 1106 493 300 1814
4 1106 300 493 1532
4 11 300 493 1814
4 11 493 300 1532
4 1184 1910 1919 1921
4 1184 1919 1910 1190
4 1757 1388 489 1378
4 489 1388 1757 1783
4 78 89 1016 1015
4 943 947 937 942
4 1255 1169 1176 1157
4 821 1287 1236 1225
4 327 319 956 318
4 327 956 319 1562
4 936 956 319 318
4 936 319 956 1562
4 1809 493 1812 1088
4 1809 1812 493 1106
4 1814 1812 493 1088
4 1814 493 1812 1106
4 1756 1402 1782 1398
4 1782 1402 1756 1778
4 1529 1319 911 302
4 911 1319 1529 2007
4 1975 1146 1254 1156
4 1769 1398 1375 1756
4 1769 1375 1398 1396
4 1261 1161 1893 1260
4 1893 1907 1261 1260
4 1261 1907 1893 1905
4 1247 454 1300 455
4 1247 1300 454 1297
4 1240 1300 454 455
4 285 214 1252 857
4 1252 214 285 1976
4 1252 1307 285 857
4 285 1307 1252 1976
4 1306 411 1156 1148
4 1306 1156 411 1975
4 410 1156 411 1148
4 410 411 1156 1975
4 420 1256 1260 1175
4 1260 1256 420 1893
4 1260 415 420 1175
4 420 415 1260 1893
4 1561 324 949 950
4 949 324 1561 1573
4 1040 1035 99 1675
4 1040 99 1035 565
4 96 99 1035 1675
4 96 1035 99 565
4 1892 417 1262 1167
4 1262 417 1892 1904
4 887 1412 1386 486
4 887 1386 1412 1780
4 419 1255 1176 1892
4 1176 1255 419 1169
4 1176 418 419 1892
4 419 418 1176 1169
4 937 320 947 943
4 937 947 320 1561
4 323 947 320 943
4 323 320 947 1561
4 347 339 996 338
4 347 996 339 1615
4 980 996 339 338
4 980 339 996 1615
4 247 793 1210 238
4 247 1210 793 1940
4 1195 1210 793 238
4 1195 793 1210 1940
4 1194 1177 1188 421
4 1194 426 1188 1924
4 1188 426 1194 421
4 1209 1273 1276 430
4 1276 431 1209 430
4 1209 431 1276 1939
4 932 676 1552 162
4 932 1552 676 1703
4 673 1552 676 162
4 673 676 1552 1703
4 851 747 1976 214
4 851 1976 747 1885
4 1252 1976 747 214
4 1252 747 1976 1885
4 259 1287 1236 821
4 1236 1287 259 1956
4 1236 267 259 821
4 259 267 1236 1956
4 159 155 934 156
4 159 934 155 1711
4 1056 934 155 156
4 1265 781 234 231
4 363 1020 1024 1655
4 363 1024 1020 362
4 1019 1020 1024 362
4 1245 1237 1246 1295
4 1245 1246 1237 1248
4 1246 1237 1300 1295
4 1246 1300 1237 1248
4 1300 1237 833 1295
4 1300 833 1237 1248
4 833 1237 832 1295
4 833 832 1237 1248
4 1297 834 833 1300
4 833 834 1297 1296
4 1297 833 1295 1300
4 1295 833 1297 1296
4 1297 1295 1246 1300
4 1246 1295 1297 1296
4 1297 1246 1247 1300
4 1247 1246 1297 1296
4 1039 83 625 98
4 1039 625 83 1823
4 554 1666 1017 1660
4 1016 79 89 78
4 89 79 1016 1657
4 996 346 1615 347
4 982 1615 346 347
4 982 346 1615 1624
4 545 1002 1007 68
4 1007 1002 545 1647
4 1007 71 545 68
4 545 71 1007 1647
4 1281 439 1223 438
4 1211 1220 442 437
4 539 1616 989 57
4 1160 1260 414 415
4 1175 1260 414 1257
4 1175 414 1260 415
4 326 939 1562 327
4 1562 939 326 1574
4 1562 956 326 327
4 326 956 1562 1574
4 54 535 989 984
4 989 535 54 57
4 54 538 989 57
4 1264 230 234 781
4 234 230 1264 1925
4 234 1265 1264 781
4 1264 1265 234 1925
4 1254 409 1975 1884
4 1254 1975 409 1146
4 1149 1975 409 1884
4 1149 409 1975 1146
4 1261 416 1893 1161
4 1261 1893 416 1905
4 1174 1893 416 1161
4 1174 416 1893 1905
4 328 958 1605 957
4 329 958 1605 328
4 329 1605 958 1589
4 1279 1220 442 1211
4 444 1280 439 1223
4 444 439 1280 1943
4 1281 439 1280 1223
4 821 258 1236 267
4 821 1236 258 1225
4 830 1236 258 267
4 527 971 1590 1607
4 527 1590 971 969
4 522 527 1590 1607
4 1590 527 522 43
4 1572 321 952 1560
4 952 321 1572 325
4 43 523 969 40
4 43 969 523 1590
4 964 969 523 40
4 1829 28 929 13
4 1829 929 28 946
4 510 929 28 13
4 1231 1234 1954 1962
4 1954 1234 1231 450
4 1954 1236 1231 1962
4 1231 1236 1954 450
4 471 663 931 5
4 163 931 663 5
4 163 663 931 1703
4 930 1824 0 467
4 930 0 1824 614
4 1943 1284 1285 1215
4 1286 1224 1942 1218
4 443 1279 442 1942
4 442 1279 443 1220
4 1057 117 19 116
4 19 117 1057 1704
4 19 1056 1057 116
4 750 1974 1879 1882
4 1879 1974 750 854
4 74 1014 1649 1636
4 74 1649 1014 1013
4 1883 1972 853 1973
4 1883 853 1972 1879
4 1722 1719 1450 1724
4 1722 1450 1719 678
4 1451 1450 1719 1724
4 1451 1719 1450 678
4 571 1038 1054 97
4 1054 112 571 97
4 571 112 1054 1694
4 578 18 1704 19
4 578 1704 18 1544
4 934 1704 18 19
4 18 933 1704 934
4 1704 933 18 1544
4 450 1233 1236 1954
4 450 1236 1233 445
4 1225 1233 1236 445
4 1779 491 1403 1393
4 1403 491 1779 882
4 1403 1763 1779 1393
4 1779 1763 1403 882
4 829 1236 1956 1964
4 1956 1236 829 267
4 1233 1287 1236 1954
4 1233 1236 1287 1225
4 471 931 582 4
4 15 931 582 1710
4 15 582 931 4
4 1286 1218 1951 441
4 1286 1951 1218 1942
4 1217 1951 1218 441
4 1215 1216 1950 1943
4 1950 1216 1215 440
4 1950 1285 1215 1943
4 1215 1285 1950 440
4 64 998 1014 1636
4 64 1014 998 997
4 497 581 1710 15
4 1710 581 497 1543
4 1710 931 497 15
4 497 931 1710 1543
4 1266 243 900 232
4 1266 900 243 2008
4 967 619 988 41
4 967 988 619 1826
4 56 988 619 41
4 56 619 988 1826
4 969 964 965 332
4 969 333 965 1591
4 965 333 969 332
4 1971 752 1973 1880
4 1973 752 1971 852
4 1003 1002 353 1639
4 1003 353 1002 352
4 506 32 1563 33
4 506 1563 32 1576
4 956 1563 32 33
4 956 32 1563 1576
4 979 980 61 50
4 51 61 980 50
4 51 980 61 1618
4 956 936 33 935
4 956 33 936 1563
4 22 33 936 935
4 706 77 593 1070
4 706 593 77 90
4 827 828 1965 265
4 1965 828 827 1957
4 60 996 1618 61
4 1618 996 60 1627
4 1618 533 60 61
4 60 533 1618 1627
4 1668 1030 1659 1657
4 2021 699 1065 2042
4 2021 1065 699 700
4 1273 797 244 241
4 1667 1659 1030 1658
4 1193 1265 1268 422
4 1268 423 1193 422
4 1193 423 1268 1913
4 434 1205 1210 1930
4 434 1210 1205 429
4 1195 1205 1210 429
4 1135 217 850 283
4 1308 407 1155 406
4 1257 763 1260 221
4 224 1260 763 221
4 224 763 1260 1895
4 756 187 722 190
4 756 722 187 720
4 1980 722 187 190
4 1980 187 722 720
4 1177 1194 776 228
4 237 1194 776 1914
4 237 776 1194 228
4 227 757 1176 218
4 227 1176 757 1894
4 1157 1176 757 218
4 509 942 29 26
4 984 985 343 342
4 1891 770 1903 760
4 1903 770 1891 1902
4 1273 1272 244 797
4 1273 244 1272 1931
4 240 244 1272 797
4 240 1272 244 1931
4 217 850 1306 1135
4 217 1156 1306 1978
4 1306 1156 217 1135
4 407 1155 1307 1308
4 407 1252 1307 1977
4 1307 1252 407 1308
4 1256 763 1260 1257
4 1256 1260 763 1895
4 757 1255 1176 1157
4 757 1176 1255 1894
4 29 509 937 942
4 29 947 937 1564
4 937 947 29 942
4 738 1315 203 736
4 738 820 203 206
4 203 820 738 736
4 984 981 343 985
4 984 343 981 1617
4 340 343 981 985
4 340 981 343 1617
4 902 1283 242 1274
4 902 242 1283 253
4 812 242 1283 1274
4 812 1283 242 253
4 1622 341 994 345
4 994 341 1622 1613
4 711 1989 874 1984
4 874 1989 711 1488
4 936 23 33 22
4 936 33 23 1563
4 1910 1920 1183 1908
4 1183 1920 1910 1921
4 1035 1033 1841 1036
4 1035 1841 1033 1674
4 370 1841 1033 1036
4 370 1033 1841 1674
4 1306 284 217 1978
4 217 284 1306 850
4 1307 412 407 1977
4 407 412 1307 1155
4 937 25 29 1564
4 29 25 937 509
4 6 912 1318 494
4 1318 912 6 1347
4 1318 1105 6 494
4 6 1105 1318 1347
4 1104 6 1108 1347
4 1104 1108 6 474
4 470 1108 6 1347
4 470 6 1108 474
4 1203 1202 1938 433
4 1938 1202 1203 1930
4 1938 1278 1203 433
4 1203 1278 1938 1930
4 1277 801 1937 245
4 804 1937 801 245
4 804 801 1937 1931
4 321 1570 954 1559
4 954 1570 321 325
4 1919 1910 787 1921
4 787 1910 1919 1909
4 1668 80 89 1657
4 1668 89 80 87
4 1289 823 264 261
4 1289 264 823 1957
4 971 972 1606 334
4 973 1606 972 334
4 1360 648 1331 1359
4 1360 1331 648 915
4 1330 1331 648 1359
4 1330 648 1331 915
4 477 1776 604 605
4 604 1776 477 1413
4 648 1360 1121 1359
4 1121 1360 648 632
4 1121 1120 648 1359
4 648 1120 1121 632
4 1284 815 1945 1952
4 1284 1945 815 254
4 809 1945 815 1952
4 809 815 1945 254
4 1042 1040 1842 1043
4 1842 1040 1042 1683
4 1842 374 1042 1043
4 1042 374 1842 1683
4 1660 1665 1024 1655
4 754 856 1978 217
4 1978 856 754 1887
4 1978 1156 754 217
4 754 1156 1978 1887
4 758 767 1895 224
4 758 1895 767 1907
4 1260 1895 767 224
4 1260 767 1895 1907
4 508 513 1564 1575
4 508 1564 513 29
4 947 1564 513 1575
4 947 513 1564 29
4 762 773 1894 1906
4 762 1894 773 227
4 1176 1894 773 1906
4 1176 773 1894 227
4 1139 1154 1977 407
4 1977 1154 1139 1886
4 1977 1252 1139 407
4 1139 1252 1977 1886
4 1708 1542 1701 1699
4 1701 1542 1708 1549
4 552 1070 1453 592
4 552 1453 1070 1467
4 1315 735 1491 869
4 1315 1491 735 1506
4 992 989 1617 343
4 1617 989 992 1626
4 1617 983 992 343
4 992 983 1617 1626
4 818 810 1944 257
4 1944 810 818 1953
4 1944 1224 818 257
4 818 1224 1944 1953
4 1024 362 1021 1019
4 1021 362 1024 1025
4 1021 1023 1024 1019
4 1024 1023 1021 1025
4 332 969 966 970
4 332 966 969 964
4 968 966 969 970
4 968 969 966 964
4 322 947 944 948
4 322 944 947 942
4 946 944 947 948
4 946 947 944 942
4 1276 430 1197 1198
4 1197 430 1276 1273
4 1197 1275 1276 1198
4 1276 1275 1197 1273
4 1268 422 1179 1180
4 1179 422 1268 1265
4 1179 1267 1268 1180
4 1268 1267 1179 1265
4 1210 429 1196 1195
4 1196 429 1210 1204
4 1196 730 1210 1195
4 1210 730 1196 1204
4 405 1156 1136 1147
4 405 1136 1156 1135
4 718 1136 1156 1147
4 718 1156 1136 1135
4 413 1176 1158 1168
4 413 1158 1176 1157
4 722 1158 1176 1168
4 722 1176 1158 1157
4 726 1194 1178 1177
4 726 1178 1194 1187
4 421 1178 1194 1177
4 421 1194 1178 1187
4 1248 453 1238 1237
4 1238 453 1248 1244
4 1238 742 1248 1237
4 1248 742 1238 1244
4 1236 445 1226 1225
4 1226 445 1236 1232
4 1226 738 1236 1225
4 1236 738 1226 1232
4 930 931 473 471
4 930 473 931 677
4 5 473 931 471
4 5 931 473 677
4 238 1210 792 1195
4 238 792 1210 806
4 730 792 1210 1195
4 730 1210 792 806
4 1267 782 222 1258
4 222 782 1267 233
4 222 2011 1267 1258
4 1267 2011 222 233
4 1308 911 746 1251
4 1308 746 911 858
4 213 746 911 1251
4 213 911 746 858
4 968 969 524 526
4 968 524 969 964
4 40 524 969 526
4 40 969 524 964
4 1006 1007 546 548
4 1006 546 1007 1002
4 68 546 1007 548
4 68 1007 546 1002
4 271 1300 835 837
4 271 835 1300 1297
4 1299 835 1300 837
4 1299 1300 835 1297
4 186 716 755 718
4 186 755 716 849
4 1135 755 716 718
4 1135 716 755 849
4 726 1194 775 791
4 726 775 1194 1177
4 228 775 1194 791
4 228 1194 775 1177
4 819 257 1211 248
4 819 1211 257 1224
4 268 1248 831 1237
4 268 831 1248 841
4 742 831 1248 1237
4 742 1248 831 841
4 930 931 472 496
4 930 472 931 471
4 4 472 931 496
4 4 931 472 471
4 1259 1260 764 1257
4 1259 764 1260 766
4 221 764 1260 1257
4 221 1260 764 766
4 218 1176 756 1157
4 218 756 1176 774
4 722 756 1176 1157
4 722 1176 756 774
4 1791 1387 1404 1773
4 1404 1387 1791 1410
4 1810 3 1104 474
4 1810 1104 3 395
4 1108 1104 3 474
4 1108 3 1104 395
4 1140 1971 1153 1880
4 1153 1971 1140 1154
4 808 1211 257 248
4 811 254 1281 251
4 808 1279 257 1211
4 811 254 1280 1281
4 1480 1990 1997 713
4 1480 1997 1990 1981
4 1442 1725 1732 1716
4 1732 1725 1442 679
4 533 1622 1627 541
4 533 1627 1622 1613
4 1150 1882 1881 1144
4 1150 1881 1882 1974
4 1362 1125 152 399
4 1362 152 1125 714
4 385 152 1125 399
4 385 1125 152 714
4 1124 1362 152 399
4 152 1362 1124 661
4 152 385 1124 399
4 1124 385 152 661
4 870 203 738 1315
4 870 738 203 206
4 250 1280 254 1945
4 250 254 1280 811
4 249 1279 257 808
4 249 257 1279 1944
4 1600 1598 1585 1584
4 1585 1598 1600 976
4 1585 960 1600 1584
4 1600 960 1585 976
4 724 191 726 775
4 724 726 191 1310
4 194 726 191 775
4 194 191 726 1310
4 1266 243 800 1275
4 800 243 1266 798
4 800 1273 1266 1275
4 1266 1273 800 798
4 345 1614 1622 341
4 345 1622 1614 1623
4 1587 335 974 331
4 974 335 1587 1601
4 1481 1076 1995 1985
4 1995 1076 1481 188
4 1443 1076 1730 166
4 1443 1730 1076 1720
4 1771 1412 1376 1408
4 1376 1412 1771 1780
4 1771 1758 1376 1780
4 1211 732 819 807
4 1211 819 732 734
4 202 819 732 807
4 202 732 819 734
4 1208 1939 1935 1200
4 1208 1935 1939 1929
4 176 1731 708 177
4 1924 1189 1919 1185
4 1919 1189 1924 1911
4 1123 1124 136 398
4 1123 136 1124 661
4 385 136 1124 398
4 385 1124 136 661
4 385 1125 182 400
4 385 182 1125 714
4 1333 182 1125 400
4 1333 1125 182 714
4 862 1509 1484 1983
4 862 1484 1509 719
4 1718 504 584 1471
4 584 504 1718 585
4 502 1702 576 577
4 576 1702 502 1548
4 500 1701 1547 579
4 1547 1701 500 1539
4 551 1636 1646 543
4 1646 1636 551 1649
4 1639 1011 1645 1648
4 1639 1645 1011 1001
4 1906 1892 1889 1904
4 1889 1892 1906 1894
4 1575 1561 1557 1573
4 1557 1561 1575 1564
4 842 711 211 744
4 842 211 711 180
4 1984 211 711 744
4 1984 711 211 180
4 732 202 868 1314
4 732 868 202 199
4 1955 1962 1234 1963
4 1234 1962 1955 1954
4 777 1925 1920 1912
4 1920 1925 777 789
4 1913 1265 1193 1264
4 1913 1193 1265 1268
4 1551 1705 669 1545
4 1551 669 1705 1711
4 1205 1195 1930 1271
4 1205 1930 1195 1210
4 1024 1666 1669 1660
4 1669 1666 1024 1026
4 1669 1665 1024 1660
4 1024 1665 1669 1026
4 1940 796 1936 1928
4 1940 1936 796 802
4 1551 669 160 670
4 160 669 1551 1711
4 1956 1965 828 1964
4 1587 1582 1599 1583
4 1599 1597 1587 1583
4 1587 1597 1599 1601
4 1703 673 1546 1552
4 1703 1546 673 666
4 1693 164 378 1687
4 1693 378 164 383
4 1412 886 887 1780
4 1412 887 886 487
4 913 1361 303 1332
4 303 1361 913 646
4 630 1361 137 646
4 137 1361 630 1122
4 1550 154 1542 161
4 1550 1542 154 1713
4 1273 1939 1209 1276
4 1273 1209 1939 1272
4 1177 1924 1188 1263
4 1177 1188 1924 1194
4 776 1914 1177 1263
4 776 1177 1914 1194
4 1627 995 1615 996
4 1627 1615 995 1624
4 346 1615 995 996
4 346 995 1615 1624
4 1708 17 1701 1549
4 1708 1701 17 118
4 963 1606 972 973
4 972 1606 963 1591
4 1587 974 1582 962
4 1608 520 46 1592
4 46 520 1608 530
4 1626 991 1616 989
4 1626 1616 991 1625
4 539 1616 991 989
4 539 991 1616 1625
4 1951 1221 1218 1942
4 1951 1218 1221 1217
4 1943 1216 1941 1222
4 1941 1216 1943 1950
4 1286 1953 1942 1224
4 1942 1953 1286 1951
4 1952 1285 1943 1284
4 1943 1285 1952 1950
4 1694 114 106 113
4 1694 106 114 1688
4 828 1957 1956 822
4 828 1956 1957 1965
4 707 1714 1731 1064
4 1731 1714 707 708
4 1731 176 707 1064
4 707 176 1731 708
4 668 1545 1540 671
4 1540 1545 668 1705
4 2017 912 1529 1531
4 1529 912 2017 1318
4 1703 1543 1698 1710
4 1703 1698 1543 1552
4 647 1121 1122 138
4 647 1122 1121 1360
4 647 1331 1332 1360
4 647 1332 1331 304
4 1182 1913 1908 1922
4 1908 1913 1182 1192
4 742 1309 461 740
4 742 461 1309 1979
4 483 1737 1734 1087
4 1734 1737 483 1058
4 1649 1650 1014 1013
4 1922 1925 1913 1912
4 1922 1913 1925 1269
4 1268 1925 1913 1269
4 1089 1811 1092 1810
4 1089 1092 1811 1793
4 484 1736 1735 1077
4 1735 1736 484 1086
4 1928 1940 1930 1938
4 1278 1940 1930 1210
4 1278 1930 1940 1938
4 1923 1924 1914 1911
4 1923 1914 1924 1270
4 1194 1924 1914 1270
4 996 980 61 979
4 996 61 980 1618
4 1009 1647 1639 1007
4 1009 1639 1647 1648
4 1289 1957 1955 1292
4 1955 1957 1289 1288
4 1955 447 1289 1292
4 1289 447 1955 1288
4 1943 1952 1941 1950
4 1943 1941 1952 1945
4 1942 1953 1941 1944
4 1942 1941 1953 1951
4 1665 1655 1659 1658
4 1665 1667 1659 1669
4 1659 1667 1665 1658
4 1639 1002 1638 999
4 1647 1638 1002 999
4 80 1666 1668 87
4 1668 1666 80 1656
4 1120 139 649 633
4 649 139 1120 1359
4 1046 103 1031 1678
4 1046 1031 103 1686
4 92 1031 103 1678
4 707 708 104 1686
4 368 377 1031 1676
4 368 1031 377 1685
4 1046 1031 377 1676
4 1046 377 1031 1685
4 1726 1471 20 696
4 1726 20 1471 584
4 172 703 173 2030
4 172 173 703 1630
4 704 173 703 2030
4 704 703 173 1630
4 104 1673 103 92
4 104 103 1673 1686
4 1031 103 1673 92
4 1031 1673 103 1686
4 1841 1842 1035 373
4 1841 1035 1842 1674
4 1040 1035 1842 373
4 1040 1842 1035 1674
4 1090 128 1103 468
4 1090 1103 128 1794
4 1051 571 1054 1694
4 1051 1054 571 1038
4 126 1087 1737 8
4 126 1737 1087 1753
4 394 1087 1734 1752
4 394 1734 1087 483
4 998 348 1014 1650
4 998 1014 348 997
4 707 1714 104 708
4 104 1714 707 387
4 1498 461 1316 2044
4 1498 1316 461 1501
4 946 1111 643 149
4 946 1854 643 929
4 643 1854 946 149
4 649 1120 1119 1358
4 1119 1120 649 140
4 1119 634 649 1358
4 649 634 1119 140
4 1735 394 484 9
4 1086 394 1735 1750
4 1086 1735 394 484
4 1829 946 643 929
4 1829 643 946 1111
4 128 612 1813 133
4 1813 612 128 1794
4 1813 1103 128 133
4 128 1103 1813 1794
4 294 484 1736 1751
4 1736 484 294 10
4 1309 742 741 740
4 1309 741 742 1996
4 1015 367 1658 1016
4 1658 367 1015 1030
4 89 1015 1657 1016
4 1657 1015 89 1030
4 1015 1659 1657 1016
4 1657 1659 1015 1030
4 1015 1658 1659 1016
4 1659 1658 1015 1030
4 1299 1300 1239 1240
4 1299 1239 1300 1297
4 454 1239 1300 1240
4 454 1300 1239 1297
4 1056 155 1711 1057
4 1056 1711 155 934
4 1704 1056 1711 1057
4 1704 1711 1056 934
4 19 1056 1704 1057
4 19 1704 1056 934
4 1017 554 85 1666
4 85 554 1017 1019
4 85 1019 1666 1024
4 85 1666 1019 1017
4 1019 1020 1655 1024
4 1019 1655 1020 1017
4 1660 1019 1655 1024
4 1660 1655 1019 1017
4 1666 1019 1660 1024
4 1666 1660 1019 1017
4 1259 1260 1159 1160
4 1259 1159 1260 1257
4 414 1159 1260 1160
4 414 1260 1159 1257
4 989 54 536 538
4 536 54 989 984
4 536 988 989 538
4 989 988 536 984
4 1608 1592 1605 1589
4 958 1605 1592 1589
4 957 36 1592 978
4 1592 36 957 958
4 1592 1605 957 978
4 957 1605 1592 958
4 1211 442 1942 1224
4 1211 1942 442 1279
4 1944 1211 1942 1224
4 1944 1942 1211 1279
4 257 1211 1944 1224
4 257 1944 1211 1279
4 738 1236 820 830
4 738 820 1236 1225
4 258 820 1236 830
4 258 1236 820 1225
4 942 929 512 510
4 942 512 929 946
4 28 512 929 510
4 28 929 512 946
4 1605 977 1592 1608
4 1605 1592 977 978
4 46 1592 977 1608
4 46 977 1592 978
4 964 523 1590 959
4 964 1590 523 969
4 1591 964 1590 959
4 1591 1590 964 969
4 965 964 1591 959
4 965 1591 964 969
4 663 471 1703 662
4 1703 471 663 931
4 471 1710 1703 662
4 1703 1710 471 931
4 471 582 1710 662
4 1710 582 471 931
4 969 972 1606 971
4 1606 972 969 1591
4 1606 1590 969 971
4 969 1590 1606 1591
4 1668 1030 1669 1659
4 1668 1669 1030 1029
4 1667 1669 1030 1659
4 1667 1030 1669 1029
4 1674 1035 1679 1033
4 1679 1035 1674 1040
4 1035 1677 1679 1033
4 1679 1677 1035 1040
4 1035 1675 1677 1033
4 1677 1675 1035 1040
4 254 1281 1945 1280
4 1945 1281 254 1284
4 1281 1943 1945 1280
4 1945 1943 1281 1284
4 1281 439 1943 1280
4 1943 439 1281 1284
4 649 1359 1329 306
4 1329 1359 649 1358
4 1329 917 649 306
4 649 917 1329 1358
4 1376 1771 1770 1758
4 1770 1771 1376 1408
4 1770 1389 1376 1758
4 1376 1389 1770 1408
4 1913 1265 1925 1268
4 1913 1264 1925 1265
4 1925 1264 1913 1912
4 1930 1940 1195 1210
4 1271 1930 1940 1195
4 1271 1940 1930 1928
4 1650 998 1636 1014
4 1636 998 1650 1637
4 1636 1649 1650 1014
4 1650 1649 1636 1637
4 1599 1587 974 1582
4 974 1587 1599 1601
4 1273 1931 1939 1276
4 1937 1931 1939 1929
4 1939 1272 1931 1273
4 1931 1272 1939 1929
4 1924 1914 1177 1194
4 1263 1914 1924 1911
4 1263 1924 1914 1177
4 1676 1031 1679 1046
4 1679 1031 1676 1032
4 1031 1677 1679 1046
4 1679 1677 1031 1032
4 1031 1678 1677 1046
4 1677 1678 1031 1032
4 801 1277 1931 1276
4 801 1931 1277 1937
4 1939 1931 1277 1276
4 1939 1277 1931 1937
4 1353 640 146 654
4 146 640 1353 1114
4 146 639 1353 654
4 1353 639 146 1114
4 312 923 1353 654
4 1353 923 312 1324
4 1353 922 312 654
4 312 922 1353 1324
4 1633 1639 1643 1638
4 1633 1643 1639 1648
4 1647 1643 1639 1638
4 1647 1639 1643 1648
4 1659 1665 1660 1655
4 1660 1665 1659 1669
4 1002 1647 1639 1638
4 1639 1647 1002 1007
4 1355 637 144 1116
4 1355 144 637 652
4 1117 143 1355 1116
4 1117 1355 143 652
4 143 637 1355 1116
4 143 1355 637 652
4 920 1355 310 1326
4 310 1355 920 652
4 309 1327 1355 1326
4 1355 1327 309 652
4 920 309 1355 1326
4 1355 309 920 652

CELL_TYPES 5230
10
10
10
10
10
10
10
10
10
10
10
10
10
10
10
10
10
10
10
10
10
10
10
10
10
10
10
10
10
10
10
10
10
10
10
10
10
10
10
10
10
10
10
10
10
10
10
10
10
10
10
10
10
10
10
10
10
10
10
10
10
10
10
10
10
10
10
10
10
10
10
10
10
10
10
10
10
10
10
10
10
10
10
10
10
10
10
10
10
10
10
10
10
10
10
10
10
10
10
10
10
10
10
10
10
10
10
10
10
10
10
10
10
10
10
10
10
10
10
10
10
10
10
10
10
10
10
10
10
10
10
10
10
10
10
10
10
10
10
10
10
10
10
10
10
10
10
10
10
10
10
10
10
10
10
10
10
10
10
10
10
10
10
10
10
10
10
10
10
10
10
10
10
10
10
10
10
10
10
10
10
10
10
10
10
10
10
10
10
10
10
10
10
10
10
10
10
10
10
10
10
10
10
10
10
10
10
10
10
10
10
10
10
10
10
10
10
10
10
10
10
10
10
10
10
10
10
10
10
10
10
10
10
10
10
10
10
10
10
10
10
10
10
10
10
10
10
10
10
10
10
10
10
10
10
10
10
10
10
10
10
10
10
10
10
10
10
10
10
10
10
10
10
10
10
10
10
10
10
10
10
10
10
10
10
10
10
10
10
10
10
10
10
10
10
10
10
10
10
10
10
10
10
10
10
10
10
10
10
10
10
10
10
10
10
10
10
10
10
10
10
10
10
10
10
10
10
10
10
10
10
10
10
10
10
10
10
10
10
10
10
10
10
10
10
10
10
10
10
10
10
10
10
10
10
10
10
10
10
10
10
10
10
10
10
10
10
10
10
10
10
10
10
10
10
10
10
10
10
10
10
10
10
10
10
10
10
10
10
10
10
10
10
10
10
10
10
10
10
10
10
10
10
10
10
10
10
10
10
10
10
10
10
10
10
10
10
10
10
10
10
10
10
10
10
10
10
10
10
10
10
10
10
10
10
10
10
10
10
10
10
10
10
10
10
10
10
10
10
10
10
10
10
10
10
10
10
10
10
10
10
10
10
10
10
10
10
10
10
10
10
10
10
10
10
10
10
10
10
10
10
10
10
10
10
10
10
10
10
10
10
10
10
10
10
10
10
10
10
10
10
10
10
10
10
10
10
10
10
10
10
10
10
10
10
10
10
10
10
10
10
10
10
10
10
10
10
10
10
10
10
10
10
10
10
10
10
10
10
10
10
10
10
10
10
10
10
10
10
10
10
10
10
10
10
10
10
10
10
10
10
10
10
10
10
10
10
10
10
10
10
10
10
10
10
10
10
10
10
10
10
10
10
10
10
10
10
10
10
10
10
10
10
10
10
10
10
10
10
10
10
10
10
10
10
10
10
10
10
10
10
10
10
10
10
10
10
10
10
10
10
10
10
10
10
10
10
10
10
10
10
10
10
10
10
10
10
10
10
10
10
10
10
10
10
10
10
10
10
10
10
10
10
10
10
10
10
10
10
10
10
10
10
10
10
10
10
10
10
10
10
10
10
10
10
10
10
10
10
10
10
10
10
10
10
10
10
10
10
10
10
10
10
10
10
10
10
10
10
10
10
10
10
10
10
10
10
10
10
10
10
10
10
10
10
10
10
10
10
10
10
10
10
10
10
10
10
10
10
10
10
10
10
10
10
10
10
10
10
10
10
10
10
10
10
10
10
10
10
10
10
10
10
10
10
10
10
10
10
10
10
10
10
10
10
10
10
10
10
10
10
10
10
10
10
10
10
10
10
10
10
10
10
10
10
10
10
10
10
10
10
10
10
10
10
10
10
10
10
10
10
10
10
10
10
10
10
10
10
10
10
10
10
10
10
10
10
10
10
10
10
10
10
10
10
10
10
10
10
10
10
10
10
10
10
10
10
10
10
10
10
10
10
10
10
10
10
10
10
10
10
10
10
10
10
10
10
10
10
10
10
10
10
10
10
10
10
10
10
10
10
10
10
10
10
10
10
10
10
10
10
10
10
10
10
10
10
10
10
10
10
10
10
10
10
10
10
10
10
10
10
10
10
10
10
10
10
10
10
10
10
10
10
10
10
10
10
10
10
10
10
10
10
10
10
10
10
10
10
10
10
10
10
10
10
10
10
10
10
10
10
10
10
10
10
10
10
10
10
10
10
10
10
10
10
10
10
10
10
10
10
10
10
10
10
10
10
10
10
10
10
10
10
10
10
10
10
10
10
10
10
10
10
10
10
10
10
10
10
10
10
10
10
10
10
10
10
10
10
10
10
10
10
10
10
10
10
10
10
10
10
10
10
10
10
10
10
10
10
10
10
10
10
10
10
10
10
10
10
10
10
10
10
10
10
10
10
10
10
10
10
10
10
10
10
10
10
10
10
10
10
10
10
10
10
10
10
10
10
10
10
10
10
10
10
10
10
10
10
10
10
10
10
10
10
10
10
10
10
10
10
10
10
10
10
10
10
10
10
10
10
10
10
10
10
10
10
10
10
10
10
10
10
10
10
10
10
10
10
10
10
10
10
10
10
10
10
10
10
10
10
10
10
10
10
10
10
10
10
10
10
10
10
10
10
10
10
10
10
10
10
10
10
10
10
10
10
10
10
10
10
10
10
10
10
10
10
10
10
10
10
10
10
10
10
10
10
10
10
10
10
10
10
10
10
10
10
10
10
10
10
10
10
10
10
10
10
10
10
10
10
10
10
10
10
10
10
10
10
10
10
10
10
10
10
10
10
10
10
10
10
10
10
10
10
10
10
10
10
10
10
10
10
10
10
10
10
10
10
10
10
10
10
10
10
10
10
10
10
10
10
10
10
10
10
10
10
10
10
10
10
10
10
10
10
10
10
10
10
10
10
10
10
10
10
10
10
10
10
10
10
10
10
10
10
10
10
10
10
10
10
10
10
10
10
10
10
10
10
10
10
10
10
10
10
10
10
10
10
10
10
10
10
10
10
10
10
10
10
10
10
10
10
10
10
10
10
10
10
10
10
10
10
10
10
10
10
10
10
10
10
10
10
10
10
10
10
10
10
10
10
10
10
10
10
10
10
10
10
10
10
10
10
10
10
10
10
10
10
10
10
10
10
10
10
10
10
10
10
10
10
10
10
10
10
10
10
10
10
10
10
10
10
10
10
10
10
10
10
10
10
10
10
10
10
10
10
10
10
10
10
10
10
10
10
10
10
10
10
10
10
10
10
10
10
10
10
10
10
10
10
10
10
10
10
10
10
10
10
10
10
10
10
10
10
10
10
10
10
10
10
10
10
10
10
10
10
10
10
10
10
10
10
10
10
10
10
10
10
10
10
10
10
10
10
10
10
10
10
10
10
10
10
10
10
10
10
10
10
10
10
10
10
10
10
10
10
10
10
10
10
10
10
10
10
10
10
10
10
10
10
10
10
10
10
10
10
10
10
10
10
10
10
10
10
10
10
10
10
10
10
10
10
10
10
10
10
10
10
10
10
10
10
10
10
10
10
10
10
10
10
10
10
10
10
10
10
10
10
10
10
10
10
10
10
10
10
10
10
10
10
10
10
10
10
10
10
10
10
10
10
10
10
10
10
10
10
10
10
10
10
10
10
10
10
10
10
10
10
10
10
10
10
10
10
10
10
10
10
10
10
10
10
10
10
10
10
10
10
10
10
10
10
10
10
10
10
10
10
10
10
10
10
10
10
10
10
10
10
10
10
10
10
10
10
10
10
10
10
10
10
10
10
10
10
10
10
10
10
10
10
10
10
10
10
10
10
10
10
10
10
10
10
10
10
10
10
10
10
10
10
10
10
10
10
10
10
10
10
10
10
10
10
10
10
10
10
10
10
10
10
10
10
10
10
10
10
10
10
10
10
10
10
10
10
10
10
10
10
10
10
10
10
10
10
10
10
10
10
10
10
10
10
10
10
10
10
10
10
10
10
10
10
10
10
10
10
10
10
10
10
10
10
10
10
10
10
10
10
10
10
10
10
10
10
10
10
10
10
10
10
10
10
10
10
10
10
10
10
10
10
10
10
10
10
10
10
10
10
10
10
10
10
10
10
10
10
10
10
10
10
10
10
10
10
10
10
10
10
10
10
10
10
10
10
10
10
10
10
10
10
10
10
10
10
10
10
10
10
10
10
10
10
10
10
10
10
10
10
10
10
10
10
10
10
10
10
10
10
10
10
10
10
10
10
10
10
10
10
10
10
10
10
10
10
10
10
10
10
10
10
10
10
10
10
10
10
10
10
10
10
10
10
10
10
10
10
10
10
10
10
10
10
10
10
10
10
10
10
10
10
10
10
10
10
10
10
10
10
10
10
10
10
10
10
10
10
10
10
10
10
10
10
10
10
10
10
10
10
10
10
10
10
10
10
10
10
10
10
10
10
10
10
10
10
10
10
10
10
10
10
10
10
10
10
10
10
10
10
10
10
10
10
10
10
10
10
10
10
10
10
10
10
10
10
10
10
10
10
10
10
10
10
10
10
10
10
10
10
10
10
10
10
10
10
10
10
10
10
10
10
10
10
10
10
10
10
10
10
10
10
10
10
10
10
10
10
10
10
10
10
10
10
10
10
10
10
10
10
10
10
10
10
10
10
10
10
10
10
10
10
10
10
10
10
10
10
10
10
10
10
10
10
10
10
10
10
10
10
10
10
10
10
10
10
10
10
10
10
10
10
10
10
10
10
10
10
10
10
10
10
10
10
10
10
10
10
10
10
10
10
10
10
10
10
10
10
10
10
10
10
10
10
10
10
10
10
10
10
10
10
10
10
10
10
10
10
10
10
10
10
10
10
10
10
10
10
10
10
10
10
10
10
10
10
10
10
10
10
10
10
10
10
10
10
10
10
10
10
10
10
10
10
10
10
10
10
10
10
10
10
10
10
10
10
10
10
10
10
10
10
10
10
10
10
10
10
10
10
10
10
10
10
10
10
10
10
10
10
10
10
10
10
10
10
10
10
10
10
10
10
10
10
10
10
10
10
10
10
10
10
10
10
10
10
10
10
10
10
10
10
10
10
10
10
10
10
10
10
10
10
10
10
10
10
10
10
10
10
10
10
10
10
10
10
10
10
10
10
10
10
10
10
10
10
10
10
10
10
10
10
10
10
10
10
10
10
10
10
10
10
10
10
10
10
10
10
10
10
10
10
10
10
10
10
10
10
10
10
10
10
10
10
10
10
10
10
10
10
10
10
10
10
10
10
10
10
10
10
10
10
10
10
10
10
10
10
10
10
10
10
10
10
10
10
10
10
10
10
10
10
10
10
10
10
10
10
10
10
10
10
10
10
10
10
10
10
10
10
10
10
10
10
10
10
10
10
10
10
10
10
10
10
10
10
10
10
10
10
10
10
10
10
10
10
10
10
10
10
10
10
10
10
10
10
10
10
10
10
10
10
10
10
10
10
10
10
10
10
10
10
10
10
10
10
10
10
10
10
10
10
10
10
10
10
10
10
10
10
10
10
10
10
10
10
10
10
10
10
10
10
10
10
10
10
10
10
10
10
10
10
10
10
10
10
10
10
10
10
10
10
10
10
10
10
10
10
10
10
10
10
10
10
10
10
10
10
10
10
10
10
10
10
10
10
10
10
10
10
10
10
10
10
10
10
10
10
10
10
10
10
10
10
10
10
10
10
10
10
10
10
10
10
10
10
10
10
10
10
10
10
10
10
10
10
10
10
10
10
10
10
10
10
10
10
10
10
10
10
10
10
10
10
10
10
10
10
10
10
10
10
10
10
10
10
10
10
10
10
10
10
10
10
10
10
10
10
10
10
10
10
10
10
10
10
10
10
10
10
10
10
10
10
10
10
10
10
10
10
10
10
10
10
10
10
10
10
10
10
10
10
10
10
10
10
10
10
10
10
10
10
10
10
10
10
10
10
10
10
10
10
10
10
10
10
10
10
10
10
10
10
10
10
10
10
10
10
10
10
10
10
10
10
10
10
10
10
10
10
10
10
10
10
10
10
10
10
10
10
10
10
10
10
10
10
10
10
10
10
10
10
10
10
10
10
10
10
10
10
10
10
10
10
10
10
10
10
10
10
10
10
10
10
10
10
10
10
10
10
10
10
10
10
10
10
10
10
10
10
10
10
10
10
10
10
10
10
10
10
10
10
10
10
10
10
10
10
10
10
10
10
10
10
10
10
10
10
10
10
10
10
10
10
10
10
10
10
10
10
10
10
10
10
10
10
10
10
10
10
10
10
10
10
10
10
10
10
10
10
10
10
10
10
10
10
10
10
10
10
10
10
10
10
10
10
10
10
10
10
10
10
10
10
10
10
10
10
10
10
10
10
10
10
10
10
10
10
10
10
10
10
10
10
10
10
10
10
10
10
10
10
10
10
10
10
10
10
10
10
10
10
10
10
10
10
10
10
10
10
10
10
10
10
10
10
10
10
10
10
10
10
10
10
10
10
10
10
10
10
10
10
10
10
10
10
10
10
10
10
10
10
10
10
10
10
10
10
10
10
10
10
10
10
10
10
10
10
10
10
10
10
10
10
10
10
10
10
10
10
10
10
10
10
10
10
10
10
10
10
10
10
10
10
10
10
10
10
10
10
10
10
10
10
10
10
10
10
10
10
10
10
10
10
10
10
10
10
10
10
10
10
10
10
10
10
10
10
10
10
10
10
10
10
10
10
10
10
10
10
10
10
10
10
10
10
10
10
10
10
10
10
10
10
10
10
10
10
10
10
10
10
10
10
10
10
10
10
10
10
10
10
10
10
10
10
10
10
10
10
10
10
10
10
10
10
10
10
10
10
10
10
10
10
10
10
10
10
10
10
10
10
10
10
10
10
10
10
10
10
10
10
10
10
10
10
10
10
10
10
10
10
10
10
10
10
10
10
10
10
10
10
10
10
10
10
10
10
10
10
10
10
10
10
10
10
10
10
10
10
10
10
10
10
10
10
10
10
10
10
10
10
10
10
10
10
10
10
10
10
10
10
10
10
10
10
10
10
10
10
10
10
10
10
10
10
10
10
10
10
10
10
10
10
10
10
10
10
10
10
10
10
10
10
10
10
10
10
10
10
10
10
10
10
10
10
10
10
10
10
10
10
10
10
10
10
10
10
10
10
10
10
10
10
10
10
10
10
10
10
10
10
10
10
10
10
10
10
10
10
10
10
10
10
10
10
10
10
10
10
10
10
10
10
10
10
10
10
10
10
10
10
10
10
10
10
10
10
10
10
10
10
10
10
10
10
10
10
10
10
10
10
10
10
10
10
10
10
10
10
10
10
10
10
10
10
10
10
10
10
10
10
10
10
10
10
10
10
10
10
10
10
10
10
10
10
10
10
10
10
10
10
10
10
10
10
10
10
10
10
10
10
10
10
10
10
10
10
10
10
10
10
10
10
10
10
10
10
10
10
10
10
10
10
10
10
10
10
10
10
10
10
10
10
10
10
10
10
10
10
10
10
10
10
10
10
10
10
10
10
10
10
10
10
10
10
10
10
10
10
10
10
10
10
10
10
10
10
10
10
10
10
10
10
10
10
10
10
10
10
10
10
10
10
10
10
10
10
10
10
10
10
10
10
10
10
10
10
10
10
10
10
10
10
10
10
10
10
10
10
10
10
10
10
10
10
10
10
10
10
10
10
10
10
10
10
10
10
10
10
10
10
10
10
10
10
10
10
10
10
10
10
10
10
10
10
10
10
10
10
10
10
10
10
10
10
10
10
10
10
10
10
10
10
10
10
10
10
10
10
10
10
10
10
10
10
10
10
10
10
10
10
10
10
10
10
10
10
10
10
10
10
10
10
10
10
10
10
10
10
10
10
10
10
10
10
10
10
10
10
10
10
10
10
10
10
10
10
10
10
10
10
10
10
10
10
10
10
10
10
10
10
10
10
10
10
10
10
10
10
10
10
10
10
10
10
10
10
10
10
10
10
10
10
10
10
10
10
10
10
10
10
10
10
10
10
10
10
10
10
10
10
10
10
10
10
10
10
10
10
10
10
10
10
10
10
10
10
10
10
10
10
10
10
10
10
10
10
10
10
10
10
10
10
10
10
10
10
10
10
10
10
10
10
10
10
10
10
10
10
10
10
10
10
10
10
10
10
10
10
10
10
10
10
10
10
10
10
10
10
10
10
10
10
10
10
10
10
10
10
10
10
10
10
10
10
10
10
10
10
10
10
10
10
10
10
10
10
10
10
10
10
10
10
10
10
10
10
10
10
10
10
10
10
10
10
10
10
10
10
10
10
10
10
10
10
10
10
10
10
10
10
10
10
10
10
10
10
10
10
10
10
10
10
10
10
10
10
10
10
10
10
10
10
10
10
10
10
10
10
10
10
10
10
10
10
10
10
10
10
10
10
10
10
10
10
10
10
10
10
10
10
10
10
10
10
10
10
10
10
10
10
10
10
10
10
10
10
10
10
10
10
10
10
10
10
10
10
10
10
10
10
10
10
10
10
10
10
10
10
10
10
10
10
10
10
10
10
10
10
10
10
10
10
10
10
10
10
10
10
10
10
10
10
10
10
10
10
10
10
10
10
10
10
10
10
10
10
10
10
10
10
10
10
10
10
10
10
10
10
10
10
10
10
10
10
10
10
10
10
10
10
10
10
10
10
10
10
10
10
10
10
10
10
10
10
10
10
10
10
10
10
10
10
10
10
10
10
10
10
10
10
10
10
10
10
10
10
10
10
10
10
10
10
10
10
10
10
10
10
10
10
10
10
10
10
10
10
10
10
10
10
10
10
10
10
10
10
10
10
10
10
10
10
10
10
10
10
10
10
10
10
10
10
10
10
10
10
10
10
10
10
10
10
10
10
10
10
10
10
10
10
10
10
10
10
10
10
10
10
10
10
10
10
10
10
10
10
10
10
10
10
10
10
10
10
10
10
10
10
10
10
10
10
10
10
10
10
10
10
10
10
10
10
10
10
10
10
10
10
10
10
10
10
10
10
10
10
10
10
10
10
10
10
10
10
10
10
10
10
10
10
10
10
10
10
10
10
10
10
10
10
10
10
10
10
10
10
10
10
10
10
10
10
10
10
10
10
10
10
10
10
10
10
10
10
10
10
10
10
10
10
10
10
10
10
10
10
10
10
10
10
10
10
10
10
10
10
10
10
10
10
10
10
10
10
10
10
10
10
10
10
10
10
10
10
10
10
10
10
10
10
10
10
10
10
10
10
10
10
10
10
10
10
10
10
10
10
10
10
10
10
10
10
10
10
10
10
10
10
10
10
10
10
10
10
10
10
10
10
10
10
10
10
10
10
10
10
10
10
10
10
10
10
10
10
10
10
10
10
10
10
10
10
10
10
10
10
10
10
10
10
10
10
10
10
10
10
10
10
10
10
10
10
10
10
10
10
10
10
10
10
10
10
10
10
10
10
10
10
10
10
10
10
10
10
10
10
10
10
10
10
10
10
10
10
10
10
10
10
10
10
10
10
10
10
10
10
10
10
10
10
10
10
10
10
10
10
10
10
10
10
10
10
10
10
10
10
10
10
10
10
10
10
10
10
10
10
10
10
10
10
10
10
10
10
10
10
10
10
10
10
10
10
10
10
10
10
10
10
10
10
10
10
10
10
10
10
10
10
10
10
10
10
10
10
10
10
10
10
10
10
10
10
10
10
10
10
10
10
10
10
10
10
10
10
10
10
10
10
10
10
10
10
10
10
10
10
10
10
10
10
10
10
10
10
10
10
10
10
10
10
10
10
10
10
10
10
10
10
10
10
10
10
10
10
10
10
10
10
10
10
10
10
10
10
10
10
10
10
10
10
10
10
10
10
10
10
10
10
10
10
10
10
10
10
10
10
10
10
10
10
10
10
10
10
10
10
10
10
10
10
10
10
10
10
10
10
10
10
10
10
10
10
10
10
10
10
10
10
10
10
10
10
10
10
10
10
10
10
10
10
10
10
10
10
10
10
10
10
10
10
10
10
10
10
10
10
10
10
10
10
10
10
10
10
10
10
10
10
10
10
10
10
10
10
10
10
10
10
10
10
10
10
10
10
10
10
10
10
10
10
10
10
10
10
10
10
10
10
10
10
10
10
10
10
10
10
10
10
10
10
10
10
10
10
10
10
10
10
10
10
10
10
10
10
10
10
10
10
10
10
10
10
10
10
10
10
10
10
10
10
10
10
10
10
10
10
10
10
10
10
10
10
10
10
10
10
10
10
10
10
10
10
10
10
10
10
10
10
10
10
10
10
10
10
10
10
10
10
10
10
10
10
10
10
10
10
10
10
10
10
10
10
10
10
10
10
10
10
10
10
10
10
10
10
10
10
10
10
10
10
10
10
10
10
10
10
10
10
10
10
10
10
10
10
10
10
10
10
10
10
10
10
10
10
10
10
10
10
10
10
10
10
10
10
10
10
10
10
10
10
10
10
10
10
10
10
10
10
10
10
10
10
10
10
10
10
10
10
10
10
10
10
10
10
10
10
10
10
10
10
10
10
10
10
10
10
10
10
10
10
10
10
10
10
10
10
10
10
10
10
10
10
10
10
10
10
10
10
10
10
10
10
10
10
10
10
10
10
10
10
10
10
10
10
10
10
10
10
10
10
10
10
10
10
10
10
10
10
10
10
10
10
10
10
10
10
10
10
10
10
10
10
10
10
10
10
10
10
10
10
10
10
10
10
10
10
10
10
10
10
10
10
10
10
10
10
10
10
10
10
10
10
10
10
10
10
10
10
10
10
10
10
10
10
10
10
10
10
10
10
10
10
10
10
10
10
10
10
10
10
10
10
10
10
10
10
10
10
10
10
10
10
10
10
10
10
10
10
10
10
10
10
10
10
10
10
10
10
10
10
10
10
10
10
10
10
10
10
10
10
10
10
10
10
10
10
10
10
10
10
10
10
10
10
10
10
10
10
10
10
10
10
10
10
10
10
10
10
10
10
10
10
10
10
10
10
10
10
10
10
10
10
10
10
10
10
10
10
10
10
10
10
10
10
10
10
10
10
10
10
10
10
10
10
10
10
10
10
10
10
10
10
10
10
10
10
10
10
10
10
10
10
10
10
10
10
10
10
10
10
10
10
10
10
10
10
10
10
10
10
10
10
10
10
10
10
10
10
10
10
10
10
10
10
10
10
10
10
10
10
10
10
10
10
10
10
10
10
10
10
10
10
10
10
10
10
10
10
10
10
10
10
10
10
10
10
10
10
10
10
10
10
10
10
10
10
10
10
10
10
10
10
10
10
10
10
10
10
10
10
10
10
10
10
10
10
10
10
10
10
10
10
10
10
10
10
10
10
10
10
10
10
10
10
10
10
10
10
10
10
10
10
10
10
10
10
10
10
10
10
10
10
10
10
10
10
10
10
10
10
10
10
10
10
10
10
10
10
10
10
10
10
10
10
10
10
10
10
10
10
10
10
10
10
10
10
10
10
10
10
10
10
10
10
10
10
10
10
10
10
10
10
10
10
10
10
10
10
10
10
10
10
10
10
10
10
10
10
10
10
10
10
10
10
10
10
10
10
10
10
10
10
10
10
10
10
10
10
10
10
10
10
10
10
10
10
10
10
10
10
10
10
10
10
10
10
10
10
10
10
10
10
10
10
10
10
10
10
10
10
10
10
10
10
10
10
10
10
10
10
10
10
10
10
10
10
10
10
10
10
10
10
10
10
10
10
10
10
10
10
10
10
10
10
10
10
10
10
10
10
10
10
10
10
10
10
10
10
10
10
10
10
10
10
10
10
10
10
10
10
10
10
10
10
10
10
10
10
10
10
10
10
10
10
10
10
10
10
10
10
10
10
10
10
10
10
10
10
10
10
10
10
10
10
10
10
10
10
10
10
10
10
10
10
10
10
10
10
10
10
10
10
10
10
10
10
10
10
10

CELL_DATA 5230
SCALARS CellEntityIds int 1
LOOKUP_TABLE default
3
3
3
3
3
3
3
3
3
3
3
3
3
3
3
3
3
3
3
3
3
3
3
3
3
3
3
3
3
3
3
3
3
3
3
3
3
3
3
3
3
3
3
3
3
3
3
3
3
3
3
3
3
3
3
3
3
3
3
3
3
3
3
3
3
3
3
3
3
3
3
3
3
3
3
3
3
3
3
3
3
3
3
3
3
3
3
3
3
3
3
3
3
3
3
3
3
3
3
3
3
3
3
3
3
3
3
3
3
3
3
3
3
3
3
3
3
3
3
3
3
3
3
3
3
3
3
3
3
3
3
3
3
3
3
3
3
3
3
3
3
3
3
3
3
3
3
3
3
3
3
3
3
3
3
3
3
3
3
3
3
3
3
3
3
3
3
3
3
3
3
3
3
3
3
3
3
3
3
3
3
3
3
3
3
3
3
3
3
3
3
3
3
3
3
3
3
3
3
3
3
3
3
3
3
3
3
3
3
3
3
3
3
3
3
3
3
3
3
3
3
3
3
3
3
3
3
3
3
3
3
3
3
3
3
3
3
3
3
3
3
3
3
3
3
3
3
3
3
3
3
3
3
3
3
3
3
3
3
3
3
3
3
3
3
3
3
3
3
3
3
3
3
3
3
3
3
3
3
3
3
3
3
3
3
3
3
3
3
3
3
3
3
3
3
3
3
3
3
3
3
3
3
3
3
3
3
3
3
3
3
3
3
3
3
3
3
3
3
3
3
3
3
3
3
3
3
3
3
3
3
3
3
3
3
3
3
3
3
3
3
3
3
3
3
3
3
3
3
3
3
3
3
3
3
3
3
3
3
3
3
3
3
3
3
3
3
3
3
3
3
3
3
3
3
3
3
3
3
3
3
3
3
3
3
3
3
3
3
3
3
3
3
3
3
3
3
3
3
3
3
3
3
3
3
3
3
3
3
3
3
3
3
3
3
3
3
3
3
3
3
3
3
3
3
3
3
3
3
3
3
3
3
3
3
3
3
3
3
3
3
3
3
3
3
3
3
3
3
3
3
3
3
3
3
3
3
3
3
3
3
3
3
3
3
3
3
3
3
3
3
3
3
3
3
3
3
3
3
3
3
3
3
3
3
3
3
3
3
3
3
3
3
3
3
3
3
3
3
3
3
3
3
3
3
3
3
3
3
3
3
3
3
3
3
3
3
3
3
3
3
3
3
3
3
3
3
3
3
3
3
3
3
3
3
3
3
3
3
3
3
3
3
3
3
3
3
3
3
3
3
3
3
3
3
3
3
3
3
3
3
3
3
3
3
3
3
3
3
3
3
3
3
3
3
3
3
3
3
3
3
3
3
3
3
3
3
3
3
3
3
3
3
3
3
3
3
3
3
3
3
3
3
3
3
3
3
3
3
3
3
3
3
3
3
3
3
3
3
3
3
3
3
3
3
3
3
3
3
3
3
3
3
3
3
3
3
3
3
3
3
3
3
3
3
3
3
3
3
3
3
3
3
3
3
3
3
3
3
3
3
3
3
3
3
3
3
3
3
3
3
3
3
3
3
3
3
3
3
3
3
3
3
3
3
3
3
3
3
3
3
3
3
3
3
3
3
3
3
3
3
3
3
3
3
3
3
3
3
3
3
3
3
3
3
3
3
3
3
3
3
3
3
3
3
3
3
3
3
3
3
3
3
3
3
3
3
3
3
3
3
3
3
3
3
3
3
3
3
3
3
3
3
3
3
3
3
3
3
3
3
3
3
3
3
3
3
3
3
3
3
3
3
3
3
3
3
3
3
3
3
3
3
3
3
3
3
3
3
3
3
3
3
3
3
3
3
3
3
3
3
3
3
3
3
3
3
3
3
3
3
3
3
3
3
3
3
3
3
3
3
3
3
3
3
3
3
3
3
3
3
3
3
3
3
3
3
3
3
3
3
3
3
3
3
3
3
3
3
3
3
3
3
3
3
3
3
3
3
3
3
3
3
3
3
3
3
3
3
3
3
3
3
3
3
3
3
3
3
3
3
3
3
3
3
3
3
3
3
3
3
3
3
3
3
3
3
3
3
3
3
3
3
3
3
3
3
3
3
3
3
3
3
3
3
3
3
3
3
3
3
3
3
3
3
3
3
3
3
3
3
3
3
3
3
3
3
3
3
3
3
3
3
3
3
3
3
3
3
3
3
3
3
3
3
3
3
3
3
3
3
3
3
3
3
3
3
3
3
3
3
3
3
3
3
3
3
3
3
3
3
3
3
3
3
3
3
3
3
3
3
3
3
3
3
3
3
3
3
3
3
3
3
3
3
3
3
3
3
3
3
3
3
3
3
3
3
3
3
3
3
3
3
3
3
3
3
3
3
3
3
3
3
3
3
3
3
3
3
3
3
3
3
3
3
3
3
3
3
3
3
3
3
3
3
3
3
3
3
3
3
3
3
3
3
3
3
3
3
3
3
3
3
3
3
3
3
3
3
3
3
3
3
3
3
3
3
3
3
3
3
3
3
3
3
3
3
3
3
3
3
3
3
3
3
3
3
3
3
3
3
3
3
3
3
3
3
3
3
3
3
3
3
3
3
3
3
3
3
3
3
3
3
3
3
3
3
3
3
3
3
3
3
3
3
3
3
3
3
3
3
3
3
3
3
3
3
3
3
3
3
3
3
3
3
3
3
3
3
3
3
3
3
3
3
3
3
3
3
3
3
3
3
3
3
3
3
3
3
3
3
3
3
3
3
3
3
3
3
3
3
3
3
3
3
3
3
3
3
3
3
3
3
3
3
3
3
3
3
3
3
3
3
3
3
3
3
3
3
3
3
3
3
3
3
3
3
3
3
3
3
3
3
3
3
3
3
3
3
3
3
3
3
3
3
3
3
3
3
3
3
3
3
3
3
3
3
3
3
3
3
3
3
3
3
3
3
3
3
3
3
3
3
3
3
3
3
3
3
3
3
3
3
3
3
3
3
3
3
3
3
3
3
3
3
3
3
3
3
3
3
3
3
3
3
3
3
3
3
3
3
3
3
3
3
3
3
3
3
3
3
3
3
3
3
3
3
3
3
3
3
3
3
3
3
3
3
3
3
3
3
3
3
3
3
3
3
3
3
3
3
3
3
3
3
3
3
3
3
3
3
3
3
3
3
3
3
3
3
3
3
3
3
3
3
3
3
3
3
3
3
3
3
3
3
3
3
3
3
3
3
3
3
3
3
3
3
3
3
3
3
3
3
3
3
3
3
3
3
3
3
3
3
3
3
3
3
3
3
3
3
3
3
3
3
3
3
3
3
3
3
3
3
3
3
3
3
3
3
3
3
3
3
3
3
3
3
3
3
3
3
3
3
3
3
3
3
3
3
3
3
3
3
3
3
3
3
3
3
3
3
3
3
3
3
3
3
3
3
3
3
3
3
3
3
3
3
3
3
3
3
3
3
3
3
3
3
3
3
3
3
3
3
3
3
3
3
3
3
3
3
3
3
3
3
3
3
3
3
3
3
3
3
3
3
3
3
3
3
3
3
3
3
3
3
3
3
3
3
3
3
3
3
3
3
3
3
3
3
3
3
3
3
3
3
3
3
3
3
3
3
3
3
3
3
3
3
3
3
3
3
3
3
3
3
3
3
3
3
3
3
3
3
3
3
3
3
3
3
3
3
3
3
3
3
3
3
3
3
3
3
3
3
3
3
3
3
3
3
3
3
3
3
3
3
3
3
3
3
3
3
3
3
3
3
3
3
3
3
3
3
3
3
3
3
3
3
3
3
3
3
3
3
3
3
3
3
3
3
3
3
3
3
3
3
3
3
3
3
3
3
3
3
3
3
3
3
3
3
3
3
3
3
3
3
3
3
3
3
3
3
3
3
3
3
3
3
3
3
3
3
3
3
3
3
3
3
3
3
3
3
3
3
3
3
3
3
3
3
3
3
3
3
3
3
3
3
3
3
3
3
3
3
3
3
3
3
3
3
3
3
3
3
3
3
3
3
3
3
3
3
3
3
3
3
3
3
3
3
3
3
3
3
3
3
3
3
3
3
3
3
3
3
3
3
3
3
3
3
3
3
3
3
3
3
3
3
3
3
3
3
3
3
3
3
3
3
3
3
3
3
3
3
3
3
3
3
3
3
3
3
3
3
3
3
3
3
3
3
3
3
3
3
3
3
3
3
3
3
3
3
3
3
3
3
3
3
3
3
3
3
3
3
3
3
3
3
3
3
3
3
3
3
3
3
3
3
3
3
3
3
3
3
3
3
3
3
3
3
3
3
3
3
3
3
3
3
3
3
3
3
3
3
3
3
3
3
3
3
3
3
3
3
3
3
3
3
3
3
3
3
3
3
3
3
3
3
3
3
3
3
3
3
3
3
3
3
3
3
3
3
3
3
3
3
3
3
3
3
3
3
3
3
3
3
3
3
3
3
3
3
3
3
3
3
3
3
3
3
3
3
3
3
3
3
3
3
3
3
3
3
3
3
3
3
3
3
3
3
3
3
3
3
3
3
3
3
3
3
3
3
3
3
3
3
3
3
3
3
3
3
3
3
3
3
3
3
3
3
3
3
3
3
3
3
3
3
3
3
3
3
3
3
3
3
3
3
3
3
3
3
3
3
3
3
3
3
3
3
3
3
3
3
3
3
3
3
3
3
3
3
3
3
3
3
3
3
3
3
3
3
3
3
3
3
3
3
3
3
3
3
3
3
3
3
3
3
3
3
3
3
3
3
3
3
3
3
3
3
3
3
3
3
3
3
3
3
3
3
3
3
3
3
3
3
3
3
3
3
3
3
3
3
3
3
3
3
3
3
3
3
3
3
3
3
3
3
3
3
3
3
3
3
3
3
3
3
3
3
3
3
3
3
3
3
3
3
3
3
3
3
3
3
3
3
3
3
3
3
3
3
3
3
3
3
3
3
3
3
3
3
3
3
3
3
3
3
3
3
3
3
3
3
3
3
3
3
3
3
3
3
3
3
3
3
3
3
3
3
3
3
3
3
3
3
3
3
3
3
3
3
3
3
3
3
3
3
3
3
3
3
3
3
3
3
3
3
3
3
3
3
3
3
3
3
3
3
3
3
3
3
3
3
3
3
3
3
3
3
3
3
3
3
3
3
3
3
3
3
3
3
3
3
3
3
3
3
3
3
3
3
3
3
3
3
3
3
3
3
3
3
3
3
3
3
3
3
3
3
3
3
3
3
3
3
3
3
3
3
3
3
3
3
3
3
3
3
3
3
3
3
3
3
3
3
3
3
3
3
3
3
3
3
3
3
3
3
3
3
3
3
3
3
3
3
3
3
3
3
3
3
3
3
3
3
3
3
3
3
3
3
3
3
3
3
3
3
3
3
3
3
3
3
3
3
3
3
3
3
3
3
3
3
3
3
3
3
3
3
3
3
3
3
3
3
3
3
3
3
3
3
3
3
3
3
3
3
3
3
3
3
3
3
3
3
3
3
3
3
3
3
3
3
3
3
3
3
3
3
3
3
3
3
3
3
3
3
3
3
3
3
3
3
3
3
3
3
3
3
3
3
3
3
3
3
3
3
3
3
3
3
3
3
3
3
3
3
3
3
3
3
3
3
3
3
3
3
3
3
3
3
3
3
3
3
3
3
3
3
3
3
3
3
3
3
3
3
3
3
3
3
3
3
3
3
3
3
3
3
3
3
3
3
3
3
3
3
3
3
3
3
3
3
3
3
3
3
3
3
3
3
3
3
3
3
3
3
3
3
3
3
3
3
3
3
3
3
3
3
3
3
3
3
3
3
3
3
3
3
3
3
3
3
3
3
3
3
3
3
3
3
3
3
3
3
3
3
3
3
3
3
3
3
3
3
3
3
3
3
3
3
3
3
3
3
3
3
3
3
3
3
3
3
3
3
3
3
3
3
3
3
3
3
3
3
3
3
3
3
3
3
3
3
3
3
3
3
3
3
3
3
3
3
3
3
3
3
3
3
3
3
3
3
3
3
3
3
3
3
3
3
3
3
3
3
3
3
3
3
3
3
3
3
3
3
3
3
3
3
3
3
3
3
3
3
3
3
3
3
3
3
3
3
3
3
3
3
3
3
3
3
3
3
3
3
3
3
3
3
3
3
3
3
3
3
3
3
3
3
3
3
3
3
3
3
3
3
3
3
3
3
3
3
3
3
3
3
3
3
3
3
3
3
3
3
3
3
3
3
3
3
3
3
3
3
3
3
3
3
3
3
3
3
3
3
3
3
3
3
3
3
3
3
3
3
3
3
3
3
3
3
3
3
3
3
3
3
3
3
3
3
3
3
3
3
3
3
3
3
3
3
3
3
3
3
3
3
3
3
3
3
3
3
3
3
3
3
3
3
3
3
3
3
3
3
3
3
3
3
3
3
3
3
3
3
3
3
3
3
3
3
3
3
3
3
3
3
3
3
3
3
3
3
3
3
3
3
3
3
3
3
3
3
3
3
3
3
3
3
3
3
3
3
3
3
3
3
3
3
3
3
3
3
3
3
3
3
3
3
3
3
3
3
3
3
3
3
3
3
3
3
3
3
3
3
3
3
3
3
3
3
3
3
3
3
3
3
3
3
3
3
3
3
3
3
3
3
3
3
3
3
3
3
3
3
3
3
3
3
3
3
3
3
3
3
3
3
3
3
3
3
3
3
3
3
3
3
3
3
3
3
3
3
3
3
3
3
3
3
3
3
3
3
3
3
3
3
3
3
3
3
3
3
3
3
3
3
3
3
3
3
3
3
3
3
3
3
3
3
3
3
3
3
3
3
3
3
3
3
3
3
3
3
3
3
3
3
3
3
3
3
3
3
3
3
3
3
3
3
3
3
3
3
3
3
3
3
3
3
3
3
3
3
3
3
3
3
3
3
3
3
3
3
3
3
3
3
3
3
3
3
3
3
3
3
3
3
3
3
3
3
3
3
3
3
3
3
3
3
3
3
3
3
3
3
3
3
3
3
3
3
3
3
3
3
3
3
3
3
3
3
3
3
3
3
3
3
3
3
3
3
3
3
3
3
3
3
3
3
3
3
3
3
3
3
3
3
3
3
3
3
3
3
3
3
3
3
3
3
3
3
3
3
3
3
3
3
3
3
3
3
3
3
3
3
3
3
3
3
3
3
3
3
3
3
3
3
3
3
3
3
3
3
3
3
3
3
3
3
3
3
3
3
3
3
3
3
3
3
3
3
3
3
3
3
3
3
3
3
3
3
3
3
3
3
3
3
3
3
3
3
3
3
3
3
3
3
3
3
3
3
3
3
3
3
3
3
3
3
3
3
3
3
3
3
3
3
3
3
3
3
3
3
3
3
3
3
3
3
3
3
3
3
3
3
3
3
3
3
3
3
3
3
3
3
3
3
3
3
3
3
3
3
3
3
3
3
3
3
3
3
3
3
3
3
3
3
3
3
3
3
3
3
3
3
3
3
3
3
3
3
3
3
3
3
3
3
3
3
3
3
3
3
3
3
3
3
3
3
3
3
3
3
3
3
3
3
3
3
3
3
3
3
3
3
3
3
3
3
3
3
3
3
3
3
3
3
3
3
3
3
3
3
3
3
3
3
3
3
3
3
3
3
3
3
3
3
3
3
3
3
3
3
3
3
3
3
3
3
3
3
3
3
3
3
3
3
3
3
3
3
3
3
3
3
3
3
3
3
3
3
3
3
3
3
3
3
3
3
3
3
3
3
3
3
3
3
3
3
3
3
3
3
3
3
3
3
3
3
3
3
3
3
3
3
3
3
3
3
3
3
3
3
3
3
3
3
3
3
3
3
3
3
3
3
3
3
3
3
3
3
3
3
3
3
3
3
3
3
3
3
3
3
3
3
3
3
3
3
3
3
3
3
3
3
3
3
3
3
3
3
3
3
3
3
3
3
3
3
3
3
3
3
3
3
3
3
3
3
3
3
3
3
3
3
3
3
3
3
3
3
3
3
3
3
3
3
3
3
3
3
3
3
3
3
3
3
3
3
3
3
3
3
3
3
3
3
3
3
3
3
3
3
3
3
3
3
3
3
3
3
3
3
3
3
3
3
3
3
3
3
3
3
3
3
3
3
3
3
3
3
3
3
3
3
3
3
3
3
3
3
3
3
3
3
3
3
3
3
3
3
3
3
3
3
3
3
3
3
3
3
3
3
3
3
3
3
3
3
3
3
3
3
3
3
3
3
3
3
3
3
3
3
3
3
3
3
3
3
3
3
3
3
3
3
3
3
3
3
3
3
3
3
3
3
3
3
3
3
3
3
3
3
3
3
3
3
3
3
3
3
3
3
3
3
3
3
3
3
3
3
3
3
3
3
3
3
3
3
3
3
3
3
3
3
3
3
3
3
3
3
3
3
3
3
3
3
3
3
3
3
3
3
3
3
3
3
3
3
3
3
3
3
3
3
3
3
3
3
3
3
3
3
3
3
3
3
3
3
3
3
3
3
3
3
3
3
3
3
3
3
3
3
3
3
3
3
3
3
3
3
3
3
3
3
3
3
3
3
3
3
3
3
3
3
3
3
3
3
3
3
3
3
3
3
3
3
3
3
3
3
3
3
3
3
3
3
3
3
3
3
3
3
3
3
3
3
3
3
3
3
3
3
3
3
3
3
3
3
3
3
3
3
3
3
3
3
3
3
3
3
3
3
3
3
3
3
3
3
3
3
3
3
3
3
3
3
3
3
3
3
3
3
3
3
3
3
3
3
3
3
3
3
3
3
3
3
3
3
3
3
3
3
3
3
3
3
3
3
3
3
3
3
3
3
3
3
3
3
3
3
3
3
3
3
3
3
3
3
3
3
3
3
3
3
3
3
3
3
3
3
3
3
3
3
3
3
3
3
3
3
3
3
3
3
3
3
3
3
3
3
3
3
3
3
3
3
3
3
3
3
3
3
3
3
3
3
3
3
3
3
3
3
3
3
3
3
3
3
3
3
3
3
3
3
3
3
3
3
3
3
3
3
3
3
3
3
3
3
3
3
3
3
3
3
3
3
3
3
3
3
3
3
3
3
3
3
3
3
3
3
3
3
3
3
3
3
3
3
3
3
3
3
3
3
3
3
3
3
3
3
3
3
3
3
3
3
3
3
3
3
3
3
3
3
3
3
3
3
3
3
3
3
3
3
3
3
3
3
3
3
3
3
3
3
3
3
3
3
3
3
3
3
3
3
3
3
3
3
3
3
3
3
3
3
3
3
3
3
3
3
3
3
3
3
3
3
3
3
3
3
3
3
3
3
3
3
3
3
3
3
3
3
3
3
3
3
3
3
3
3
3
3
3
3
3
3
3
3
3
3
3
3
3
3
3
3
3
3
3
3
3
3
3
3
3
3
3
3
3
3
3
3
3
3
3
3
3
3
3
3
3
3
3
3
3
3
3
3
3
3
3
3
3
3
3
3
3
3
3
3
3
3
3
3
3
3
3
3
3
3
3
3
3
3
3
3
3
3
3
3
3
3
3
3
3
3
3
3
3
3
3
3
3
3
3
3
3
3
3
3
3
3
3
3
3
3
3
3
3
3
3
3
3
3
3
3
3
3
3
3
3
3
3
3
3
3
3
3
3
3
3
3
3
3
3
3
3
3
3
3
3
3
3
3
3
3
3
3
3
3
3
3
3
3
3
3
3
3
3
3
3
3
3
3
3
3
3
3
3
3
3
3
3
3
3
3
3
3
3
3
3
3
3
3
3
3
3
3
3
3
3
3
3
3
3
3
3
3
3
3
3
3
3
3
3
3
3
3
3
3
3
3
3
3
3
3
3
3
3
3
3
3
3
3
3
3
3
3
3
3
3
3
3
3
3
3
3
3
3
3
3
3
3
3
3
3
3
3
3
3
3
3
3
3
3
3
3
3
3
3
3
3
3
3
3
3
3
3
3
3
3
3
3
3
3
3
3
3
3
3
3
3
3
3
3
3
3
3
3
3
3
3
3
3
3
3
3
3
3
3
3
3
3
3
3
3
3
3
3
3
3
3
3
3
3
3
3
3
3
3
3
3
3
3
3
3
3
3
3
3
3
3
3
3
3
3
3
3
3
3
3
3
3
3
3
3
3
3
3
3
3
3
3
3
3
3
3
3
3
3
3
3
3
3
3
3
3
3
3
3
3
3
3
3
3
3
3
3
3
3
3
3
3
3
3
3
3
3
3
3
3
3
3
3
3
3
3
3
3
3
3
3
3
3
3
3
3
3
3
3
3
3
3
3
3
3
3
3
3
3
3
3
3
3
3
3
3
3
3
3
3
3
3
3
3
3
3
3
3
3
3
3
3
3
3
3
3
3
3
3
3
3
3
3
3
3
3
3
3
3
3
3
3
3
3
3
3
3
3
3
3
3
3
3
3
3
3
3
3
3
3
3
3
3
3
3
3
3
3
3
3
3
3
3
3
3
3
3
3
3
3
3
3
3
3
3
3
3
3
3
3
3
3
3
3
3
3
3
3
3
3
3
3
3
3
3
3
3
3
3
3
3
3
3
3
3
3
3
3
3
3
3
3
3
3
3
3
3
3
3
3
3
3
3
3
3
3
3
3
3
3
3
3
3
3
3
3
3
3
3
3
3
3
3
3
3
3
3
3
3
3
3
3
3
3
3
3
3
3
3
3
3
3
3
3
3
3
3
3
3
3
3
3
3
3
3
3
3
3
3
3
3
3
3
3
3
3
3
3
3
3
3
3
3
3
3
3
3
3
3
3
3
3
3
3
3
3
3
3
3
3
3
3
3
3
3
3
3
3
3
3
3
3
3
3
3
3
3
3
3
3
3
3
3
3
3
3
3
3
3
3
3
3
3
3
3
3
3
3
3
3
3
3
3
3
3
3
3
3
3
3
3
3
3
3
3
3
3
3
3
3
3
3
3
3
3
3
3
3
3
3
3
3
3
3
3
3
3
3
3
3
3
3
3
3
3
3
3
3
3
3
3
3
3
3
3
3
3
3
3
3
3
3
3
3
3
3
3
3
3
3
3
3
3
3
3
3
3
3
3
3
3
3
3
3
3
3
3
3
3
3
3
3
3
3
3
3
3
3
3
3
3
3
3
3
3
3
3
3
3
3
3
3
3
3
3
3
3
3
3
3
3
3
3
3
3
3
3
3
3
3
3
3
3
3
3
3
3
3
3
3
3
3
3
3
3
3
3
3
3
3
3
3
3
3
3
3
3
3
3
3
3
3
3
3
3
3
3
3
3
3
3
3
3
3
3
3
3
3
3
3
3
3
3
3
3
3
3
3
3
3
3
3
3
3
3
3
3
3
3
3
3
3
3
3
3
3
3
3
3
3
3
3
3
3
3
3
3
3
3
3
3
3
3
3
3
3
3
3
3
3
3
3
3
3
3
3
3
3
3
3
3
3
3
3
3
3
3
3
3
3
3
3
3
3
3
3
3
3
3
3
3
3
3
3
3
3
3
3
3
3
3
3
3
3
3
3
3
3
3
3
3
3
3
3
3
3
3
3
3
3
3
3
3
3
3
3
3
3
3
3
3
3
3
3
3
3
3
3
3
3
3
3
3
3
3
3
3
3
3
3
3
3
3
3
3
3
3
3
3
3
3
3
3
3
3
3
3
3
3
3
3
3
3
3
3
3
3
3
3
3
3
3
3
3
3
3
3
3
3
3
3
3
3
3
3
3
3
3
3
3
3
3
3
3
3
3
3
3
3
3
3
3
3
3
3
3
3
3
3
3
3
3
3
3
3
3
3
3
3
3
3
3
3
3
3
3
3
3
3
3
3
3
3
3
3
3
3
3
3
3
3
3
3
3
3
3
3
3
3
3
3
3
3
3
3
3
3
3
3
3
3
3
3
3
3
3
3
3
3
3
3
3
3
3
3
3
3
3
3
3
3
3
3
3
3
3
3
3
