solid Created by Gmsh
facet normal 0.264717 -0.964326 -7.66054e-16
  outer loop
    vertex 23.58225069244636 27.15656328385321 23
    vertex 22.61792454452924 26.89184630207204 23
    vertex 23.68772386487481 27.18551670373553 22.0625
  endloop
endfacet
facet normal 0.264717 -0.964326 -1.23235e-15
  outer loop
    vertex 23.58225069244636 27.15656328385321 3
    vertex 24.54657684036348 27.42128026563438 3
    vertex 23.47677752001792 27.1276098639709 3.937499999999998
  endloop
endfacet
facet normal 0.264717 -0.964326 0
  outer loop
    vertex 22.61792454452924 26.89184630207204 23
    vertex 22.61792454452924 26.89184630207204 21.75
    vertex 23.68772386487481 27.18551670373553 22.0625
  endloop
endfacet
facet normal 0.264717 -0.964326 0
  outer loop
    vertex 24.54657684036348 27.42128026563438 3
    vertex 24.54657684036348 27.42128026563438 4.249999999999997
    vertex 23.47677752001792 27.1276098639709 3.937499999999998
  endloop
endfacet
facet normal 0.264717 -0.964326 -1.12503e-15
  outer loop
    vertex 22.61792454452924 26.89184630207204 3
    vertex 23.58225069244636 27.15656328385321 3
    vertex 23.47677752001792 27.1276098639709 3.937499999999998
  endloop
endfacet
facet normal 0.264717 -0.964326 -8.58572e-16
  outer loop
    vertex 24.54657684036348 27.42128026563438 23
    vertex 23.58225069244636 27.15656328385321 23
    vertex 23.68772386487481 27.18551670373553 22.0625
  endloop
endfacet
facet normal 0.264717 -0.964326 0
  outer loop
    vertex 22.61792454452924 26.89184630207204 4.249999999999997
    vertex 22.61792454452924 26.89184630207204 3
    vertex 23.47677752001792 27.1276098639709 3.937499999999998
  endloop
endfacet
facet normal 0.264717 -0.964326 0
  outer loop
    vertex 24.54657684036348 27.42128026563438 21.75
    vertex 24.54657684036348 27.42128026563438 23
    vertex 23.68772386487481 27.18551670373553 22.0625
  endloop
endfacet
facet normal 0.264717 -0.964326 -2.75419e-16
  outer loop
    vertex 22.61792454452924 26.89184630207204 20.49999999999999
    vertex 23.58225069244636 27.15656328385321 19.87499999999998
    vertex 23.59982955451777 27.1613888538336 21.07291666666666
  endloop
endfacet
facet normal 0.264717 -0.964326 -2.81439e-16
  outer loop
    vertex 23.58225069244636 27.15656328385321 19.87499999999998
    vertex 24.54657684036348 27.42128026563438 20.49999999999999
    vertex 23.59982955451777 27.1613888538336 21.07291666666666
  endloop
endfacet
facet normal 0.264717 -0.964326 0
  outer loop
    vertex 23.58225069244636 27.15656328385321 17.37499999999998
    vertex 24.54657684036348 27.42128026563438 17.99999999999998
    vertex 23.58225069244636 27.15656328385321 18.62499999999999
  endloop
endfacet
facet normal 0.264717 -0.964326 0
  outer loop
    vertex 23.58225069244636 27.15656328385321 13.62499999999996
    vertex 24.54657684036348 27.42128026563438 14.24999999999997
    vertex 23.58225069244636 27.15656328385321 14.87499999999997
  endloop
endfacet
facet normal 0.264717 -0.964326 0
  outer loop
    vertex 23.58225069244636 27.15656328385321 7.374999999999988
    vertex 24.54657684036348 27.42128026563438 7.999999999999986
    vertex 23.58225069244636 27.15656328385321 8.624999999999984
  endloop
endfacet
facet normal 0.264717 -0.964326 0
  outer loop
    vertex 23.58225069244636 27.15656328385321 9.874999999999977
    vertex 24.54657684036348 27.42128026563438 10.49999999999998
    vertex 23.58225069244636 27.15656328385321 11.12499999999998
  endloop
endfacet
facet normal 0.264717 -0.964326 1.29023e-15
  outer loop
    vertex 23.58225069244636 27.15656328385321 6.124999999999993
    vertex 22.61792454452924 26.89184630207204 5.499999999999995
    vertex 23.56467183037496 27.15173771387283 4.927083333333329
  endloop
endfacet
facet normal 0.264717 -0.964326 0
  outer loop
    vertex 24.54657684036348 27.42128026563438 10.49999999999998
    vertex 24.54657684036348 27.42128026563438 11.74999999999997
    vertex 23.58225069244636 27.15656328385321 11.12499999999998
  endloop
endfacet
facet normal 0.264717 -0.964326 0
  outer loop
    vertex 23.58225069244636 27.15656328385321 11.12499999999998
    vertex 24.54657684036348 27.42128026563438 11.74999999999997
    vertex 23.58225069244636 27.15656328385321 12.37499999999997
  endloop
endfacet
facet normal 0.264717 -0.964326 0
  outer loop
    vertex 24.54657684036348 27.42128026563438 12.99999999999997
    vertex 24.54657684036348 27.42128026563438 14.24999999999997
    vertex 23.58225069244636 27.15656328385321 13.62499999999996
  endloop
endfacet
facet normal 0.264717 -0.964326 0
  outer loop
    vertex 24.54657684036348 27.42128026563438 5.499999999999995
    vertex 24.54657684036348 27.42128026563438 6.74999999999999
    vertex 23.58225069244636 27.15656328385321 6.124999999999993
  endloop
endfacet
facet normal 0.264717 -0.964326 0
  outer loop
    vertex 22.61792454452924 26.89184630207204 10.49999999999998
    vertex 23.58225069244636 27.15656328385321 9.874999999999977
    vertex 23.58225069244636 27.15656328385321 11.12499999999998
  endloop
endfacet
facet normal 0.264717 -0.964326 0
  outer loop
    vertex 22.61792454452924 26.89184630207204 14.24999999999997
    vertex 23.58225069244636 27.15656328385321 13.62499999999996
    vertex 23.58225069244636 27.15656328385321 14.87499999999997
  endloop
endfacet
facet normal 0.264717 -0.964326 0
  outer loop
    vertex 22.61792454452924 26.89184630207204 5.499999999999995
    vertex 22.61792454452924 26.89184630207204 4.249999999999997
    vertex 23.56467183037496 27.15173771387283 4.927083333333329
  endloop
endfacet
facet normal 0.264717 -0.964326 0
  outer loop
    vertex 24.54657684036348 27.42128026563438 6.74999999999999
    vertex 24.54657684036348 27.42128026563438 7.999999999999986
    vertex 23.58225069244636 27.15656328385321 7.374999999999988
  endloop
endfacet
facet normal 0.264717 -0.964326 0
  outer loop
    vertex 24.54657684036348 27.42128026563438 6.74999999999999
    vertex 23.58225069244636 27.15656328385321 7.374999999999988
    vertex 23.58225069244636 27.15656328385321 6.124999999999993
  endloop
endfacet
facet normal 0.264717 -0.964326 1.28529e-15
  outer loop
    vertex 24.54657684036348 27.42128026563438 5.499999999999995
    vertex 23.58225069244636 27.15656328385321 6.124999999999993
    vertex 23.56467183037496 27.15173771387283 4.927083333333329
  endloop
endfacet
facet normal 0.264717 -0.964326 0
  outer loop
    vertex 24.54657684036348 27.42128026563438 12.99999999999997
    vertex 23.58225069244636 27.15656328385321 13.62499999999996
    vertex 23.58225069244636 27.15656328385321 12.37499999999997
  endloop
endfacet
facet normal 0.264717 -0.964326 0
  outer loop
    vertex 23.58225069244636 27.15656328385321 7.374999999999988
    vertex 22.61792454452924 26.89184630207204 6.74999999999999
    vertex 23.58225069244636 27.15656328385321 6.124999999999993
  endloop
endfacet
facet normal 0.264717 -0.964326 0
  outer loop
    vertex 22.61792454452924 26.89184630207204 17.99999999999998
    vertex 23.58225069244636 27.15656328385321 17.37499999999998
    vertex 23.58225069244636 27.15656328385321 18.62499999999999
  endloop
endfacet
facet normal 0.264717 -0.964326 0
  outer loop
    vertex 23.58225069244636 27.15656328385321 14.87499999999997
    vertex 24.54657684036348 27.42128026563438 15.49999999999997
    vertex 23.58225069244636 27.15656328385321 16.12499999999998
  endloop
endfacet
facet normal 0.264717 -0.964326 0
  outer loop
    vertex 24.54657684036348 27.42128026563438 7.999999999999986
    vertex 24.54657684036348 27.42128026563438 9.24999999999998
    vertex 23.58225069244636 27.15656328385321 8.624999999999984
  endloop
endfacet
facet normal 0.264717 -0.964326 0
  outer loop
    vertex 24.54657684036348 27.42128026563438 9.24999999999998
    vertex 24.54657684036348 27.42128026563438 10.49999999999998
    vertex 23.58225069244636 27.15656328385321 9.874999999999977
  endloop
endfacet
facet normal 0.264717 -0.964326 0
  outer loop
    vertex 24.54657684036348 27.42128026563438 11.74999999999997
    vertex 24.54657684036348 27.42128026563438 12.99999999999997
    vertex 23.58225069244636 27.15656328385321 12.37499999999997
  endloop
endfacet
facet normal 0.264717 -0.964326 0
  outer loop
    vertex 22.61792454452924 26.89184630207204 9.24999999999998
    vertex 22.61792454452924 26.89184630207204 7.999999999999986
    vertex 23.58225069244636 27.15656328385321 8.624999999999984
  endloop
endfacet
facet normal 0.264717 -0.964326 0
  outer loop
    vertex 22.61792454452924 26.89184630207204 10.49999999999998
    vertex 22.61792454452924 26.89184630207204 9.24999999999998
    vertex 23.58225069244636 27.15656328385321 9.874999999999977
  endloop
endfacet
facet normal 0.264717 -0.964326 0
  outer loop
    vertex 22.61792454452924 26.89184630207204 11.74999999999997
    vertex 22.61792454452924 26.89184630207204 10.49999999999998
    vertex 23.58225069244636 27.15656328385321 11.12499999999998
  endloop
endfacet
facet normal 0.264717 -0.964326 0
  outer loop
    vertex 22.61792454452924 26.89184630207204 12.99999999999997
    vertex 22.61792454452924 26.89184630207204 11.74999999999997
    vertex 23.58225069244636 27.15656328385321 12.37499999999997
  endloop
endfacet
facet normal 0.264717 -0.964326 0
  outer loop
    vertex 24.54657684036348 27.42128026563438 4.249999999999997
    vertex 24.54657684036348 27.42128026563438 5.499999999999995
    vertex 23.56467183037496 27.15173771387283 4.927083333333329
  endloop
endfacet
facet normal 0.264717 -0.964326 0
  outer loop
    vertex 24.54657684036348 27.42128026563438 15.49999999999997
    vertex 24.54657684036348 27.42128026563438 16.74999999999998
    vertex 23.58225069244636 27.15656328385321 16.12499999999998
  endloop
endfacet
facet normal 0.264717 -0.964326 0
  outer loop
    vertex 24.54657684036348 27.42128026563438 17.99999999999998
    vertex 24.54657684036348 27.42128026563438 19.24999999999999
    vertex 23.58225069244636 27.15656328385321 18.62499999999999
  endloop
endfacet
facet normal 0.264717 -0.964326 0
  outer loop
    vertex 22.61792454452924 26.89184630207204 17.99999999999998
    vertex 22.61792454452924 26.89184630207204 16.74999999999998
    vertex 23.58225069244636 27.15656328385321 17.37499999999998
  endloop
endfacet
facet normal 0.264717 -0.964326 0
  outer loop
    vertex 22.61792454452924 26.89184630207204 20.49999999999999
    vertex 22.61792454452924 26.89184630207204 19.24999999999999
    vertex 23.58225069244636 27.15656328385321 19.87499999999998
  endloop
endfacet
facet normal 0.264717 -0.964326 0
  outer loop
    vertex 22.61792454452924 26.89184630207204 21.75
    vertex 22.61792454452924 26.89184630207204 20.49999999999999
    vertex 23.59982955451777 27.1613888538336 21.07291666666666
  endloop
endfacet
facet normal 0.264717 -0.964326 0
  outer loop
    vertex 22.61792454452924 26.89184630207204 7.999999999999986
    vertex 22.61792454452924 26.89184630207204 6.74999999999999
    vertex 23.58225069244636 27.15656328385321 7.374999999999988
  endloop
endfacet
facet normal 0.264717 -0.964326 0
  outer loop
    vertex 22.61792454452924 26.89184630207204 14.24999999999997
    vertex 22.61792454452924 26.89184630207204 12.99999999999997
    vertex 23.58225069244636 27.15656328385321 13.62499999999996
  endloop
endfacet
facet normal 0.264717 -0.964326 0
  outer loop
    vertex 22.61792454452924 26.89184630207204 15.49999999999997
    vertex 23.58225069244636 27.15656328385321 14.87499999999997
    vertex 23.58225069244636 27.15656328385321 16.12499999999998
  endloop
endfacet
facet normal 0.264717 -0.964326 0
  outer loop
    vertex 23.58225069244636 27.15656328385321 13.62499999999996
    vertex 22.61792454452924 26.89184630207204 12.99999999999997
    vertex 23.58225069244636 27.15656328385321 12.37499999999997
  endloop
endfacet
facet normal 0.264717 -0.964326 0
  outer loop
    vertex 24.54657684036348 27.42128026563438 14.24999999999997
    vertex 24.54657684036348 27.42128026563438 15.49999999999997
    vertex 23.58225069244636 27.15656328385321 14.87499999999997
  endloop
endfacet
facet normal 0.264717 -0.964326 0
  outer loop
    vertex 22.61792454452924 26.89184630207204 15.49999999999997
    vertex 22.61792454452924 26.89184630207204 14.24999999999997
    vertex 23.58225069244636 27.15656328385321 14.87499999999997
  endloop
endfacet
facet normal 0.264717 -0.964326 0
  outer loop
    vertex 22.61792454452924 26.89184630207204 6.74999999999999
    vertex 22.61792454452924 26.89184630207204 5.499999999999995
    vertex 23.58225069244636 27.15656328385321 6.124999999999993
  endloop
endfacet
facet normal 0.264717 -0.964326 0
  outer loop
    vertex 24.54657684036348 27.42128026563438 20.49999999999999
    vertex 24.54657684036348 27.42128026563438 21.75
    vertex 23.59982955451777 27.1613888538336 21.07291666666666
  endloop
endfacet
facet normal 0.264717 -0.964326 0
  outer loop
    vertex 23.58225069244636 27.15656328385321 9.874999999999977
    vertex 22.61792454452924 26.89184630207204 9.24999999999998
    vertex 23.58225069244636 27.15656328385321 8.624999999999984
  endloop
endfacet
facet normal 0.264717 -0.964326 0
  outer loop
    vertex 22.61792454452924 26.89184630207204 16.74999999999998
    vertex 22.61792454452924 26.89184630207204 15.49999999999997
    vertex 23.58225069244636 27.15656328385321 16.12499999999998
  endloop
endfacet
facet normal 0.264717 -0.964326 0
  outer loop
    vertex 24.54657684036348 27.42128026563438 9.24999999999998
    vertex 23.58225069244636 27.15656328385321 9.874999999999977
    vertex 23.58225069244636 27.15656328385321 8.624999999999984
  endloop
endfacet
facet normal 0.264717 -0.964326 0
  outer loop
    vertex 22.61792454452924 26.89184630207204 7.999999999999986
    vertex 23.58225069244636 27.15656328385321 7.374999999999988
    vertex 23.58225069244636 27.15656328385321 8.624999999999984
  endloop
endfacet
facet normal 0.264717 -0.964326 0
  outer loop
    vertex 22.61792454452924 26.89184630207204 11.74999999999997
    vertex 23.58225069244636 27.15656328385321 11.12499999999998
    vertex 23.58225069244636 27.15656328385321 12.37499999999997
  endloop
endfacet
facet normal 0.264717 -0.964326 0
  outer loop
    vertex 24.54657684036348 27.42128026563438 16.74999999999998
    vertex 24.54657684036348 27.42128026563438 17.99999999999998
    vertex 23.58225069244636 27.15656328385321 17.37499999999998
  endloop
endfacet
facet normal 0.264717 -0.964326 0
  outer loop
    vertex 24.54657684036348 27.42128026563438 19.24999999999999
    vertex 24.54657684036348 27.42128026563438 20.49999999999999
    vertex 23.58225069244636 27.15656328385321 19.87499999999998
  endloop
endfacet
facet normal 0.264717 -0.964326 0
  outer loop
    vertex 22.61792454452924 26.89184630207204 19.24999999999999
    vertex 22.61792454452924 26.89184630207204 17.99999999999998
    vertex 23.58225069244636 27.15656328385321 18.62499999999999
  endloop
endfacet
facet normal 0.264717 -0.964326 0
  outer loop
    vertex 24.54657684036348 27.42128026563438 16.74999999999998
    vertex 23.58225069244636 27.15656328385321 17.37499999999998
    vertex 23.58225069244636 27.15656328385321 16.12499999999998
  endloop
endfacet
facet normal 0.264717 -0.964326 0
  outer loop
    vertex 23.58225069244636 27.15656328385321 17.37499999999998
    vertex 22.61792454452924 26.89184630207204 16.74999999999998
    vertex 23.58225069244636 27.15656328385321 16.12499999999998
  endloop
endfacet
facet normal 0.264717 -0.964326 0
  outer loop
    vertex 23.58225069244636 27.15656328385321 18.62499999999999
    vertex 24.54657684036348 27.42128026563438 19.24999999999999
    vertex 23.58225069244636 27.15656328385321 19.87499999999998
  endloop
endfacet
facet normal 0.264717 -0.964326 0
  outer loop
    vertex 22.61792454452924 26.89184630207204 19.24999999999999
    vertex 23.58225069244636 27.15656328385321 18.62499999999999
    vertex 23.58225069244636 27.15656328385321 19.87499999999998
  endloop
endfacet
facet normal 0.264717 -0.964326 -5.19118e-16
  outer loop
    vertex 24.54657684036348 27.42128026563438 4.249999999999997
    vertex 23.56467183037496 27.15173771387283 4.927083333333329
    vertex 23.47677752001792 27.1276098639709 3.937499999999998
  endloop
endfacet
facet normal 0.264717 -0.964326 1.03824e-15
  outer loop
    vertex 22.61792454452924 26.89184630207204 21.75
    vertex 23.59982955451777 27.1613888538336 21.07291666666666
    vertex 23.68772386487481 27.18551670373553 22.0625
  endloop
endfacet
facet normal 0.264717 -0.964326 -3.58449e-16
  outer loop
    vertex 23.56467183037496 27.15173771387283 4.927083333333329
    vertex 22.61792454452924 26.89184630207204 4.249999999999997
    vertex 23.47677752001792 27.1276098639709 3.937499999999998
  endloop
endfacet
facet normal 0.264717 -0.964326 1.20881e-15
  outer loop
    vertex 23.59982955451777 27.1613888538336 21.07291666666666
    vertex 24.54657684036348 27.42128026563438 21.75
    vertex 23.68772386487481 27.18551670373553 22.0625
  endloop
endfacet
facet normal -0.264717 0.964326 -9.4739e-15
  outer loop
    vertex 11.310727751305 75.6375876614903 23
    vertex 10.24092843095943 75.34391725982681 22.0625
    vertex 10.34640160338788 75.37287067970914 23
  endloop
endfacet
facet normal -0.264717 0.964326 1.29415e-14
  outer loop
    vertex 10.34640160338788 75.37287067970914 3
    vertex 10.24092843095944 75.34391725982681 3.937499999999998
    vertex 11.310727751305 75.6375876614903 3
  endloop
endfacet
facet normal -0.264717 0.964326 0
  outer loop
    vertex 11.310727751305 75.6375876614903 21.75
    vertex 10.24092843095943 75.34391725982681 22.0625
    vertex 11.310727751305 75.6375876614903 23
  endloop
endfacet
facet normal -0.264717 0.964326 0
  outer loop
    vertex 11.310727751305 75.6375876614903 3
    vertex 10.24092843095944 75.34391725982681 3.937499999999998
    vertex 11.310727751305 75.6375876614903 4.249999999999997
  endloop
endfacet
facet normal -0.264717 0.964326 1.13391e-14
  outer loop
    vertex 9.382075455470758 75.10815369792796 3
    vertex 10.24092843095944 75.34391725982681 3.937499999999998
    vertex 10.34640160338788 75.37287067970914 3
  endloop
endfacet
facet normal -0.264717 0.964326 -7.83447e-15
  outer loop
    vertex 10.34640160338788 75.37287067970914 23
    vertex 10.24092843095943 75.34391725982681 22.0625
    vertex 9.382075455470758 75.10815369792796 23
  endloop
endfacet
facet normal -0.264717 0.964326 0
  outer loop
    vertex 9.382075455470758 75.10815369792796 4.249999999999997
    vertex 10.24092843095944 75.34391725982681 3.937499999999998
    vertex 9.382075455470758 75.10815369792796 3
  endloop
endfacet
facet normal -0.264717 0.964326 0
  outer loop
    vertex 9.382075455470758 75.10815369792796 23
    vertex 10.24092843095943 75.34391725982681 22.0625
    vertex 9.382075455470758 75.10815369792796 21.75
  endloop
endfacet
facet normal -0.264717 0.964326 8.70797e-15
  outer loop
    vertex 10.34640160338788 75.37287067970914 19.87499999999998
    vertex 10.32882274131647 75.36804510972874 21.07291666666666
    vertex 11.310727751305 75.6375876614903 20.49999999999999
  endloop
endfacet
facet normal -0.264717 0.964326 8.65517e-15
  outer loop
    vertex 9.382075455470758 75.10815369792796 20.49999999999999
    vertex 10.32882274131647 75.36804510972874 21.07291666666666
    vertex 10.34640160338788 75.37287067970914 19.87499999999998
  endloop
endfacet
facet normal -0.264717 0.964326 0
  outer loop
    vertex 9.382075455470758 75.10815369792796 17.99999999999998
    vertex 10.34640160338788 75.37287067970914 18.62499999999999
    vertex 10.34640160338788 75.37287067970914 17.37499999999998
  endloop
endfacet
facet normal -0.264717 0.964326 0
  outer loop
    vertex 10.34640160338788 75.37287067970914 17.37499999999998
    vertex 10.34640160338788 75.37287067970914 18.62499999999999
    vertex 11.310727751305 75.6375876614903 17.99999999999998
  endloop
endfacet
facet normal -0.264717 0.964326 0
  outer loop
    vertex 9.382075455470758 75.10815369792796 14.24999999999997
    vertex 10.34640160338788 75.37287067970914 14.87499999999997
    vertex 10.34640160338788 75.37287067970914 13.62499999999996
  endloop
endfacet
facet normal -0.264717 0.964326 0
  outer loop
    vertex 10.34640160338788 75.37287067970914 13.62499999999996
    vertex 10.34640160338788 75.37287067970914 14.87499999999997
    vertex 11.310727751305 75.6375876614903 14.24999999999997
  endloop
endfacet
facet normal -0.264717 0.964326 0
  outer loop
    vertex 10.34640160338788 75.37287067970914 11.12499999999998
    vertex 10.34640160338788 75.37287067970914 9.874999999999977
    vertex 9.382075455470758 75.10815369792796 10.49999999999998
  endloop
endfacet
facet normal -0.264717 0.964326 -9.06088e-15
  outer loop
    vertex 10.34640160338788 75.37287067970914 6.124999999999993
    vertex 10.32882274131647 75.36804510972874 4.927083333333329
    vertex 9.382075455470758 75.10815369792796 5.499999999999995
  endloop
endfacet
facet normal -0.264717 0.964326 0
  outer loop
    vertex 11.310727751305 75.6375876614903 10.49999999999998
    vertex 10.34640160338788 75.37287067970914 9.874999999999977
    vertex 10.34640160338788 75.37287067970914 11.12499999999998
  endloop
endfacet
facet normal -0.264717 0.964326 0
  outer loop
    vertex 9.382075455470758 75.10815369792796 9.24999999999998
    vertex 10.34640160338788 75.37287067970914 8.624999999999982
    vertex 9.382075455470758 75.10815369792796 7.999999999999986
  endloop
endfacet
facet normal -0.264717 0.964326 0
  outer loop
    vertex 9.382075455470758 75.10815369792796 12.99999999999997
    vertex 10.34640160338788 75.37287067970914 12.37499999999997
    vertex 9.382075455470758 75.10815369792796 11.74999999999997
  endloop
endfacet
facet normal -0.264717 0.964326 -9.08883e-15
  outer loop
    vertex 11.310727751305 75.6375876614903 5.499999999999995
    vertex 10.32882274131647 75.36804510972874 4.927083333333329
    vertex 10.34640160338788 75.37287067970914 6.124999999999993
  endloop
endfacet
facet normal -0.264717 0.964326 0
  outer loop
    vertex 9.382075455470758 75.10815369792796 7.999999999999986
    vertex 10.34640160338788 75.37287067970914 7.374999999999988
    vertex 9.382075455470758 75.10815369792796 6.74999999999999
  endloop
endfacet
facet normal -0.264717 0.964326 0
  outer loop
    vertex 9.382075455470758 75.10815369792796 6.74999999999999
    vertex 10.34640160338788 75.37287067970914 6.124999999999993
    vertex 9.382075455470758 75.10815369792796 5.499999999999995
  endloop
endfacet
facet normal -0.264717 0.964326 0
  outer loop
    vertex 10.34640160338788 75.37287067970914 7.374999999999988
    vertex 10.34640160338788 75.37287067970914 8.624999999999982
    vertex 11.310727751305 75.6375876614903 7.999999999999986
  endloop
endfacet
facet normal -0.264717 0.964326 0
  outer loop
    vertex 11.310727751305 75.6375876614903 10.49999999999998
    vertex 10.34640160338788 75.37287067970914 11.12499999999998
    vertex 11.310727751305 75.6375876614903 11.74999999999997
  endloop
endfacet
facet normal -0.264717 0.964326 0
  outer loop
    vertex 10.34640160338788 75.37287067970914 11.12499999999998
    vertex 10.34640160338788 75.37287067970914 12.37499999999997
    vertex 11.310727751305 75.6375876614903 11.74999999999997
  endloop
endfacet
facet normal -0.264717 0.964326 0
  outer loop
    vertex 9.382075455470758 75.10815369792796 11.74999999999997
    vertex 10.34640160338788 75.37287067970914 11.12499999999998
    vertex 9.382075455470758 75.10815369792796 10.49999999999998
  endloop
endfacet
facet normal -0.264717 0.964326 0
  outer loop
    vertex 9.382075455470758 75.10815369792796 14.24999999999997
    vertex 10.34640160338788 75.37287067970914 13.62499999999996
    vertex 9.382075455470758 75.10815369792796 12.99999999999997
  endloop
endfacet
facet normal -0.264717 0.964326 0
  outer loop
    vertex 10.34640160338788 75.37287067970914 14.87499999999997
    vertex 10.34640160338788 75.37287067970914 16.12499999999998
    vertex 11.310727751305 75.6375876614903 15.49999999999997
  endloop
endfacet
facet normal -0.264717 0.964326 0
  outer loop
    vertex 11.310727751305 75.6375876614903 4.249999999999997
    vertex 10.32882274131647 75.36804510972874 4.927083333333329
    vertex 11.310727751305 75.6375876614903 5.499999999999995
  endloop
endfacet
facet normal -0.264717 0.964326 0
  outer loop
    vertex 9.382075455470758 75.10815369792796 5.499999999999995
    vertex 10.32882274131647 75.36804510972874 4.927083333333329
    vertex 9.382075455470758 75.10815369792796 4.249999999999997
  endloop
endfacet
facet normal -0.264717 0.964326 0
  outer loop
    vertex 9.382075455470758 75.10815369792796 6.74999999999999
    vertex 10.34640160338788 75.37287067970914 7.374999999999988
    vertex 10.34640160338788 75.37287067970914 6.124999999999993
  endloop
endfacet
facet normal -0.264717 0.964326 0
  outer loop
    vertex 9.382075455470758 75.10815369792796 10.49999999999998
    vertex 10.34640160338788 75.37287067970914 9.874999999999977
    vertex 9.382075455470758 75.10815369792796 9.24999999999998
  endloop
endfacet
facet normal -0.264717 0.964326 0
  outer loop
    vertex 9.382075455470758 75.10815369792796 16.74999999999998
    vertex 10.34640160338788 75.37287067970914 16.12499999999998
    vertex 9.382075455470758 75.10815369792796 15.49999999999997
  endloop
endfacet
facet normal -0.264717 0.964326 0
  outer loop
    vertex 9.382075455470758 75.10815369792796 17.99999999999998
    vertex 10.34640160338788 75.37287067970914 17.37499999999998
    vertex 9.382075455470758 75.10815369792796 16.74999999999998
  endloop
endfacet
facet normal -0.264717 0.964326 0
  outer loop
    vertex 9.382075455470758 75.10815369792796 20.49999999999999
    vertex 10.34640160338788 75.37287067970914 19.87499999999998
    vertex 9.382075455470758 75.10815369792796 19.24999999999999
  endloop
endfacet
facet normal -0.264717 0.964326 0
  outer loop
    vertex 9.382075455470758 75.10815369792796 21.75
    vertex 10.32882274131647 75.36804510972874 21.07291666666666
    vertex 9.382075455470758 75.10815369792796 20.49999999999999
  endloop
endfacet
facet normal -0.264717 0.964326 0
  outer loop
    vertex 11.310727751305 75.6375876614903 6.74999999999999
    vertex 10.34640160338788 75.37287067970914 7.374999999999988
    vertex 11.310727751305 75.6375876614903 7.999999999999986
  endloop
endfacet
facet normal -0.264717 0.964326 0
  outer loop
    vertex 11.310727751305 75.6375876614903 5.499999999999995
    vertex 10.34640160338788 75.37287067970914 6.124999999999993
    vertex 11.310727751305 75.6375876614903 6.74999999999999
  endloop
endfacet
facet normal -0.264717 0.964326 0
  outer loop
    vertex 11.310727751305 75.6375876614903 12.99999999999997
    vertex 10.34640160338788 75.37287067970914 13.62499999999996
    vertex 11.310727751305 75.6375876614903 14.24999999999997
  endloop
endfacet
facet normal -0.264717 0.964326 0
  outer loop
    vertex 11.310727751305 75.6375876614903 12.99999999999997
    vertex 10.34640160338788 75.37287067970914 12.37499999999997
    vertex 10.34640160338788 75.37287067970914 13.62499999999996
  endloop
endfacet
facet normal -0.264717 0.964326 0
  outer loop
    vertex 11.310727751305 75.6375876614903 7.999999999999986
    vertex 10.34640160338788 75.37287067970914 8.624999999999982
    vertex 11.310727751305 75.6375876614903 9.24999999999998
  endloop
endfacet
facet normal -0.264717 0.964326 0
  outer loop
    vertex 11.310727751305 75.6375876614903 9.24999999999998
    vertex 10.34640160338788 75.37287067970914 9.874999999999977
    vertex 11.310727751305 75.6375876614903 10.49999999999998
  endloop
endfacet
facet normal -0.264717 0.964326 0
  outer loop
    vertex 11.310727751305 75.6375876614903 11.74999999999997
    vertex 10.34640160338788 75.37287067970914 12.37499999999997
    vertex 11.310727751305 75.6375876614903 12.99999999999997
  endloop
endfacet
facet normal -0.264717 0.964326 0
  outer loop
    vertex 11.310727751305 75.6375876614903 15.49999999999997
    vertex 10.34640160338788 75.37287067970914 16.12499999999998
    vertex 11.310727751305 75.6375876614903 16.74999999999998
  endloop
endfacet
facet normal -0.264717 0.964326 0
  outer loop
    vertex 11.310727751305 75.6375876614903 20.49999999999999
    vertex 10.32882274131647 75.36804510972874 21.07291666666666
    vertex 11.310727751305 75.6375876614903 21.75
  endloop
endfacet
facet normal -0.264717 0.964326 0
  outer loop
    vertex 10.34640160338788 75.37287067970914 6.124999999999993
    vertex 10.34640160338788 75.37287067970914 7.374999999999988
    vertex 11.310727751305 75.6375876614903 6.74999999999999
  endloop
endfacet
facet normal -0.264717 0.964326 0
  outer loop
    vertex 11.310727751305 75.6375876614903 14.24999999999997
    vertex 10.34640160338788 75.37287067970914 14.87499999999997
    vertex 11.310727751305 75.6375876614903 15.49999999999997
  endloop
endfacet
facet normal -0.264717 0.964326 0
  outer loop
    vertex 9.382075455470758 75.10815369792796 15.49999999999997
    vertex 10.34640160338788 75.37287067970914 14.87499999999997
    vertex 9.382075455470758 75.10815369792796 14.24999999999997
  endloop
endfacet
facet normal -0.264717 0.964326 0
  outer loop
    vertex 9.382075455470758 75.10815369792796 7.999999999999986
    vertex 10.34640160338788 75.37287067970914 8.624999999999982
    vertex 10.34640160338788 75.37287067970914 7.374999999999988
  endloop
endfacet
facet normal -0.264717 0.964326 0
  outer loop
    vertex 9.382075455470758 75.10815369792796 11.74999999999997
    vertex 10.34640160338788 75.37287067970914 12.37499999999997
    vertex 10.34640160338788 75.37287067970914 11.12499999999998
  endloop
endfacet
facet normal -0.264717 0.964326 0
  outer loop
    vertex 10.34640160338788 75.37287067970914 8.624999999999982
    vertex 10.34640160338788 75.37287067970914 9.874999999999977
    vertex 11.310727751305 75.6375876614903 9.24999999999998
  endloop
endfacet
facet normal -0.264717 0.964326 0
  outer loop
    vertex 10.34640160338788 75.37287067970914 13.62499999999996
    vertex 10.34640160338788 75.37287067970914 12.37499999999997
    vertex 9.382075455470758 75.10815369792796 12.99999999999997
  endloop
endfacet
facet normal -0.264717 0.964326 0
  outer loop
    vertex 9.382075455470758 75.10815369792796 9.24999999999998
    vertex 10.34640160338788 75.37287067970914 9.874999999999977
    vertex 10.34640160338788 75.37287067970914 8.624999999999982
  endloop
endfacet
facet normal -0.264717 0.964326 0
  outer loop
    vertex 11.310727751305 75.6375876614903 17.99999999999998
    vertex 10.34640160338788 75.37287067970914 18.62499999999999
    vertex 11.310727751305 75.6375876614903 19.24999999999999
  endloop
endfacet
facet normal -0.264717 0.964326 0
  outer loop
    vertex 10.34640160338788 75.37287067970914 17.37499999999998
    vertex 10.34640160338788 75.37287067970914 16.12499999999998
    vertex 9.382075455470758 75.10815369792796 16.74999999999998
  endloop
endfacet
facet normal -0.264717 0.964326 0
  outer loop
    vertex 9.382075455470758 75.10815369792796 19.24999999999999
    vertex 10.34640160338788 75.37287067970914 18.62499999999999
    vertex 9.382075455470758 75.10815369792796 17.99999999999998
  endloop
endfacet
facet normal -0.264717 0.964326 0
  outer loop
    vertex 11.310727751305 75.6375876614903 16.74999999999998
    vertex 10.34640160338788 75.37287067970914 17.37499999999998
    vertex 11.310727751305 75.6375876614903 17.99999999999998
  endloop
endfacet
facet normal -0.264717 0.964326 0
  outer loop
    vertex 11.310727751305 75.6375876614903 19.24999999999999
    vertex 10.34640160338788 75.37287067970914 19.87499999999998
    vertex 11.310727751305 75.6375876614903 20.49999999999999
  endloop
endfacet
facet normal -0.264717 0.964326 0
  outer loop
    vertex 9.382075455470758 75.10815369792796 15.49999999999997
    vertex 10.34640160338788 75.37287067970914 16.12499999999998
    vertex 10.34640160338788 75.37287067970914 14.87499999999997
  endloop
endfacet
facet normal -0.264717 0.964326 0
  outer loop
    vertex 11.310727751305 75.6375876614903 16.74999999999998
    vertex 10.34640160338788 75.37287067970914 16.12499999999998
    vertex 10.34640160338788 75.37287067970914 17.37499999999998
  endloop
endfacet
facet normal -0.264717 0.964326 0
  outer loop
    vertex 10.34640160338788 75.37287067970914 18.62499999999999
    vertex 10.34640160338788 75.37287067970914 19.87499999999998
    vertex 11.310727751305 75.6375876614903 19.24999999999999
  endloop
endfacet
facet normal -0.264717 0.964326 0
  outer loop
    vertex 9.382075455470758 75.10815369792796 19.24999999999999
    vertex 10.34640160338788 75.37287067970914 19.87499999999998
    vertex 10.34640160338788 75.37287067970914 18.62499999999999
  endloop
endfacet
facet normal -0.264717 0.964326 -1.55735e-16
  outer loop
    vertex 11.310727751305 75.6375876614903 4.249999999999997
    vertex 10.24092843095944 75.34391725982681 3.937499999999998
    vertex 10.32882274131647 75.36804510972874 4.927083333333329
  endloop
endfacet
facet normal -0.264717 0.964326 -2.50799e-15
  outer loop
    vertex 10.32882274131647 75.36804510972874 21.07291666666666
    vertex 10.24092843095943 75.34391725982681 22.0625
    vertex 11.310727751305 75.6375876614903 21.75
  endloop
endfacet
facet normal -0.264717 0.964326 -9.49509e-16
  outer loop
    vertex 10.32882274131647 75.36804510972874 4.927083333333329
    vertex 10.24092843095944 75.34391725982681 3.937499999999998
    vertex 9.382075455470758 75.10815369792796 4.249999999999997
  endloop
endfacet
facet normal -0.264717 0.964326 -2.13544e-15
  outer loop
    vertex 9.382075455470758 75.10815369792796 21.75
    vertex 10.24092843095943 75.34391725982681 22.0625
    vertex 10.32882274131647 75.36804510972874 21.07291666666666
  endloop
endfacet
facet normal 0.964326 0.264717 1.25838e-15
  outer loop
    vertex 11.61228370854067 74.53906238870319 6.019725138233325
    vertex 11.93549109375145 73.36166405686393 5.2829483258107
    vertex 11.59115763614199 74.61602165244123 4.86655898779391
  endloop
endfacet
facet normal 0.964326 0.264717 0
  outer loop
    vertex 24.54657684036348 27.42128026563438 4.249999999999997
    vertex 24.54657684036348 27.42128026563438 3
    vertex 24.28717402668809 28.36624765830902 4.433230548470982
  endloop
endfacet
facet normal 0.964326 0.264717 -8.45896e-16
  outer loop
    vertex 24.54657684036348 27.42128026563438 3
    vertex 24.20719609449018 28.6575958398871 3
    vertex 24.28717402668809 28.36624765830902 4.433230548470982
  endloop
endfacet
facet normal 0.964326 0.264717 5.86485e-16
  outer loop
    vertex 11.93549109375145 73.36166405686393 5.2829483258107
    vertex 11.61228370854067 74.53906238870319 6.019725138233325
    vertex 11.8728088526823 73.59000650647295 6.394859611344734
  endloop
endfacet
facet normal 0.964326 0.264717 9.18879e-16
  outer loop
    vertex 23.82779273705518 30.03970807054316 18.52251237203474
    vertex 24.19609558643483 28.69803340494588 18.5601043574543
    vertex 23.95743550135442 29.56743800059596 17.47193316948037
  endloop
endfacet
facet normal 0.964326 0.264717 1.09109e-15
  outer loop
    vertex 11.5985993237982 74.58891264740789 21.12801336585455
    vertex 11.9335080922052 73.36888784821097 20.62737496380766
    vertex 11.60779143897198 74.55542708498915 19.90911876882355
  endloop
endfacet
facet normal 0.964326 0.264717 -1.0122e-15
  outer loop
    vertex 24.23848244390375 28.54362413845198 7.426366888561336
    vertex 23.82849089015906 30.03716479852191 7.509255013054377
    vertex 24.03041660829692 29.30157825387686 8.601535663471836
  endloop
endfacet
facet normal 0.964326 0.264717 -9.02647e-16
  outer loop
    vertex 24.19609558643483 28.69803340494588 18.5601043574543
    vertex 23.82779273705518 30.03970807054316 18.52251237203474
    vertex 23.96878296455224 29.52610081323248 19.59774414279975
  endloop
endfacet
facet normal 0.964326 0.264717 -1.69099e-15
  outer loop
    vertex 24.23848244390375 28.54362413845198 7.426366888561336
    vertex 23.99761101739085 29.42108433503466 6.415285118298193
    vertex 23.82849089015906 30.03716479852191 7.509255013054377
  endloop
endfacet
facet normal 0.964326 0.264717 7.32379e-16
  outer loop
    vertex 24.24365656074809 28.5247755699476 9.784384293053122
    vertex 24.03041660829692 29.30157825387686 8.601535663471836
    vertex 23.85677669646513 29.93412364697839 9.708397706234212
  endloop
endfacet
facet normal 0.964326 0.264717 8.31249e-16
  outer loop
    vertex 11.81913120392626 73.7855465126557 17.32810056803281
    vertex 11.63165487728481 74.46849598827809 18.52595937885147
    vertex 11.99035275279316 73.16181087035486 18.42643657148837
  endloop
endfacet
facet normal 0.964326 0.264717 -1.00251e-15
  outer loop
    vertex 24.03041660829692 29.30157825387686 8.601535663471836
    vertex 23.65889447839044 30.65498029853617 8.606159903229907
    vertex 23.85677669646513 29.93412364697839 9.708397706234212
  endloop
endfacet
facet normal 0.964326 0.264717 -1.15843e-15
  outer loop
    vertex 24.19609558643483 28.69803340494588 18.5601043574543
    vertex 24.27051235112599 28.42694376214237 17.26500571839861
    vertex 23.95743550135442 29.56743800059596 17.47193316948037
  endloop
endfacet
facet normal 0.964326 0.264717 -7.55929e-16
  outer loop
    vertex 11.60779143897198 74.55542708498915 19.90911876882355
    vertex 11.9335080922052 73.36888784821097 20.62737496380766
    vertex 11.86426561184559 73.62112831237812 19.40041456211555
  endloop
endfacet
facet normal 0.964326 0.264717 -2.42091e-15
  outer loop
    vertex 11.97873642388508 73.20412749709142 16.22860654114002
    vertex 11.61184989263652 74.54064271806831 16.16992902586723
    vertex 11.81913120392626 73.7855465126557 17.32810056803281
  endloop
endfacet
facet normal 0.964326 0.264717 1.22835e-15
  outer loop
    vertex 23.82849089015906 30.03716479852191 7.509255013054377
    vertex 23.65889447839044 30.65498029853617 8.606159903229907
    vertex 24.03041660829692 29.30157825387686 8.601535663471836
  endloop
endfacet
facet normal 0.964326 0.264717 7.64815e-17
  outer loop
    vertex 11.9335080922052 73.36888784821097 20.62737496380766
    vertex 11.5985993237982 74.58891264740789 21.12801336585455
    vertex 11.8208750062529 73.77919408989433 21.94313011434596
  endloop
endfacet
facet normal 0.964326 0.264717 1.04423e-15
  outer loop
    vertex 23.32721328809071 31.86324749177088 10.79208039533054
    vertex 23.48980173668474 31.27096100046409 11.91837623993308
    vertex 23.66859435666018 30.61964502769641 10.82002940473599
  endloop
endfacet
facet normal 0.964326 0.264717 1.23945e-15
  outer loop
    vertex 24.24365656074809 28.5247755699476 9.784384293053122
    vertex 23.85677669646513 29.93412364697839 9.708397706234212
    vertex 24.01478752338722 29.35851277747647 10.873290392059
  endloop
endfacet
facet normal 0.964326 0.264717 9.52799e-16
  outer loop
    vertex 16.89175084873391 55.30671780657067 19.63347618751809
    vertex 16.55832308670468 56.52134751110572 19.6410530388803
    vertex 16.73135840111211 55.89100458005009 20.77036912302306
  endloop
endfacet
facet normal 0.964326 0.264717 1.7735e-15
  outer loop
    vertex 15.87628032199724 59.00593186825426 19.5963191897575
    vertex 15.70078103807293 59.64525068826423 20.72399638210793
    vertex 16.05649033082916 58.34945255036655 20.73997582508952
  endloop
endfacet
facet normal 0.964326 0.264717 -2.31047e-15
  outer loop
    vertex 23.85677669646513 29.93412364697839 9.708397706234212
    vertex 23.65889447839044 30.65498029853617 8.606159903229907
    vertex 23.4983208538552 31.23992707362881 9.704455673826356
  endloop
endfacet
facet normal 0.964326 0.264717 6.64687e-16
  outer loop
    vertex 11.93549109375145 73.36166405686393 5.2829483258107
    vertex 11.82220896080618 73.77433468402168 4.054484159599652
    vertex 11.59115763614199 74.61602165244123 4.86655898779391
  endloop
endfacet
facet normal 0.964326 0.264717 7.19238e-16
  outer loop
    vertex 13.34701222654474 68.21969421597407 23
    vertex 13.68639297241804 66.98337864172136 23
    vertex 13.51068005820245 67.62347568636385 21.7959842537962
  endloop
endfacet
facet normal 0.964326 0.264717 -1.42889e-16
  outer loop
    vertex 12.15865060367743 72.54872584213355 21.8458029175813
    vertex 12.32247525274403 71.95193604910526 20.67687996722898
    vertex 11.9335080922052 73.36888784821097 20.62737496380766
  endloop
endfacet
facet normal 0.964326 0.264717 -1.2233e-16
  outer loop
    vertex 16.39552186347958 57.11440910999717 20.77383297508015
    vertex 16.55832308670468 56.52134751110572 19.6410530388803
    vertex 16.21684066287535 57.76531919791258 19.61907618078525
  endloop
endfacet
facet normal 0.964326 0.264717 1.93033e-15
  outer loop
    vertex 11.61184989263652 74.54064271806831 16.16992902586723
    vertex 11.97873642388508 73.20412749709142 16.22860654114002
    vertex 11.82213968672255 73.77458703961206 15.10386208993109
  endloop
endfacet
facet normal 0.964326 0.264717 5.45888e-16
  outer loop
    vertex 12.15865060367743 72.54872584213355 21.8458029175813
    vertex 12.49365555813197 71.3283506509063 21.83805238459335
    vertex 12.32247525274403 71.95193604910526 20.67687996722898
  endloop
endfacet
facet normal 0.964326 0.264717 -1.54372e-16
  outer loop
    vertex 11.63165487728481 74.46849598827809 18.52595937885147
    vertex 11.81913120392626 73.7855465126557 17.32810056803281
    vertex 11.53681829529151 74.81397210839654 17.35479779455029
  endloop
endfacet
facet normal 0.964326 0.264717 -1.50421e-15
  outer loop
    vertex 12.8320016650812 70.09580411844841 21.84867685614871
    vertex 12.65751415108068 70.73143720516458 20.70271557402852
    vertex 12.49365555813197 71.3283506509063 21.83805238459335
  endloop
endfacet
facet normal 0.964326 0.264717 -3.39004e-17
  outer loop
    vertex 12.15865060367743 72.54872584213355 21.8458029175813
    vertex 11.9335080922052 73.36888784821097 20.62737496380766
    vertex 11.8208750062529 73.77919408989433 21.94313011434596
  endloop
endfacet
facet normal 0.964326 0.264717 -2.86548e-17
  outer loop
    vertex 12.49365555813197 71.3283506509063 21.83805238459335
    vertex 12.65751415108068 70.73143720516458 20.70271557402852
    vertex 12.32247525274403 71.95193604910526 20.67687996722898
  endloop
endfacet
facet normal 0.964326 0.264717 -1.36884e-15
  outer loop
    vertex 11.64894862696453 74.40549732873056 7.365948994158741
    vertex 11.97945338544631 73.20151570854692 7.370884042220127
    vertex 11.8728088526823 73.59000650647295 6.394859611344734
  endloop
endfacet
facet normal 0.964326 0.264717 -2.9996e-15
  outer loop
    vertex 11.97945338544631 73.20151570854692 7.370884042220127
    vertex 11.64894862696453 74.40549732873056 7.365948994158741
    vertex 11.87579701793356 73.57912104734339 8.380970943297598
  endloop
endfacet
facet normal 0.964326 0.264717 -1.28833e-16
  outer loop
    vertex 23.66859435666018 30.61964502769641 10.82002940473599
    vertex 23.85677669646513 29.93412364697839 9.708397706234212
    vertex 23.4983208538552 31.23992707362881 9.704455673826356
  endloop
endfacet
facet normal 0.964326 0.264717 8.82493e-16
  outer loop
    vertex 13.85055825761965 66.38534795991546 21.83385308450043
    vertex 14.00822463008382 65.810991888796 20.68102005234321
    vertex 13.67269821583361 67.03326668356463 20.67886839767293
  endloop
endfacet
facet normal 0.964326 0.264717 2.36367e-15
  outer loop
    vertex 16.05649033082916 58.34945255036655 20.73997582508952
    vertex 16.39552186347958 57.11440910999717 20.77383297508015
    vertex 16.21684066287535 57.76531919791258 19.61907618078525
  endloop
endfacet
facet normal 0.964326 0.264717 -1.69628e-15
  outer loop
    vertex 18.25844941344601 50.3280301779766 21.88335936773725
    vertex 18.42283201388241 49.72920784781543 20.77473723276071
    vertex 18.08037866792375 50.97671646523627 20.7523386026679
  endloop
endfacet
facet normal 0.964326 0.264717 7.5856e-16
  outer loop
    vertex 11.55924383020554 74.7322790883526 9.903636572296323
    vertex 11.83293722418094 73.73525315315651 10.60600810880275
    vertex 11.77319969625682 73.95286843345151 9.426401566099807
  endloop
endfacet
facet normal 0.964326 0.264717 6.4084e-16
  outer loop
    vertex 23.48980173668474 31.27096100046409 11.91837623993308
    vertex 23.83252771770591 30.02245921245838 11.9291149716739
    vertex 23.66859435666018 30.61964502769641 10.82002940473599
  endloop
endfacet
facet normal 0.964326 0.264717 2.12635e-17
  outer loop
    vertex 24.03041660829692 29.30157825387686 8.601535663471836
    vertex 24.24365656074809 28.5247755699476 9.784384293053122
    vertex 24.32515555681628 28.2278863699849 8.616040977869462
  endloop
endfacet
facet normal 0.964326 0.264717 4.72734e-16
  outer loop
    vertex 22.51029236512371 34.83917371115068 23
    vertex 22.66851600033475 34.26278761145333 21.86679824118952
    vertex 22.32175544380851 35.52598678165607 21.84544495757855
  endloop
endfacet
facet normal 0.964326 0.264717 -6.75707e-16
  outer loop
    vertex 22.66851600033475 34.26278761145333 21.86679824118952
    vertex 22.4819998855046 34.94223917262028 20.72643610677012
    vertex 22.32175544380851 35.52598678165607 21.84544495757855
  endloop
endfacet
facet normal 0.964326 0.264717 1.16448e-16
  outer loop
    vertex 11.83293722418094 73.73525315315651 10.60600810880275
    vertex 12.020288398147 73.05275959085155 9.55256616777768
    vertex 11.77319969625682 73.95286843345151 9.426401566099807
  endloop
endfacet
facet normal 0.964326 0.264717 1.76599e-16
  outer loop
    vertex 24.16094044924341 28.82609854757178 5.357593402824113
    vertex 24.54657684036348 27.42128026563438 5.499999999999995
    vertex 24.28717402668809 28.36624765830902 4.433230548470982
  endloop
endfacet
facet normal 0.964326 0.264717 -1.83853e-17
  outer loop
    vertex 17.75896192289758 52.14759175068873 23
    vertex 17.92460823930512 51.54416588377556 21.88309013086256
    vertex 17.57286284505436 52.82552410568904 21.84225584868425
  endloop
endfacet
facet normal 0.964326 0.264717 -5.463e-17
  outer loop
    vertex 13.17195077293305 68.85741808270238 21.82259562171154
    vertex 13.34701222654474 68.21969421597407 23
    vertex 13.51068005820245 67.62347568636385 21.7959842537962
  endloop
endfacet
facet normal 0.964326 0.264717 -4.75238e-16
  outer loop
    vertex 17.92460823930512 51.54416588377556 21.88309013086256
    vertex 17.73221630873101 52.24502220229552 20.71796571191
    vertex 17.57286284505436 52.82552410568904 21.84225584868425
  endloop
endfacet
facet normal 0.964326 0.264717 -1.31432e-15
  outer loop
    vertex 15.38329670178451 60.80180077045776 23
    vertex 15.54102194731622 60.22723023316368 21.83700306705621
    vertex 15.20211936880277 61.4618039120341 21.83718929976639
  endloop
endfacet
facet normal 0.964326 0.264717 1.78224e-15
  outer loop
    vertex 24.00959670780165 29.37742217710961 4.19978664317812
    vertex 23.83798922613587 30.00256371746353 5.297673249796754
    vertex 24.16094044924341 28.82609854757178 5.357593402824113
  endloop
endfacet
facet normal 0.964326 0.264717 2.38165e-15
  outer loop
    vertex 15.54102194731622 60.22723023316368 21.83700306705621
    vertex 15.36169314987336 60.88049942384838 20.70834128461632
    vertex 15.20211936880277 61.4618039120341 21.83718929976639
  endloop
endfacet
facet normal 0.964326 0.264717 2.08059e-15
  outer loop
    vertex 18.41273118143389 49.7660037374493 18.51700606318507
    vertex 18.07359705520728 51.00142091156054 18.52051888329479
    vertex 18.24299162352289 50.38434069841082 19.63295255025045
  endloop
endfacet
facet normal 0.964326 0.264717 -1.76572e-15
  outer loop
    vertex 24.03282794714527 29.29279409092929 21.7442504616112
    vertex 23.822447017506 30.05918176318661 20.69683619269345
    vertex 23.69290859918223 30.5310717156518 21.87157535098767
  endloop
endfacet
facet normal 0.964326 0.264717 6.44378e-16
  outer loop
    vertex 23.48665026689858 31.2824413546851 20.69597263522691
    vertex 23.35528969610556 31.76096914828822 21.88211411086998
    vertex 23.69290859918223 30.5310717156518 21.87157535098767
  endloop
endfacet
facet normal 0.964326 0.264717 2.09132e-15
  outer loop
    vertex 23.83798922613587 30.00256371746353 5.297673249796754
    vertex 24.00959670780165 29.37742217710961 4.19978664317812
    vertex 23.68220000164106 30.57008160669462 4.154964388461545
  endloop
endfacet
facet normal 0.964326 0.264717 -2.16239e-15
  outer loop
    vertex 15.70078103807293 59.64525068826423 20.72399638210793
    vertex 15.89189372153114 58.94905448423791 21.84063562001069
    vertex 16.05649033082916 58.34945255036655 20.73997582508952
  endloop
endfacet
facet normal 0.964326 0.264717 9.52179e-17
  outer loop
    vertex 13.51068005820245 67.62347568636385 21.7959842537962
    vertex 13.85055825761965 66.38534795991546 21.83385308450043
    vertex 13.67269821583361 67.03326668356463 20.67886839767293
  endloop
endfacet
facet normal 0.964326 0.264717 -1.88067e-15
  outer loop
    vertex 23.822447017506 30.05918176318661 20.69683619269345
    vertex 23.48665026689858 31.2824413546851 20.69597263522691
    vertex 23.69290859918223 30.5310717156518 21.87157535098767
  endloop
endfacet
facet normal 0.964326 0.264717 -1.81768e-15
  outer loop
    vertex 14.70453521003792 63.2744319189632 23
    vertex 15.04391595591122 62.03811634471049 23
    vertex 14.86370403528555 62.69460262698971 21.84468627873736
  endloop
endfacet
facet normal 0.964326 0.264717 1.57036e-15
  outer loop
    vertex 12.16479670917925 72.5263364578055 8.500870480255735
    vertex 12.32385215522107 71.94692019008173 7.413212028287578
    vertex 11.97945338544631 73.20151570854692 7.370884042220127
  endloop
endfacet
facet normal 0.964326 0.264717 3.38486e-16
  outer loop
    vertex 16.55832308670468 56.52134751110572 19.6410530388803
    vertex 16.39552186347958 57.11440910999717 20.77383297508015
    vertex 16.73135840111211 55.89100458005009 20.77036912302306
  endloop
endfacet
facet normal 0.964326 0.264717 8.21313e-17
  outer loop
    vertex 13.68639297241804 66.98337864172136 23
    vertex 13.85055825761965 66.38534795991546 21.83385308450043
    vertex 13.51068005820245 67.62347568636385 21.7959842537962
  endloop
endfacet
facet normal 0.964326 0.264717 -7.43152e-16
  outer loop
    vertex 17.08020043115099 54.62022289919417 23
    vertex 17.41958117702428 53.38390732494145 23
    vertex 17.2398974715072 54.03846939503939 21.86385980181953
  endloop
endfacet
facet normal 0.964326 0.264717 -1.68061e-16
  outer loop
    vertex 15.72267744765781 59.56548519620505 23
    vertex 16.0620581935311 58.32916962195233 23
    vertex 15.89189372153114 58.94905448423791 21.84063562001069
  endloop
endfacet
facet normal 0.964326 0.264717 4.37937e-16
  outer loop
    vertex 12.66058647504865 70.72024516785268 7.428263935929245
    vertex 12.49348236165726 71.32898158092134 6.324680431843765
    vertex 12.32385215522107 71.94692019008173 7.413212028287578
  endloop
endfacet
facet normal 0.964326 0.264717 -1.69273e-15
  outer loop
    vertex 12.65751415108068 70.73143720516458 20.70271557402852
    vertex 12.8320016650812 70.09580411844841 21.84867685614871
    vertex 12.99688369049593 69.4951624544376 20.69271173785138
  endloop
endfacet
facet normal 0.964326 0.264717 1.78668e-15
  outer loop
    vertex 23.35528969610556 31.76096914828822 21.88211411086998
    vertex 23.48665026689858 31.2824413546851 20.69597263522691
    vertex 23.15031401074682 32.50766628780935 20.69634975473482
  endloop
endfacet
facet normal 0.964326 0.264717 1.64792e-15
  outer loop
    vertex 23.35528969610556 31.76096914828822 21.88211411086998
    vertex 23.15031401074682 32.50766628780935 20.69634975473482
    vertex 23.0155230689081 32.99869043307899 21.87425399194402
  endloop
endfacet
facet normal 0.964326 0.264717 -2.45266e-15
  outer loop
    vertex 22.48888789204704 34.91714714878712 5.265812902834115
    vertex 22.67146327063273 34.2520511267964 4.132171422356961
    vertex 22.32704373763674 35.50672228271034 4.145908032830794
  endloop
endfacet
facet normal 0.964326 0.264717 9.6176e-17
  outer loop
    vertex 13.15990495567203 68.90129927415325 19.56108608308191
    vertex 12.82255073447166 70.13023250852602 19.55975736275452
    vertex 12.99688369049593 69.4951624544376 20.69271173785138
  endloop
endfacet
facet normal 0.964326 0.264717 -4.98047e-16
  outer loop
    vertex 23.49456522353229 31.25360829837658 5.308819708148945
    vertex 23.35479890101607 31.76275704468566 4.123506729645456
    vertex 23.15796734286857 32.47978629222296 5.304095261892204
  endloop
endfacet
facet normal 0.964326 0.264717 1.27548e-15
  outer loop
    vertex 13.85055825761965 66.38534795991546 21.83385308450043
    vertex 14.18892668043753 65.15272013393604 21.8441886068479
    vertex 14.00822463008382 65.810991888796 20.68102005234321
  endloop
endfacet
facet normal 0.964326 0.264717 -3.18509e-16
  outer loop
    vertex 22.67146327063273 34.2520511267964 4.132171422356961
    vertex 22.51029236512371 34.83917371115068 3
    vertex 22.32704373763674 35.50672228271034 4.145908032830794
  endloop
endfacet
facet normal 0.964326 0.264717 3.82999e-17
  outer loop
    vertex 23.35479890101607 31.76275704468566 4.123506729645456
    vertex 23.49456522353229 31.25360829837658 5.308819708148945
    vertex 23.68220000164106 30.57008160669462 4.154964388461545
  endloop
endfacet
facet normal 0.964326 0.264717 -1.99511e-15
  outer loop
    vertex 21.83153087337712 37.31180485965611 23
    vertex 22.17091161925042 36.07548928540339 23
    vertex 21.98841962623078 36.74028154568921 21.83892356154361
  endloop
endfacet
facet normal 0.964326 0.264717 2.11598e-15
  outer loop
    vertex 11.99035275279316 73.16181087035486 18.42643657148837
    vertex 11.63165487728481 74.46849598827809 18.52595937885147
    vertex 11.86426561184559 73.62112831237812 19.40041456211555
  endloop
endfacet
facet normal 0.964326 0.264717 -3.90738e-17
  outer loop
    vertex 23.32721328809071 31.86324749177088 10.79208039533054
    vertex 23.66859435666018 30.61964502769641 10.82002940473599
    vertex 23.4983208538552 31.23992707362881 9.704455673826356
  endloop
endfacet
facet normal 0.964326 0.264717 4.77023e-16
  outer loop
    vertex 23.15796734286857 32.47978629222296 5.304095261892204
    vertex 23.35479890101607 31.76275704468566 4.123506729645456
    vertex 23.01335622807173 33.00658392469717 4.136905641595041
  endloop
endfacet
facet normal 0.964326 0.264717 4.21966e-16
  outer loop
    vertex 14.52482369552738 63.92909529325161 21.83836052325437
    vertex 14.68527158576025 63.34460655026044 20.69770985787072
    vertex 14.34898327203508 64.56965683597355 20.70093835771232
  endloop
endfacet
facet normal 0.964326 0.264717 -4.79078e-16
  outer loop
    vertex 24.54657684036348 27.42128026563438 11.74999999999997
    vertex 24.16489870812608 28.81167917592774 11.90318973677098
    vertex 24.31387050682698 28.26899619494591 12.72739578240777
  endloop
endfacet
facet normal 0.964326 0.264717 1.41665e-15
  outer loop
    vertex 23.49456522353229 31.25360829837658 5.308819708148945
    vertex 23.83798922613587 30.00256371746353 5.297673249796754
    vertex 23.68220000164106 30.57008160669462 4.154964388461545
  endloop
endfacet
facet normal 0.964326 0.264717 -2.08523e-15
  outer loop
    vertex 15.04391595591122 62.03811634471049 23
    vertex 15.38329670178451 60.80180077045776 23
    vertex 15.20211936880277 61.4618039120341 21.83718929976639
  endloop
endfacet
facet normal 0.964326 0.264717 -6.43774e-16
  outer loop
    vertex 24.26001230156893 28.46519394267165 19.87499999999998
    vertex 24.19609558643483 28.69803340494588 18.5601043574543
    vertex 23.96878296455224 29.52610081323248 19.59774414279975
  endloop
endfacet
facet normal 0.964326 0.264717 1.50851e-15
  outer loop
    vertex 15.36169314987336 60.88049942384838 20.70834128461632
    vertex 15.54102194731622 60.22723023316368 21.83700306705621
    vertex 15.70078103807293 59.64525068826423 20.72399638210793
  endloop
endfacet
facet normal 0.964326 0.264717 -4.41946e-17
  outer loop
    vertex 11.81913120392626 73.7855465126557 17.32810056803281
    vertex 11.61184989263652 74.54064271806831 16.16992902586723
    vertex 11.53681829529151 74.81397210839654 17.35479779455029
  endloop
endfacet
facet normal 0.964326 0.264717 -7.63665e-16
  outer loop
    vertex 23.83252771770591 30.02245921245838 11.9291149716739
    vertex 24.01478752338722 29.35851277747647 10.873290392059
    vertex 23.66859435666018 30.61964502769641 10.82002940473599
  endloop
endfacet
facet normal 0.964326 0.264717 -1.47099e-15
  outer loop
    vertex 13.00763148067145 69.45600979022677 23
    vertex 13.34701222654474 68.21969421597407 23
    vertex 13.17195077293305 68.85741808270238 21.82259562171154
  endloop
endfacet
facet normal 0.964326 0.264717 -7.8934e-16
  outer loop
    vertex 22.66851600033475 34.26278761145333 21.86679824118952
    vertex 23.0155230689081 32.99869043307899 21.87425399194402
    vertex 22.81481419837439 33.7298441757375 20.71649349566132
  endloop
endfacet
facet normal 0.964326 0.264717 1.45765e-15
  outer loop
    vertex 14.52482369552738 63.92909529325161 21.83836052325437
    vertex 14.34898327203508 64.56965683597355 20.70093835771232
    vertex 14.18892668043753 65.15272013393604 21.8441886068479
  endloop
endfacet
facet normal 0.964326 0.264717 -1.74433e-16
  outer loop
    vertex 11.61228370854067 74.53906238870319 6.019725138233325
    vertex 11.64894862696453 74.40549732873056 7.365948994158741
    vertex 11.8728088526823 73.59000650647295 6.394859611344734
  endloop
endfacet
facet normal 0.964326 0.264717 8.14354e-16
  outer loop
    vertex 23.0155230689081 32.99869043307899 21.87425399194402
    vertex 23.15031401074682 32.50766628780935 20.69634975473482
    vertex 22.81481419837439 33.7298441757375 20.71649349566132
  endloop
endfacet
facet normal 0.964326 0.264717 2.13175e-15
  outer loop
    vertex 17.41958117702428 53.38390732494145 23
    vertex 17.75896192289758 52.14759175068873 23
    vertex 17.57286284505436 52.82552410568904 21.84225584868425
  endloop
endfacet
facet normal 0.964326 0.264717 3.79729e-17
  outer loop
    vertex 18.42283201388241 49.72920784781543 20.77473723276071
    vertex 18.24299162352289 50.38434069841082 19.63295255025045
    vertex 18.08037866792375 50.97671646523627 20.7523386026679
  endloop
endfacet
facet normal 0.964326 0.264717 -1.69573e-15
  outer loop
    vertex 24.16489870812608 28.81167917592774 11.90318973677098
    vertex 24.54657684036348 27.42128026563438 11.74999999999997
    vertex 24.30329929459767 28.30750561092411 10.96217288437661
  endloop
endfacet
facet normal 0.964326 0.264717 -1.06882e-15
  outer loop
    vertex 22.17091161925042 36.07548928540339 23
    vertex 22.51029236512371 34.83917371115068 23
    vertex 22.32175544380851 35.52598678165607 21.84544495757855
  endloop
endfacet
facet normal 0.964326 0.264717 1.84264e-15
  outer loop
    vertex 14.18892668043753 65.15272013393604 21.8441886068479
    vertex 14.34898327203508 64.56965683597355 20.70093835771232
    vertex 14.00822463008382 65.810991888796 20.68102005234321
  endloop
endfacet
facet normal 0.964326 0.264717 1.18449e-15
  outer loop
    vertex 18.24299162352289 50.38434069841082 19.63295255025045
    vertex 18.07359705520728 51.00142091156054 18.52051888329479
    vertex 17.90117440865505 51.62953198114369 19.62192662248647
  endloop
endfacet
facet normal 0.964326 0.264717 6.40868e-16
  outer loop
    vertex 22.17091161925042 36.07548928540339 3
    vertex 21.83153087337712 37.31180485965611 3
    vertex 21.9921251192433 36.72678296400075 4.148564809644959
  endloop
endfacet
facet normal 0.964326 0.264717 -5.14213e-17
  outer loop
    vertex 23.822447017506 30.05918176318661 20.69683619269345
    vertex 24.03282794714527 29.29279409092929 21.7442504616112
    vertex 24.07518089595172 29.13850834884863 20.59675738882413
  endloop
endfacet
facet normal 0.964326 0.264717 2.35524e-15
  outer loop
    vertex 18.7741794779648 48.44929922865816 20.77241238993025
    vertex 18.58421737886044 49.14130401825259 19.61941034897409
    vertex 18.42283201388241 49.72920784781543 20.77473723276071
  endloop
endfacet
facet normal 0.964326 0.264717 -1.32929e-15
  outer loop
    vertex 22.4819998855046 34.94223917262028 20.72643610677012
    vertex 22.66851600033475 34.26278761145333 21.86679824118952
    vertex 22.81481419837439 33.7298441757375 20.71649349566132
  endloop
endfacet
facet normal 0.964326 0.264717 2.66367e-16
  outer loop
    vertex 11.64894862696453 74.40549732873056 7.365948994158741
    vertex 11.57773201081706 74.66492928755349 8.688826038324683
    vertex 11.87579701793356 73.57912104734339 8.380970943297598
  endloop
endfacet
facet normal 0.964326 0.264717 3.19865e-16
  outer loop
    vertex 18.58421737886044 49.14130401825259 19.61941034897409
    vertex 18.7741794779648 48.44929922865816 20.77241238993025
    vertex 18.92127572942396 47.91344859834263 19.60959236328489
  endloop
endfacet
facet normal 0.964326 0.264717 -6.79133e-16
  outer loop
    vertex 24.01478752338722 29.35851277747647 10.873290392059
    vertex 23.83252771770591 30.02245921245838 11.9291149716739
    vertex 24.16489870812608 28.81167917592774 11.90318973677098
  endloop
endfacet
facet normal 0.964326 0.264717 -2.39714e-15
  outer loop
    vertex 15.04391595591122 62.03811634471049 23
    vertex 15.20211936880277 61.4618039120341 21.83718929976639
    vertex 14.86370403528555 62.69460262698971 21.84468627873736
  endloop
endfacet
facet normal 0.964326 0.264717 -9.2062e-16
  outer loop
    vertex 18.7741794779648 48.44929922865816 20.77241238993025
    vertex 19.11659081780797 47.20194363351518 20.7784092784421
    vertex 18.92127572942396 47.91344859834263 19.60959236328489
  endloop
endfacet
facet normal 0.964326 0.264717 7.88238e-16
  outer loop
    vertex 12.32237544654066 71.95229962884606 9.693538214769605
    vertex 12.49118212851288 71.33736100166158 8.545911081563531
    vertex 12.16479670917925 72.5263364578055 8.500870480255735
  endloop
endfacet
facet normal 0.964326 0.264717 2.82745e-16
  outer loop
    vertex 12.49348236165726 71.32898158092134 6.324680431843765
    vertex 12.16074902721441 72.54108158496314 6.315182497077448
    vertex 12.32385215522107 71.94692019008173 7.413212028287578
  endloop
endfacet
facet normal 0.964326 0.264717 -3.80032e-16
  outer loop
    vertex 19.11659081780797 47.20194363351518 20.7784092784421
    vertex 19.26061454453088 46.67728577188172 19.61106055583778
    vertex 18.92127572942396 47.91344859834263 19.60959236328489
  endloop
endfacet
facet normal 0.964326 0.264717 4.65895e-16
  outer loop
    vertex 18.58421737886044 49.14130401825259 19.61941034897409
    vertex 18.41273118143389 49.7660037374493 18.51700606318507
    vertex 18.24299162352289 50.38434069841082 19.63295255025045
  endloop
endfacet
facet normal 0.964326 0.264717 1.05696e-15
  outer loop
    vertex 19.45596643462169 45.96564674369374 20.77883749332619
    vertex 19.26061454453088 46.67728577188172 19.61106055583778
    vertex 19.11659081780797 47.20194363351518 20.7784092784421
  endloop
endfacet
facet normal 0.964326 0.264717 2.80162e-15
  outer loop
    vertex 19.26061454453088 46.67728577188172 19.61106055583778
    vertex 19.45596643462169 45.96564674369374 20.77883749332619
    vertex 19.59994778360524 45.44114325811084 19.61240068311968
  endloop
endfacet
facet normal 0.964326 0.264717 -4.32213e-16
  outer loop
    vertex 24.54657684036348 27.42128026563438 5.499999999999995
    vertex 24.16094044924341 28.82609854757178 5.357593402824113
    vertex 24.29803751825299 28.32667351046544 6.289849081936726
  endloop
endfacet
facet normal 0.964326 0.264717 5.81115e-16
  outer loop
    vertex 23.01335622807173 33.00658392469717 4.136905641595041
    vertex 22.67146327063273 34.2520511267964 4.132171422356961
    vertex 22.82257909228104 33.70155777650613 5.28067801337134
  endloop
endfacet
facet normal 0.964326 0.264717 2.0973e-15
  outer loop
    vertex 19.45596643462169 45.96564674369374 20.77883749332619
    vertex 19.79543079269892 44.7290265821267 20.77817582647356
    vertex 19.59994778360524 45.44114325811084 19.61240068311968
  endloop
endfacet
facet normal 0.964326 0.264717 -1.38475e-15
  outer loop
    vertex 19.79543079269892 44.7290265821267 20.77817582647356
    vertex 19.93926122325182 44.20507287082684 19.61379774600261
    vertex 19.59994778360524 45.44114325811084 19.61240068311968
  endloop
endfacet
facet normal 0.964326 0.264717 -2.60243e-15
  outer loop
    vertex 20.13479947594 43.49275495031991 20.77890108893222
    vertex 19.93926122325182 44.20507287082684 19.61379774600261
    vertex 19.79543079269892 44.7290265821267 20.77817582647356
  endloop
endfacet
facet normal 0.964326 0.264717 3.46985e-15
  outer loop
    vertex 15.87628032199724 59.00593186825426 19.5963191897575
    vertex 16.05649033082916 58.34945255036655 20.73997582508952
    vertex 16.21684066287535 57.76531919791258 19.61907618078525
  endloop
endfacet
facet normal 0.964326 0.264717 -1.95303e-15
  outer loop
    vertex 19.93926122325182 44.20507287082684 19.61379774600261
    vertex 20.13479947594 43.49275495031991 20.77890108893222
    vertex 20.27850562047553 42.96925399522618 19.61503398958051
  endloop
endfacet
facet normal 0.964326 0.264717 2.26522e-15
  outer loop
    vertex 21.48888600778536 38.56001115574037 20.76962209587174
    vertex 21.29576853423393 39.26351052367776 19.61705947055154
    vertex 21.15285237767885 39.78413366541407 20.77960305675357
  endloop
endfacet
facet normal 0.964326 0.264717 -1.09741e-15
  outer loop
    vertex 20.13479947594 43.49275495031991 20.77890108893222
    vertex 20.47421355407161 42.2563179514119 20.77879527236565
    vertex 20.27850562047553 42.96925399522618 19.61503398958051
  endloop
endfacet
facet normal 0.964326 0.264717 3.72508e-16
  outer loop
    vertex 20.81355216685068 41.02015586200243 20.77941678867191
    vertex 21.15285237767885 39.78413366541407 20.77960305675357
    vertex 20.95675926894259 40.49847284723904 19.61686267431818
  endloop
endfacet
facet normal 0.964326 0.264717 2.45135e-15
  outer loop
    vertex 21.15285237767885 39.78413366541407 20.77960305675357
    vertex 21.29576853423393 39.26351052367776 19.61705947055154
    vertex 20.95675926894259 40.49847284723904 19.61686267431818
  endloop
endfacet
facet normal 0.964326 0.264717 -4.28205e-16
  outer loop
    vertex 20.81355216685068 41.02015586200243 20.77941678867191
    vertex 20.61775006425931 41.73343495001386 19.61607201130876
    vertex 20.47421355407161 42.2563179514119 20.77879527236565
  endloop
endfacet
facet normal 0.964326 0.264717 -3.81709e-16
  outer loop
    vertex 20.47421355407161 42.2563179514119 20.77879527236565
    vertex 20.61775006425931 41.73343495001386 19.61607201130876
    vertex 20.27850562047553 42.96925399522618 19.61503398958051
  endloop
endfacet
facet normal 0.964326 0.264717 -4.68671e-16
  outer loop
    vertex 21.29576853423393 39.26351052367776 19.61705947055154
    vertex 21.48888600778536 38.56001115574037 20.76962209587174
    vertex 21.63603787232337 38.02395793492334 19.61838598442111
  endloop
endfacet
facet normal 0.964326 0.264717 -4.84569e-16
  outer loop
    vertex 20.61775006425931 41.73343495001386 19.61607201130876
    vertex 20.81355216685068 41.02015586200243 20.77941678867191
    vertex 20.95675926894259 40.49847284723904 19.61686267431818
  endloop
endfacet
facet normal 0.964326 0.264717 1.85635e-16
  outer loop
    vertex 16.0620581935311 58.32916962195233 23
    vertex 16.23930035213128 57.68350175848025 21.88161701844537
    vertex 15.89189372153114 58.94905448423791 21.84063562001069
  endloop
endfacet
facet normal 0.964326 0.264717 1.93922e-16
  outer loop
    vertex 12.49118212851288 71.33736100166158 8.545911081563531
    vertex 12.32237544654066 71.95229962884606 9.693538214769605
    vertex 12.65961733820644 70.72377559492077 9.645290184066278
  endloop
endfacet
facet normal 0.964326 0.264717 -3.87826e-17
  outer loop
    vertex 12.49118212851288 71.33736100166158 8.545911081563531
    vertex 12.66058647504865 70.72024516785268 7.428263935929245
    vertex 12.32385215522107 71.94692019008173 7.413212028287578
  endloop
endfacet
facet normal 0.964326 0.264717 1.7356e-16
  outer loop
    vertex 22.67146327063273 34.2520511267964 4.132171422356961
    vertex 22.48888789204704 34.91714714878712 5.265812902834115
    vertex 22.82257909228104 33.70155777650613 5.28067801337134
  endloop
endfacet
facet normal 0.964326 0.264717 2.11599e-15
  outer loop
    vertex 22.51029236512371 34.83917371115068 3
    vertex 22.17091161925042 36.07548928540339 3
    vertex 22.32704373763674 35.50672228271034 4.145908032830794
  endloop
endfacet
facet normal 0.964326 0.264717 -1.89364e-15
  outer loop
    vertex 15.54102194731622 60.22723023316368 21.83700306705621
    vertex 15.72267744765781 59.56548519620505 23
    vertex 15.89189372153114 58.94905448423791 21.84063562001069
  endloop
endfacet
facet normal 0.964326 0.264717 -2.15115e-15
  outer loop
    vertex 12.82893369442428 70.10698029727004 10.73695504725729
    vertex 12.65834265412712 70.72841908692398 11.85938799934711
    vertex 12.99758037327762 69.49262453859002 11.82972132212969
  endloop
endfacet
facet normal 0.964326 0.264717 -9.13109e-16
  outer loop
    vertex 12.82255073447166 70.13023250852602 19.55975736275452
    vertex 12.65751415108068 70.73143720516458 20.70271557402852
    vertex 12.99688369049593 69.4951624544376 20.69271173785138
  endloop
endfacet
facet normal 0.964326 0.264717 -1.87958e-15
  outer loop
    vertex 12.65834265412712 70.72841908692398 11.85938799934711
    vertex 12.82893369442428 70.10698029727004 10.73695504725729
    vertex 12.49200745392804 71.33435445907779 10.76546248901989
  endloop
endfacet
facet normal 0.964326 0.264717 6.43717e-16
  outer loop
    vertex 23.15796734286857 32.47978629222296 5.304095261892204
    vertex 23.01335622807173 33.00658392469717 4.136905641595041
    vertex 22.82257909228104 33.70155777650613 5.28067801337134
  endloop
endfacet
facet normal 0.964326 0.264717 1.34333e-15
  outer loop
    vertex 13.33382302367073 68.26774059787225 20.66883676501054
    vertex 13.15990495567203 68.90129927415325 19.56108608308191
    vertex 12.99688369049593 69.4951624544376 20.69271173785138
  endloop
endfacet
facet normal 0.964326 0.264717 -4.90672e-16
  outer loop
    vertex 13.16463772602545 68.88405846786577 12.93473674955298
    vertex 12.99758037327762 69.49262453859002 11.82972132212969
    vertex 12.82743038145146 70.11245665167104 12.94511297505944
  endloop
endfacet
facet normal 0.964326 0.264717 1.22079e-15
  outer loop
    vertex 17.41958117702428 53.38390732494145 23
    vertex 17.57286284505436 52.82552410568904 21.84225584868425
    vertex 17.2398974715072 54.03846939503939 21.86385980181953
  endloop
endfacet
facet normal 0.964326 0.264717 3.33221e-15
  outer loop
    vertex 12.82893369442428 70.10698029727004 10.73695504725729
    vertex 12.65961733820644 70.72377559492077 9.645290184066278
    vertex 12.49200745392804 71.33435445907779 10.76546248901989
  endloop
endfacet
facet normal 0.964326 0.264717 2.21097e-15
  outer loop
    vertex 24.28221748417604 28.38430363460289 16.06398662094096
    vertex 23.9926473758121 29.43916617221442 15.37581286633588
    vertex 24.05445477890082 29.21401063239121 16.58997996929682
  endloop
endfacet
facet normal 0.964326 0.264717 8.93157e-16
  outer loop
    vertex 24.01478752338722 29.35851277747647 10.873290392059
    vertex 23.85677669646513 29.93412364697839 9.708397706234212
    vertex 23.66859435666018 30.61964502769641 10.82002940473599
  endloop
endfacet
facet normal 0.964326 0.264717 -2.20894e-15
  outer loop
    vertex 22.17091161925042 36.07548928540339 23
    vertex 22.32175544380851 35.52598678165607 21.84544495757855
    vertex 21.98841962623078 36.74028154568921 21.83892356154361
  endloop
endfacet
facet normal 0.964326 0.264717 -4.75493e-16
  outer loop
    vertex 21.30181562623227 39.24148183139809 6.357217735083615
    vertex 21.15003629413103 39.79439225548116 5.219681698516487
    vertex 20.96283546851369 40.47633812023005 6.36183565624582
  endloop
endfacet
facet normal 0.964326 0.264717 2.55845e-16
  outer loop
    vertex 12.99758037327762 69.49262453859002 11.82972132212969
    vertex 12.65834265412712 70.72841908692398 11.85938799934711
    vertex 12.82743038145146 70.11245665167104 12.94511297505944
  endloop
endfacet
facet normal 0.964326 0.264717 0
  outer loop
    vertex 21.15003629413103 39.79439225548116 5.219681698516487
    vertex 20.81337816117276 41.02078973982914 5.22056161464705
    vertex 20.96283546851369 40.47633812023005 6.36183565624582
  endloop
endfacet
facet normal 0.964326 0.264717 0
  outer loop
    vertex 24.54657684036348 27.42128026563438 5.499999999999995
    vertex 24.54657684036348 27.42128026563438 4.249999999999997
    vertex 24.28717402668809 28.36624765830902 4.433230548470982
  endloop
endfacet
facet normal 0.964326 0.264717 -6.03307e-16
  outer loop
    vertex 17.92460823930512 51.54416588377556 21.88309013086256
    vertex 18.25844941344601 50.3280301779766 21.88335936773725
    vertex 18.08037866792375 50.97671646523627 20.7523386026679
  endloop
endfacet
facet normal 0.964326 0.264717 -9.09209e-16
  outer loop
    vertex 12.8320016650812 70.09580411844841 21.84867685614871
    vertex 13.00763148067145 69.45600979022677 23
    vertex 13.17195077293305 68.85741808270238 21.82259562171154
  endloop
endfacet
facet normal 0.964326 0.264717 -1.92928e-15
  outer loop
    vertex 14.02577371829133 65.74706306746864 23
    vertex 14.36515446416463 64.51074749321593 23
    vertex 14.18892668043753 65.15272013393604 21.8441886068479
  endloop
endfacet
facet normal 0.964326 0.264717 2.57381e-15
  outer loop
    vertex 20.28444780329535 42.94760747209683 6.345204140603188
    vertex 20.13221210401777 43.50218037660802 5.214392450511814
    vertex 19.945145890681 44.1836358680491 6.356325924478427
  endloop
endfacet
facet normal 0.964326 0.264717 2.52801e-15
  outer loop
    vertex 20.13221210401777 43.50218037660802 5.214392450511814
    vertex 19.79524178863648 44.72971509692559 5.220567905011521
    vertex 19.945145890681 44.1836358680491 6.356325924478427
  endloop
endfacet
facet normal 0.964326 0.264717 -3.15287e-16
  outer loop
    vertex 21.48872216306968 38.56060801863323 5.228815809311293
    vertex 21.30181562623227 39.24148183139809 6.357217735083615
    vertex 21.64130219214162 38.00478076987118 6.364894955963805
  endloop
endfacet
facet normal 0.964326 0.264717 -1.43397e-15
  outer loop
    vertex 24.20719609449018 28.6575958398871 3
    vertex 24.00959670780165 29.37742217710961 4.19978664317812
    vertex 24.28717402668809 28.36624765830902 4.433230548470982
  endloop
endfacet
facet normal 0.964326 0.264717 -3.54085e-16
  outer loop
    vertex 21.30181562623227 39.24148183139809 6.357217735083615
    vertex 21.48872216306968 38.56060801863323 5.228815809311293
    vertex 21.15003629413103 39.79439225548116 5.219681698516487
  endloop
endfacet
facet normal 0.964326 0.264717 7.97139e-16
  outer loop
    vertex 19.27280084367587 46.63289282499638 6.337508634292903
    vertex 19.11098058637399 47.22238090516753 5.223971344474746
    vertex 18.92714027255276 47.89208490551628 6.351198919027015
  endloop
endfacet
facet normal 0.964326 0.264717 -8.072e-16
  outer loop
    vertex 23.9926473758121 29.43916617221442 15.37581286633588
    vertex 24.28221748417604 28.38430363460289 16.06398662094096
    vertex 24.28453117585451 28.37587518634561 14.87499999999997
  endloop
endfacet
facet normal 0.964326 0.264717 -5.84706e-16
  outer loop
    vertex 19.11098058637399 47.22238090516753 5.223971344474746
    vertex 18.77710614304666 48.43863780585994 5.220571472511059
    vertex 18.92714027255276 47.89208490551628 6.351198919027015
  endloop
endfacet
facet normal 0.964326 0.264717 8.94368e-16
  outer loop
    vertex 12.65961733820644 70.72377559492077 9.645290184066278
    vertex 12.32237544654066 71.95229962884606 9.693538214769605
    vertex 12.49200745392804 71.33435445907779 10.76546248901989
  endloop
endfacet
facet normal 0.964326 0.264717 1.72078e-16
  outer loop
    vertex 20.96283546851369 40.47633812023005 6.36183565624582
    vertex 20.81337816117276 41.02078973982914 5.22056161464705
    vertex 20.62535190693498 41.70574252312391 6.355951198995794
  endloop
endfacet
facet normal 0.964326 0.264717 -3.81368e-17
  outer loop
    vertex 20.81337816117276 41.02078973982914 5.22056161464705
    vertex 20.47400639938472 42.2570725863427 5.220577589205399
    vertex 20.62535190693498 41.70574252312391 6.355951198995794
  endloop
endfacet
facet normal 0.964326 0.264717 2.16099e-15
  outer loop
    vertex 22.32704373763674 35.50672228271034 4.145908032830794
    vertex 22.17091161925042 36.07548928540339 3
    vertex 21.9921251192433 36.72678296400075 4.148564809644959
  endloop
endfacet
facet normal 0.964326 0.264717 8.24645e-16
  outer loop
    vertex 18.25474153797985 50.34153743860333 6.331919631331543
    vertex 18.0906973161275 50.93912710392259 5.221791805447412
    vertex 17.91093397718469 51.59397926721427 6.34074829159241
  endloop
endfacet
facet normal 0.964326 0.264717 2.91036e-16
  outer loop
    vertex 18.0906973161275 50.93912710392259 5.221791805447412
    vertex 17.75244383083712 52.17133622890897 5.220719172794464
    vertex 17.91093397718469 51.59397926721427 6.34074829159241
  endloop
endfacet
facet normal 0.964326 0.264717 1.51229e-15
  outer loop
    vertex 23.48980173668474 31.27096100046409 11.91837623993308
    vertex 23.32721328809071 31.86324749177088 10.79208039533054
    vertex 23.15273016010906 32.49886460084691 11.91416439152945
  endloop
endfacet
facet normal 0.964326 0.264717 -4.40238e-16
  outer loop
    vertex 12.1518650276506 72.5734447262313 15.14727193886181
    vertex 11.99105595796664 73.15924919436573 14.06315328804499
    vertex 11.82213968672255 73.77458703961206 15.10386208993109
  endloop
endfacet
facet normal 0.964326 0.264717 2.23043e-15
  outer loop
    vertex 17.23671984548566 54.05004503268931 6.326264824681816
    vertex 17.07298852074266 54.64649485853879 5.217406859825561
    vertex 16.8973491959904 55.28632382727915 6.321496392990779
  endloop
endfacet
facet normal 0.964326 0.264717 2.11909e-15
  outer loop
    vertex 11.97873642388508 73.20412749709142 16.22860654114002
    vertex 12.1518650276506 72.5734447262313 15.14727193886181
    vertex 11.82213968672255 73.77458703961206 15.10386208993109
  endloop
endfacet
facet normal 0.964326 0.264717 2.29749e-15
  outer loop
    vertex 17.07298852074266 54.64649485853879 5.217406859825561
    vertex 16.73543276339641 55.87616226030012 5.209010072729841
    vertex 16.8973491959904 55.28632382727915 6.321496392990779
  endloop
endfacet
facet normal 0.964326 0.264717 7.25152e-16
  outer loop
    vertex 14.69721791546169 63.30108777777662 5.206865799440626
    vertex 14.53271567782258 63.90034592917623 4.105900901660655
    vertex 14.35697061174173 64.54056009847076 5.208631770575646
  endloop
endfacet
facet normal 0.964326 0.264717 1.59596e-15
  outer loop
    vertex 19.945145890681 44.1836358680491 6.356325924478427
    vertex 19.79524178863648 44.72971509692559 5.220567905011521
    vertex 19.61109325375899 45.40054190255071 6.343663760801283
  endloop
endfacet
facet normal 0.964326 0.264717 -2.97358e-15
  outer loop
    vertex 12.99404674469332 69.50549704271853 16.23701784228081
    vertex 12.82820370289994 70.10963955210869 15.13051241239354
    vertex 12.6572333927271 70.73245996773834 16.23953887141579
  endloop
endfacet
facet normal 0.964326 0.264717 -3.22645e-16
  outer loop
    vertex 13.34436944909491 68.22932147668416 5.218434525546119
    vertex 13.1702334553728 68.86367402524328 6.321491438296199
    vertex 13.51083952293047 67.62289477914037 6.321691571734462
  endloop
endfacet
facet normal 0.964326 0.264717 -3.91538e-16
  outer loop
    vertex 16.55809028245592 56.5221955837262 6.322602518898304
    vertex 16.39431673676322 57.11879921446389 5.213985214104683
    vertex 16.21876754641404 57.75829983645022 6.317285130544159
  endloop
endfacet
facet normal 0.964326 0.264717 2.14507e-16
  outer loop
    vertex 12.99875575310783 69.48834279777995 9.623781742862864
    vertex 12.83074936273734 70.10036607698675 8.52345468373939
    vertex 12.65961733820644 70.72377559492077 9.645290184066278
  endloop
endfacet
facet normal 0.964326 0.264717 1.98551e-15
  outer loop
    vertex 19.79524178863648 44.72971509692559 5.220567905011521
    vertex 19.45586565226406 45.96601387942513 5.220569310549278
    vertex 19.61109325375899 45.40054190255071 6.343663760801283
  endloop
endfacet
facet normal 0.964326 0.264717 1.76936e-16
  outer loop
    vertex 16.39431673676322 57.11879921446389 5.213985214104683
    vertex 16.05675742647676 58.34847955907888 5.20657095347199
    vertex 16.21876754641404 57.75829983645022 6.317285130544159
  endloop
endfacet
facet normal 0.964326 0.264717 -4.4987e-16
  outer loop
    vertex 23.86781534861689 29.89391141413982 3
    vertex 23.52843460274359 31.13022698839253 3
    vertex 23.68220000164106 30.57008160669462 4.154964388461545
  endloop
endfacet
facet normal 0.964326 0.264717 6.26493e-16
  outer loop
    vertex 13.51083952293047 67.62289477914037 6.321691571734462
    vertex 13.1702334553728 68.86367402524328 6.321491438296199
    vertex 13.33741586627827 68.25465238551621 7.423416797048218
  endloop
endfacet
facet normal 0.964326 0.264717 6.28397e-16
  outer loop
    vertex 23.1890538568703 32.36654256264524 3
    vertex 22.84967311099701 33.60285813689796 3
    vertex 23.01335622807173 33.00658392469717 4.136905641595041
  endloop
endfacet
facet normal 0.964326 0.264717 1.86299e-15
  outer loop
    vertex 15.87956998341519 58.99394810166029 6.318868530001051
    vertex 15.71570514528095 59.59088429772073 5.211739979447978
    vertex 15.5403251672788 60.22976850330001 6.313248239831879
  endloop
endfacet
facet normal 0.964326 0.264717 1.49642e-15
  outer loop
    vertex 15.71570514528095 59.59088429772073 5.211739979447978
    vertex 15.37813515895736 60.82060353361382 5.204204248770667
    vertex 15.5403251672788 60.22976850330001 6.313248239831879
  endloop
endfacet
facet normal 0.964326 0.264717 -1.71566e-16
  outer loop
    vertex 20.47400639938472 42.2570725863427 5.220577589205399
    vertex 20.28444780329535 42.94760747209683 6.345204140603188
    vertex 20.62535190693498 41.70574252312391 6.355951198995794
  endloop
endfacet
facet normal 0.964326 0.264717 -2.51674e-15
  outer loop
    vertex 12.82820370289994 70.10963955210869 15.13051241239354
    vertex 12.48871951060984 71.34633196687979 15.14696716235925
    vertex 12.6572333927271 70.73245996773834 16.23953887141579
  endloop
endfacet
facet normal 0.964326 0.264717 1.1529e-15
  outer loop
    vertex 20.28444780329535 42.94760747209683 6.345204140603188
    vertex 20.47400639938472 42.2570725863427 5.220577589205399
    vertex 20.13221210401777 43.50218037660802 5.214392450511814
  endloop
endfacet
facet normal 0.964326 0.264717 1.9441e-15
  outer loop
    vertex 23.32721328809071 31.86324749177088 10.79208039533054
    vertex 22.98587688675239 33.10668723950334 10.79951053427385
    vertex 23.15273016010906 32.49886460084691 11.91416439152945
  endloop
endfacet
facet normal 0.964326 0.264717 -2.04158e-15
  outer loop
    vertex 15.03679185954611 62.06406841004052 5.210186414618958
    vertex 14.69721791546169 63.30108777777662 5.206865799440626
    vertex 14.8613502905356 62.70317698286453 6.310679048953237
  endloop
endfacet
facet normal 0.964326 0.264717 1.54186e-15
  outer loop
    vertex 12.16479670917925 72.5263364578055 8.500870480255735
    vertex 12.49118212851288 71.33736100166158 8.545911081563531
    vertex 12.32385215522107 71.94692019008173 7.413212028287578
  endloop
endfacet
facet normal 0.964326 0.264717 -1.69009e-15
  outer loop
    vertex 18.92714027255276 47.89208490551628 6.351198919027015
    vertex 18.77710614304666 48.43863780585994 5.220571472511059
    vertex 18.59421946851561 49.10486783450875 6.334279986709423
  endloop
endfacet
facet normal 0.964326 0.264717 4.90102e-16
  outer loop
    vertex 15.20121982844876 61.465080809038 6.31503234389551
    vertex 15.03679185954611 62.06406841004052 5.210186414618958
    vertex 14.8613502905356 62.70317698286453 6.310679048953237
  endloop
endfacet
facet normal 0.964326 0.264717 4.78729e-16
  outer loop
    vertex 17.73221630873101 52.24502220229552 20.71796571191
    vertex 17.92460823930512 51.54416588377556 21.88309013086256
    vertex 18.08037866792375 50.97671646523627 20.7523386026679
  endloop
endfacet
facet normal 0.964326 0.264717 -1.68296e-15
  outer loop
    vertex 18.77710614304666 48.43863780585994 5.220571472511059
    vertex 18.4322418973685 49.69492898654467 5.219979054381897
    vertex 18.59421946851561 49.10486783450875 6.334279986709423
  endloop
endfacet
facet normal 0.964326 0.264717 1.32705e-15
  outer loop
    vertex 17.0656236614768 54.67332398872156 20.74833419752129
    vertex 16.89175084873391 55.30671780657067 19.63347618751809
    vertex 16.73135840111211 55.89100458005009 20.77036912302306
  endloop
endfacet
facet normal 0.964326 0.264717 -1.49748e-15
  outer loop
    vertex 14.52482369552738 63.92909529325161 21.83836052325437
    vertex 14.70453521003792 63.2744319189632 23
    vertex 14.86370403528555 62.69460262698971 21.84468627873736
  endloop
endfacet
facet normal 0.964326 0.264717 2.15433e-16
  outer loop
    vertex 13.34436944909491 68.22932147668416 5.218434525546119
    vertex 13.17536315283101 68.84498727021698 4.114638467632671
    vertex 13.00422106798531 69.46843343644058 5.216675827065041
  endloop
endfacet
facet normal 0.964326 0.264717 -8.79194e-16
  outer loop
    vertex 13.85055825761965 66.38534795991546 21.83385308450043
    vertex 14.02577371829133 65.74706306746864 23
    vertex 14.18892668043753 65.15272013393604 21.8441886068479
  endloop
endfacet
facet normal 0.964326 0.264717 7.60497e-17
  outer loop
    vertex 24.00959670780165 29.37742217710961 4.19978664317812
    vertex 23.86781534861689 29.89391141413982 3
    vertex 23.68220000164106 30.57008160669462 4.154964388461545
  endloop
endfacet
facet normal 0.964326 0.264717 -2.03852e-15
  outer loop
    vertex 14.36515446416463 64.51074749321593 23
    vertex 14.52482369552738 63.92909529325161 21.83836052325437
    vertex 14.18892668043753 65.15272013393604 21.8441886068479
  endloop
endfacet
facet normal 0.964326 0.264717 9.72231e-17
  outer loop
    vertex 14.34320565668943 64.59070386330413 18.46118050065111
    vertex 14.51215554617426 63.9752435516094 19.58284270577592
    vertex 14.68140414469375 63.35869508557411 18.46995733812833
  endloop
endfacet
facet normal 0.964326 0.264717 -9.39188e-16
  outer loop
    vertex 13.1702334553728 68.86367402524328 6.321491438296199
    vertex 13.34436944909491 68.22932147668416 5.218434525546119
    vertex 13.00422106798531 69.46843343644058 5.216675827065041
  endloop
endfacet
facet normal 0.964326 0.264717 -1.55901e-15
  outer loop
    vertex 14.51215554617426 63.9752435516094 19.58284270577592
    vertex 14.85048705126539 62.74275021163457 19.5858140584891
    vertex 14.68140414469375 63.35869508557411 18.46995733812833
  endloop
endfacet
facet normal 0.964326 0.264717 1.75616e-15
  outer loop
    vertex 15.70078103807293 59.64525068826423 20.72399638210793
    vertex 15.87628032199724 59.00593186825426 19.5963191897575
    vertex 15.53101786833504 60.26367366373798 19.5977666326306
  endloop
endfacet
facet normal 0.964326 0.264717 1.20121e-15
  outer loop
    vertex 15.36169314987336 60.88049942384838 20.70834128461632
    vertex 15.70078103807293 59.64525068826423 20.72399638210793
    vertex 15.53101786833504 60.26367366373798 19.5977666326306
  endloop
endfacet
facet normal 0.964326 0.264717 1.67217e-15
  outer loop
    vertex 12.82417681893192 70.12430891513506 17.3406399023297
    vertex 12.99404674469332 69.50549704271853 16.23701784228081
    vertex 12.6572333927271 70.73245996773834 16.23953887141579
  endloop
endfacet
facet normal 0.964326 0.264717 -9.74206e-16
  outer loop
    vertex 12.83074936273734 70.10036607698675 8.52345468373939
    vertex 12.49118212851288 71.33736100166158 8.545911081563531
    vertex 12.65961733820644 70.72377559492077 9.645290184066278
  endloop
endfacet
facet normal 0.964326 0.264717 -1.367e-16
  outer loop
    vertex 17.91093397718469 51.59397926721427 6.34074829159241
    vertex 17.75244383083712 52.17133622890897 5.220719172794464
    vertex 17.57389282362387 52.8217720409001 6.332805542169586
  endloop
endfacet
facet normal 0.964326 0.264717 -3.73963e-16
  outer loop
    vertex 23.52843460274359 31.13022698839253 3
    vertex 23.35479890101607 31.76275704468566 4.123506729645456
    vertex 23.68220000164106 30.57008160669462 4.154964388461545
  endloop
endfacet
facet normal 0.964326 0.264717 1.15057e-16
  outer loop
    vertex 11.82213968672255 73.77458703961206 15.10386208993109
    vertex 11.99105595796664 73.15924919436573 14.06315328804499
    vertex 11.67642856925715 74.30539182466458 14.11136433475689
  endloop
endfacet
facet normal 0.964326 0.264717 -3.91043e-16
  outer loop
    vertex 17.75244383083712 52.17133622890897 5.220719172794464
    vertex 17.41492502170358 53.40086903360972 5.218293227993652
    vertex 17.57389282362387 52.8217720409001 6.332805542169586
  endloop
endfacet
facet normal 0.964326 0.264717 3.40968e-15
  outer loop
    vertex 12.82893369442428 70.10698029727004 10.73695504725729
    vertex 12.99875575310783 69.48834279777995 9.623781742862864
    vertex 12.65961733820644 70.72377559492077 9.645290184066278
  endloop
endfacet
facet normal 0.964326 0.264717 1.8224e-15
  outer loop
    vertex 19.45586565226406 45.96601387942513 5.220569310549278
    vertex 19.27280084367587 46.63289282499638 6.337508634292903
    vertex 19.61109325375899 45.40054190255071 6.343663760801283
  endloop
endfacet
facet normal 0.964326 0.264717 1.29491e-15
  outer loop
    vertex 23.35479890101607 31.76275704468566 4.123506729645456
    vertex 23.1890538568703 32.36654256264524 3
    vertex 23.01335622807173 33.00658392469717 4.136905641595041
  endloop
endfacet
facet normal 0.964326 0.264717 2.55692e-16
  outer loop
    vertex 22.84967311099701 33.60285813689796 3
    vertex 22.67146327063273 34.2520511267964 4.132171422356961
    vertex 23.01335622807173 33.00658392469717 4.136905641595041
  endloop
endfacet
facet normal 0.964326 0.264717 1.76442e-15
  outer loop
    vertex 12.99404674469332 69.50549704271853 16.23701784228081
    vertex 12.82417681893192 70.12430891513506 17.3406399023297
    vertex 13.1619181119133 68.89396563356003 17.34038190094066
  endloop
endfacet
facet normal 0.964326 0.264717 8.50141e-16
  outer loop
    vertex 19.27280084367587 46.63289282499638 6.337508634292903
    vertex 19.45586565226406 45.96601387942513 5.220569310549278
    vertex 19.11098058637399 47.22238090516753 5.223971344474746
  endloop
endfacet
facet normal 0.964326 0.264717 7.88907e-16
  outer loop
    vertex 13.33382302367073 68.26774059787225 20.66883676501054
    vertex 13.17195077293305 68.85741808270238 21.82259562171154
    vertex 13.51068005820245 67.62347568636385 21.7959842537962
  endloop
endfacet
facet normal 0.964326 0.264717 -9.75271e-16
  outer loop
    vertex 14.34898327203508 64.56965683597355 20.70093835771232
    vertex 14.17360782443059 65.20852453796132 19.56315214036687
    vertex 14.00822463008382 65.810991888796 20.68102005234321
  endloop
endfacet
facet normal 0.964326 0.264717 1.11783e-15
  outer loop
    vertex 22.98587688675239 33.10668723950334 10.79951053427385
    vertex 22.81727177569372 33.72089157264566 11.89886955328333
    vertex 23.15273016010906 32.49886460084691 11.91416439152945
  endloop
endfacet
facet normal 0.964326 0.264717 -1.50464e-15
  outer loop
    vertex 22.64850018652792 34.33570236174964 12.99875816672785
    vertex 22.98458366435708 33.11139826394341 13.00743940255107
    vertex 22.81727177569372 33.72089157264566 11.89886955328333
  endloop
endfacet
facet normal 0.964326 0.264717 1.70199e-15
  outer loop
    vertex 12.32385215522107 71.94692019008173 7.413212028287578
    vertex 12.16074902721441 72.54108158496314 6.315182497077448
    vertex 11.97945338544631 73.20151570854692 7.370884042220127
  endloop
endfacet
facet normal 0.964326 0.264717 -2.69998e-15
  outer loop
    vertex 12.16074902721441 72.54108158496314 6.315182497077448
    vertex 12.32869766271352 71.92926869850209 5.212292843242227
    vertex 11.93549109375145 73.36166405686393 5.2829483258107
  endloop
endfacet
facet normal 0.964326 0.264717 2.75905e-15
  outer loop
    vertex 12.82820370289994 70.10963955210869 15.13051241239354
    vertex 12.99692234099091 69.49502165620591 14.02965604540167
    vertex 12.65764294137437 70.73096804052329 14.0494514592954
  endloop
endfacet
facet normal 0.964326 0.264717 -7.26313e-16
  outer loop
    vertex 14.34637127324762 64.57917197441358 11.82980588947098
    vertex 14.51539678954084 63.9634361650597 10.72234323688881
    vertex 14.17747847875223 65.19442429721823 10.72199072236164
  endloop
endfacet
facet normal 0.964326 0.264717 -1.27963e-15
  outer loop
    vertex 12.99692234099091 69.49502165620591 14.02965604540167
    vertex 13.16463772602545 68.88405846786577 12.93473674955298
    vertex 12.82743038145146 70.11245665167104 12.94511297505944
  endloop
endfacet
facet normal 0.964326 0.264717 -1.51926e-15
  outer loop
    vertex 22.84967311099701 33.60285813689796 23
    vertex 23.1890538568703 32.36654256264524 23
    vertex 23.0155230689081 32.99869043307899 21.87425399194402
  endloop
endfacet
facet normal 0.964326 0.264717 -9.68954e-17
  outer loop
    vertex 13.51616519192969 67.60349412778605 4.110375858560477
    vertex 13.34701222654474 68.21969421597407 3
    vertex 13.17536315283101 68.84498727021698 4.114638467632671
  endloop
endfacet
facet normal 0.964326 0.264717 -1.1887e-15
  outer loop
    vertex 23.65276750544441 30.67729998569671 13.02645683307996
    vertex 23.48723230913009 31.28032105798457 14.11393345470681
    vertex 23.8066399387878 30.11676469280293 14.18129378715448
  endloop
endfacet
facet normal 0.964326 0.264717 -1.07197e-15
  outer loop
    vertex 24.16489870812608 28.81167917592774 11.90318973677098
    vertex 23.83252771770591 30.02245921245838 11.9291149716739
    vertex 24.01973768909924 29.34048003095411 13.11058051745537
  endloop
endfacet
facet normal 0.964326 0.264717 -1.31823e-15
  outer loop
    vertex 15.02009278496102 62.12490075317193 18.47638330090355
    vertex 15.18999467997486 61.50597242133578 17.37172503260901
    vertex 14.8508010738291 62.74160627229534 17.3627181197035
  endloop
endfacet
facet normal 0.964326 0.264717 5.98855e-16
  outer loop
    vertex 13.67508103444376 67.0245864157705 7.417892816361409
    vertex 14.0102789715142 65.80350821644248 7.413024282966823
    vertex 13.84659727404818 66.39977725721157 6.317331193695992
  endloop
endfacet
facet normal 0.964326 0.264717 1.5073e-15
  outer loop
    vertex 12.15957700919532 72.54535107917555 4.098476670556119
    vertex 11.82220896080618 73.77433468402168 4.054484159599652
    vertex 11.93549109375145 73.36166405686393 5.2829483258107
  endloop
endfacet
facet normal 0.964326 0.264717 1.25996e-16
  outer loop
    vertex 18.41317220479599 49.76439715234453 16.2785151350117
    vertex 18.58437073796321 49.14074535294965 15.17309063912214
    vertex 18.24152891290754 50.38966914422389 15.17275284815722
  endloop
endfacet
facet normal 0.964326 0.264717 -4.6892e-16
  outer loop
    vertex 16.90580163393663 55.2555328033322 21.88596830607971
    vertex 17.08020043115099 54.62022289919417 23
    vertex 17.2398974715072 54.03846939503939 21.86385980181953
  endloop
endfacet
facet normal 0.964326 0.264717 6.55742e-16
  outer loop
    vertex 23.65428411407964 30.67177519709694 15.21271559234312
    vertex 23.48573936995721 31.28575962211437 16.30865945401317
    vertex 23.79779843226493 30.14897303799337 16.37361586502865
  endloop
endfacet
facet normal 0.964326 0.264717 -9.23392e-16
  outer loop
    vertex 14.00866312458526 65.80939451596932 11.82896356687005
    vertex 14.34637127324762 64.57917197441358 11.82980588947098
    vertex 14.17747847875223 65.19442429721823 10.72199072236164
  endloop
endfacet
facet normal 0.964326 0.264717 -2.37866e-15
  outer loop
    vertex 14.85048705126539 62.74275021163457 19.5858140584891
    vertex 15.02009278496102 62.12490075317193 18.47638330090355
    vertex 14.68140414469375 63.35869508557411 18.46995733812833
  endloop
endfacet
facet normal 0.964326 0.264717 8.75163e-16
  outer loop
    vertex 23.65428411407964 30.67177519709694 15.21271559234312
    vertex 23.79779843226493 30.14897303799337 16.37361586502865
    vertex 23.9926473758121 29.43916617221442 15.37581286633588
  endloop
endfacet
facet normal 0.964326 0.264717 1.39357e-15
  outer loop
    vertex 13.33382302367073 68.26774059787225 20.66883676501054
    vertex 12.99688369049593 69.4951624544376 20.69271173785138
    vertex 13.17195077293305 68.85741808270238 21.82259562171154
  endloop
endfacet
facet normal 0.964326 0.264717 4.11335e-16
  outer loop
    vertex 14.51539678954084 63.9634361650597 10.72234323688881
    vertex 14.34634290295949 64.57927532332035 9.612113065398631
    vertex 14.17747847875223 65.19442429721823 10.72199072236164
  endloop
endfacet
facet normal 0.964326 0.264717 -1.53013e-15
  outer loop
    vertex 14.34898327203508 64.56965683597355 20.70093835771232
    vertex 14.51215554617426 63.9752435516094 19.58284270577592
    vertex 14.17360782443059 65.20852453796132 19.56315214036687
  endloop
endfacet
facet normal 0.964326 0.264717 -1.30613e-15
  outer loop
    vertex 13.51616519192969 67.60349412778605 4.110375858560477
    vertex 13.17536315283101 68.84498727021698 4.114638467632671
    vertex 13.34436944909491 68.22932147668416 5.218434525546119
  endloop
endfacet
facet normal 0.964326 0.264717 1.19215e-15
  outer loop
    vertex 12.32869766271352 71.92926869850209 5.212292843242227
    vertex 12.15957700919532 72.54535107917555 4.098476670556119
    vertex 11.93549109375145 73.36166405686393 5.2829483258107
  endloop
endfacet
facet normal 0.964326 0.264717 -2.72552e-15
  outer loop
    vertex 22.81727177569372 33.72089157264566 11.89886955328333
    vertex 22.98458366435708 33.11139826394341 13.00743940255107
    vertex 23.15273016010906 32.49886460084691 11.91416439152945
  endloop
endfacet
facet normal 0.964326 0.264717 -1.68959e-15
  outer loop
    vertex 11.98948924305158 73.16495651298489 3
    vertex 11.82220896080618 73.77433468402168 4.054484159599652
    vertex 12.15957700919532 72.54535107917555 4.098476670556119
  endloop
endfacet
facet normal 0.964326 0.264717 -1.7061e-15
  outer loop
    vertex 23.1890538568703 32.36654256264524 23
    vertex 23.35528969610556 31.76096914828822 21.88211411086998
    vertex 23.0155230689081 32.99869043307899 21.87425399194402
  endloop
endfacet
facet normal 0.964326 0.264717 1.28093e-15
  outer loop
    vertex 19.43509236673454 46.04168799099693 9.662341082169906
    vertex 19.26494157164749 46.66152303024262 8.555018137566698
    vertex 19.09258320463979 47.28939993862784 9.658257275521603
  endloop
endfacet
facet normal 0.964326 0.264717 -2.34236e-16
  outer loop
    vertex 14.51215554617426 63.9752435516094 19.58284270577592
    vertex 14.34320565668943 64.59070386330413 18.46118050065111
    vertex 14.17360782443059 65.20852453796132 19.56315214036687
  endloop
endfacet
facet normal 0.964326 0.264717 -6.63684e-16
  outer loop
    vertex 12.15285452885182 72.56984011471256 17.33517252766469
    vertex 11.81913120392626 73.7855465126557 17.32810056803281
    vertex 11.99035275279316 73.16181087035486 18.42643657148837
  endloop
endfacet
facet normal 0.964326 0.264717 7.01328e-16
  outer loop
    vertex 13.00763148067145 69.45600979022677 3
    vertex 12.83629424696503 70.0801668558716 4.109929810391765
    vertex 13.17536315283101 68.84498727021698 4.114638467632671
  endloop
endfacet
facet normal 0.964326 0.264717 -1.0312e-15
  outer loop
    vertex 22.66851600033475 34.26278761145333 21.86679824118952
    vertex 22.84967311099701 33.60285813689796 23
    vertex 23.0155230689081 32.99869043307899 21.87425399194402
  endloop
endfacet
facet normal 0.964326 0.264717 -1.06935e-15
  outer loop
    vertex 18.4322418973685 49.69492898654467 5.219979054381897
    vertex 18.25474153797985 50.34153743860333 6.331919631331543
    vertex 18.59421946851561 49.10486783450875 6.334279986709423
  endloop
endfacet
facet normal 0.964326 0.264717 -4.32085e-16
  outer loop
    vertex 15.70078103807293 59.64525068826423 20.72399638210793
    vertex 15.54102194731622 60.22723023316368 21.83700306705621
    vertex 15.89189372153114 58.94905448423791 21.84063562001069
  endloop
endfacet
facet normal 0.964326 0.264717 -9.98621e-17
  outer loop
    vertex 23.65428411407964 30.67177519709694 15.21271559234312
    vertex 23.31934863712322 31.89189729172389 15.20793614141639
    vertex 23.48573936995721 31.28575962211437 16.30865945401317
  endloop
endfacet
facet normal 0.964326 0.264717 2.71081e-16
  outer loop
    vertex 18.25474153797985 50.34153743860333 6.331919631331543
    vertex 18.4322418973685 49.69492898654467 5.219979054381897
    vertex 18.0906973161275 50.93912710392259 5.221791805447412
  endloop
endfacet
facet normal 0.964326 0.264717 9.72223e-16
  outer loop
    vertex 22.98458366435708 33.11139826394341 13.00743940255107
    vertex 22.64850018652792 34.33570236174964 12.99875816672785
    vertex 22.81626636761885 33.72455413063267 14.10492255033702
  endloop
endfacet
facet normal 0.964326 0.264717 7.38153e-16
  outer loop
    vertex 18.41682460812829 49.75109196877685 9.653002157423249
    vertex 18.24692528373903 50.37001093619486 8.544855917964776
    vertex 18.07487080057075 50.99678083916505 9.648921771301712
  endloop
endfacet
facet normal 0.964326 0.264717 1.04618e-15
  outer loop
    vertex 23.35528969610556 31.76096914828822 21.88211411086998
    vertex 23.52843460274359 31.13022698839253 23
    vertex 23.69290859918223 30.5310717156518 21.87157535098767
  endloop
endfacet
facet normal 0.964326 0.264717 2.18965e-15
  outer loop
    vertex 23.49251007052192 31.26109492720008 7.50591420806593
    vertex 23.65889447839044 30.65498029853617 8.606159903229907
    vertex 23.82849089015906 30.03716479852191 7.509255013054377
  endloop
endfacet
facet normal 0.964326 0.264717 3.91495e-17
  outer loop
    vertex 14.34634290295949 64.57927532332035 9.612113065398631
    vertex 14.51539678954084 63.9634361650597 10.72234323688881
    vertex 14.6851551539634 63.34503069466324 9.616907486163431
  endloop
endfacet
facet normal 0.964326 0.264717 1.67735e-15
  outer loop
    vertex 18.42283201388241 49.72920784781543 20.77473723276071
    vertex 18.58421737886044 49.14130401825259 19.61941034897409
    vertex 18.24299162352289 50.38434069841082 19.63295255025045
  endloop
endfacet
facet normal 0.964326 0.264717 9.69419e-16
  outer loop
    vertex 22.64850018652792 34.33570236174964 12.99875816672785
    vertex 22.47977869944944 34.95033063610695 14.0999604096201
    vertex 22.81626636761885 33.72455413063267 14.10492255033702
  endloop
endfacet
facet normal 0.964326 0.264717 2.06835e-15
  outer loop
    vertex 15.0208606798122 62.12210342192832 16.26021724214357
    vertex 15.19051475066909 61.50407787809253 15.15538113578931
    vertex 14.85220995487388 62.73647391991793 15.14951946742956
  endloop
endfacet
facet normal 0.964326 0.264717 -1.99998e-15
  outer loop
    vertex 14.52141510558149 63.94151229948308 6.31449302877482
    vertex 14.69721791546169 63.30108777777662 5.206865799440626
    vertex 14.35697061174173 64.54056009847076 5.208631770575646
  endloop
endfacet
facet normal 0.964326 0.264717 -1.97346e-15
  outer loop
    vertex 12.82417681893192 70.12430891513506 17.3406399023297
    vertex 12.99193513239456 69.51318934466404 18.44285983581607
    vertex 13.1619181119133 68.89396563356003 17.34038190094066
  endloop
endfacet
facet normal 0.964326 0.264717 -3.96662e-17
  outer loop
    vertex 22.98587688675239 33.10668723950334 10.79951053427385
    vertex 22.64978925421275 34.33100647232634 10.79370113060422
    vertex 22.81727177569372 33.72089157264566 11.89886955328333
  endloop
endfacet
facet normal 0.964326 0.264717 -2.39056e-15
  outer loop
    vertex 12.31892417078956 71.96487213336796 18.43283892234695
    vertex 12.15285452885182 72.56984011471256 17.33517252766469
    vertex 11.99035275279316 73.16181087035486 18.42643657148837
  endloop
endfacet
facet normal 0.964326 0.264717 -3.7555e-16
  outer loop
    vertex 12.66825073479816 70.69232536447949 23
    vertex 12.8320016650812 70.09580411844841 21.84867685614871
    vertex 12.49365555813197 71.3283506509063 21.83805238459335
  endloop
endfacet
facet normal 0.964326 0.264717 -1.83098e-15
  outer loop
    vertex 23.31934863712322 31.89189729172389 15.20793614141639
    vertex 23.15151708343025 32.50328366589115 16.30436073514039
    vertex 23.48573936995721 31.28575962211437 16.30865945401317
  endloop
endfacet
facet normal 0.964326 0.264717 1.95052e-15
  outer loop
    vertex 13.00763148067145 69.45600979022677 3
    vertex 12.66825073479816 70.69232536447949 3
    vertex 12.83629424696503 70.0801668558716 4.109929810391765
  endloop
endfacet
facet normal 0.964326 0.264717 6.52031e-16
  outer loop
    vertex 13.1672406157235 68.87457651253719 10.72409936912833
    vertex 12.82893369442428 70.10698029727004 10.73695504725729
    vertex 12.99758037327762 69.49262453859002 11.82972132212969
  endloop
endfacet
facet normal 0.964326 0.264717 -1.03954e-15
  outer loop
    vertex 23.154856932523 32.49111707276754 9.698379241772441
    vertex 23.32721328809071 31.86324749177088 10.79208039533054
    vertex 23.4983208538552 31.23992707362881 9.704455673826356
  endloop
endfacet
facet normal 0.964326 0.264717 -9.82961e-17
  outer loop
    vertex 13.16463772602545 68.88405846786577 12.93473674955298
    vertex 13.33515290273452 68.26289603842558 11.82544852326243
    vertex 12.99758037327762 69.49262453859002 11.82972132212969
  endloop
endfacet
facet normal 0.964326 0.264717 -1.01259e-15
  outer loop
    vertex 18.07359705520728 51.00142091156054 18.52051888329479
    vertex 17.73418141438189 52.23786360313874 18.50033893223721
    vertex 17.90117440865505 51.62953198114369 19.62192662248647
  endloop
endfacet
facet normal 0.964326 0.264717 -1.36899e-15
  outer loop
    vertex 17.73418141438189 52.23786360313874 18.50033893223721
    vertex 17.56380471471051 52.85852158051306 19.60575701651566
    vertex 17.90117440865505 51.62953198114369 19.62192662248647
  endloop
endfacet
facet normal 0.964326 0.264717 -1.14594e-15
  outer loop
    vertex 13.34701222654474 68.21969421597407 3
    vertex 13.00763148067145 69.45600979022677 3
    vertex 13.17536315283101 68.84498727021698 4.114638467632671
  endloop
endfacet
facet normal 0.964326 0.264717 -4.30886e-16
  outer loop
    vertex 12.49798977736029 71.31256170943172 4.109062803614779
    vertex 12.15957700919532 72.54535107917555 4.098476670556119
    vertex 12.32869766271352 71.92926869850209 5.212292843242227
  endloop
endfacet
facet normal 0.964326 0.264717 -1.03339e-15
  outer loop
    vertex 13.50482634962689 67.64479991046053 8.523699066549066
    vertex 13.6722495395333 67.03490114723003 9.622817887791669
    vertex 13.84036914469304 66.42246544271956 8.518212253368798
  endloop
endfacet
facet normal 0.964326 0.264717 3.62346e-16
  outer loop
    vertex 17.39528186083824 53.47242626247634 16.27531097739312
    vertex 17.56451828405332 52.85592214933567 15.16979017244514
    vertex 17.22522695722834 54.09191198276955 15.16958080348551
  endloop
endfacet
facet normal 0.964326 0.264717 3.96379e-16
  outer loop
    vertex 23.32015443679982 31.88896187861627 13.01609506014724
    vertex 23.48980173668474 31.27096100046409 11.91837623993308
    vertex 23.15273016010906 32.49886460084691 11.91416439152945
  endloop
endfacet
facet normal 0.964326 0.264717 -9.89363e-16
  outer loop
    vertex 12.65764294137437 70.73096804052329 14.0494514592954
    vertex 12.99692234099091 69.49502165620591 14.02965604540167
    vertex 12.82743038145146 70.11245665167104 12.94511297505944
  endloop
endfacet
facet normal 0.964326 0.264717 1.15261e-15
  outer loop
    vertex 14.68140414469375 63.35869508557411 18.46995733812833
    vertex 15.02009278496102 62.12490075317193 18.47638330090355
    vertex 14.8508010738291 62.74160627229534 17.3627181197035
  endloop
endfacet
facet normal 0.964326 0.264717 -1.27609e-15
  outer loop
    vertex 23.48723230913009 31.28032105798457 14.11393345470681
    vertex 23.65428411407964 30.67177519709694 15.21271559234312
    vertex 23.8066399387878 30.11676469280293 14.18129378715448
  endloop
endfacet
facet normal 0.964326 0.264717 3.1474e-15
  outer loop
    vertex 12.15802089797281 72.55101977005752 19.51318312760668
    vertex 12.31892417078956 71.96487213336796 18.43283892234695
    vertex 11.99035275279316 73.16181087035486 18.42643657148837
  endloop
endfacet
facet normal 0.964326 0.264717 -1.04657e-15
  outer loop
    vertex 24.20719609449018 28.6575958398871 3
    vertex 23.86781534861689 29.89391141413982 3
    vertex 24.00959670780165 29.37742217710961 4.19978664317812
  endloop
endfacet
facet normal 0.964326 0.264717 -1.37553e-15
  outer loop
    vertex 12.49348236165726 71.32898158092134 6.324680431843765
    vertex 12.32869766271352 71.92926869850209 5.212292843242227
    vertex 12.16074902721441 72.54108158496314 6.315182497077448
  endloop
endfacet
facet normal 0.964326 0.264717 -7.39107e-16
  outer loop
    vertex 11.98948924305158 73.16495651298489 3
    vertex 11.65010849717829 74.40127208723759 3
    vertex 11.82220896080618 73.77433468402168 4.054484159599652
  endloop
endfacet
facet normal 0.964326 0.264717 1.89642e-16
  outer loop
    vertex 23.86781534861689 29.89391141413982 23
    vertex 24.20719609449018 28.6575958398871 23
    vertex 24.03282794714527 29.29279409092929 21.7442504616112
  endloop
endfacet
facet normal 0.964326 0.264717 1.03229e-15
  outer loop
    vertex 12.48597403324022 71.35633334872627 19.538414668163
    vertex 12.65488880316177 70.74100097258348 18.44075741894162
    vertex 12.31892417078956 71.96487213336796 18.43283892234695
  endloop
endfacet
facet normal 0.964326 0.264717 1.88746e-15
  outer loop
    vertex 12.48871951060984 71.34633196687979 15.14696716235925
    vertex 12.82820370289994 70.10963955210869 15.13051241239354
    vertex 12.65764294137437 70.73096804052329 14.0494514592954
  endloop
endfacet
facet normal 0.964326 0.264717 -2.24695e-15
  outer loop
    vertex 15.89189372153114 58.94905448423791 21.84063562001069
    vertex 16.23930035213128 57.68350175848025 21.88161701844537
    vertex 16.05649033082916 58.34945255036655 20.73997582508952
  endloop
endfacet
facet normal 0.964326 0.264717 2.43909e-15
  outer loop
    vertex 12.49798977736029 71.31256170943172 4.109062803614779
    vertex 12.32886998892487 71.92864093873219 3
    vertex 12.15957700919532 72.54535107917555 4.098476670556119
  endloop
endfacet
facet normal 0.964326 0.264717 1.01761e-15
  outer loop
    vertex 14.17747847875223 65.19442429721823 10.72199072236164
    vertex 14.00807929350608 65.81152132918633 9.609204040368942
    vertex 13.8403445514879 66.42255503225257 10.72373279174667
  endloop
endfacet
facet normal 0.964326 0.264717 -1.6548e-15
  outer loop
    vertex 23.99761101739085 29.42108433503466 6.415285118298193
    vertex 23.66161356579673 30.64507505155612 6.409657004646458
    vertex 23.82849089015906 30.03716479852191 7.509255013054377
  endloop
endfacet
facet normal 0.964326 0.264717 -2.71559e-17
  outer loop
    vertex 23.86781534861689 29.89391141413982 23
    vertex 24.03282794714527 29.29279409092929 21.7442504616112
    vertex 23.69290859918223 30.5310717156518 21.87157535098767
  endloop
endfacet
facet normal 0.964326 0.264717 1.72481e-15
  outer loop
    vertex 13.16456916728195 68.88430821757426 15.13237352849556
    vertex 12.99692234099091 69.49502165620591 14.02965604540167
    vertex 12.82820370289994 70.10963955210869 15.13051241239354
  endloop
endfacet
facet normal 0.964326 0.264717 8.04669e-16
  outer loop
    vertex 13.5027683040318 67.65229707655693 12.93053529700262
    vertex 13.33515290273452 68.26289603842558 11.82544852326243
    vertex 13.16463772602545 68.88405846786577 12.93473674955298
  endloop
endfacet
facet normal 0.964326 0.264717 -1.81527e-15
  outer loop
    vertex 22.98458366435708 33.11139826394341 13.00743940255107
    vertex 23.32015443679982 31.88896187861627 13.01609506014724
    vertex 23.15273016010906 32.49886460084691 11.91416439152945
  endloop
endfacet
facet normal 0.964326 0.264717 -1.19686e-15
  outer loop
    vertex 13.17536315283101 68.84498727021698 4.114638467632671
    vertex 12.83629424696503 70.0801668558716 4.109929810391765
    vertex 13.00422106798531 69.46843343644058 5.216675827065041
  endloop
endfacet
facet normal 0.964326 0.264717 2.30775e-15
  outer loop
    vertex 13.33515290273452 68.26289603842558 11.82544852326243
    vertex 13.1672406157235 68.87457651253719 10.72409936912833
    vertex 12.99758037327762 69.49262453859002 11.82972132212969
  endloop
endfacet
facet normal 0.964326 0.264717 2.12127e-15
  outer loop
    vertex 14.19338196971421 65.13649015157101 4.107274748045281
    vertex 13.85498729380542 66.36921361381016 4.108788185169376
    vertex 14.02035972625688 65.76678546702269 5.213491699966585
  endloop
endfacet
facet normal 0.964326 0.264717 2.09107e-17
  outer loop
    vertex 23.83798922613587 30.00256371746353 5.297673249796754
    vertex 23.99761101739085 29.42108433503466 6.415285118298193
    vertex 24.16094044924341 28.82609854757178 5.357593402824113
  endloop
endfacet
facet normal 0.964326 0.264717 -3.40084e-15
  outer loop
    vertex 23.48667349858273 31.28235672497855 18.49964768946804
    vertex 23.65001338779844 30.68733284283561 19.58727982141836
    vertex 23.82779273705518 30.03970807054316 18.52251237203474
  endloop
endfacet
facet normal 0.964326 0.264717 2.18213e-15
  outer loop
    vertex 21.9741300404542 36.7923364653039 12.99409416999738
    vertex 21.63592544723029 38.02436748347671 12.99294902673294
    vertex 21.80475455775201 37.40934715229046 14.09860508129446
  endloop
endfacet
facet normal 0.964326 0.264717 2.6558e-16
  outer loop
    vertex 23.31912632219784 31.89270715323777 17.4026999337914
    vertex 23.48667349858273 31.28235672497855 18.49964768946804
    vertex 23.64885919981425 30.69153738477801 17.41493430957529
  endloop
endfacet
facet normal 0.964326 0.264717 1.97918e-15
  outer loop
    vertex 12.82255073447166 70.13023250852602 19.55975736275452
    vertex 12.99193513239456 69.51318934466404 18.44285983581607
    vertex 12.65488880316177 70.74100097258348 18.44075741894162
  endloop
endfacet
facet normal 0.964326 0.264717 -1.0887e-15
  outer loop
    vertex 22.64978925421275 34.33100647232634 10.79370113060422
    vertex 22.4807320312227 34.94685778464721 11.89437918962248
    vertex 22.81727177569372 33.72089157264566 11.89886955328333
  endloop
endfacet
facet normal 0.964326 0.264717 -2.92554e-15
  outer loop
    vertex 12.31892417078956 71.96487213336796 18.43283892234695
    vertex 12.48746877947256 71.35088820173704 17.33891432593431
    vertex 12.15285452885182 72.56984011471256 17.33517252766469
  endloop
endfacet
facet normal 0.964326 0.264717 -2.08312e-15
  outer loop
    vertex 12.15865060367743 72.54872584213355 21.8458029175813
    vertex 12.32886998892487 71.92864093873219 23
    vertex 12.49365555813197 71.3283506509063 21.83805238459335
  endloop
endfacet
facet normal 0.964326 0.264717 1.53567e-15
  outer loop
    vertex 22.14269344662225 36.17828405712027 14.09820598349814
    vertex 21.9741300404542 36.7923364653039 12.99409416999738
    vertex 21.80475455775201 37.40934715229046 14.09860508129446
  endloop
endfacet
facet normal 0.964326 0.264717 -1.10814e-15
  outer loop
    vertex 23.83798922613587 30.00256371746353 5.297673249796754
    vertex 23.66161356579673 30.64507505155612 6.409657004646458
    vertex 23.99761101739085 29.42108433503466 6.415285118298193
  endloop
endfacet
facet normal 0.964326 0.264717 -7.26997e-16
  outer loop
    vertex 23.66161356579673 30.64507505155612 6.409657004646458
    vertex 23.49251007052192 31.26109492720008 7.50591420806593
    vertex 23.82849089015906 30.03716479852191 7.509255013054377
  endloop
endfacet
facet normal 0.964326 0.264717 1.43785e-15
  outer loop
    vertex 13.3320436076333 68.27422275629434 16.23644963841967
    vertex 12.99404674469332 69.50549704271853 16.23701784228081
    vertex 13.1619181119133 68.89396563356003 17.34038190094066
  endloop
endfacet
facet normal 0.964326 0.264717 3.01389e-15
  outer loop
    vertex 12.48597403324022 71.35633334872627 19.538414668163
    vertex 12.31892417078956 71.96487213336796 18.43283892234695
    vertex 12.15802089797281 72.55101977005752 19.51318312760668
  endloop
endfacet
facet normal 0.964326 0.264717 -1.59355e-15
  outer loop
    vertex 12.31892417078956 71.96487213336796 18.43283892234695
    vertex 12.65488880316177 70.74100097258348 18.44075741894162
    vertex 12.48746877947256 71.35088820173704 17.33891432593431
  endloop
endfacet
facet normal 0.964326 0.264717 -2.43842e-16
  outer loop
    vertex 11.98948924305158 73.16495651298489 23
    vertex 12.32886998892487 71.92864093873219 23
    vertex 12.15865060367743 72.54872584213355 21.8458029175813
  endloop
endfacet
facet normal 0.964326 0.264717 -1.57442e-15
  outer loop
    vertex 13.6722495395333 67.03490114723003 9.622817887791669
    vertex 14.00807929350608 65.81152132918633 9.609204040368942
    vertex 13.84036914469304 66.42246544271956 8.518212253368798
  endloop
endfacet
facet normal 0.964326 0.264717 -4.15985e-16
  outer loop
    vertex 22.4807320312227 34.94685778464721 11.89437918962248
    vertex 22.64850018652792 34.33570236174964 12.99875816672785
    vertex 22.81727177569372 33.72089157264566 11.89886955328333
  endloop
endfacet
facet normal 0.964326 0.264717 -7.22412e-16
  outer loop
    vertex 22.4807320312227 34.94685778464721 11.89437918962248
    vertex 22.31183806308228 35.56211438287306 12.995328862909
    vertex 22.64850018652792 34.33570236174964 12.99875816672785
  endloop
endfacet
facet normal 0.964326 0.264717 -2.01623e-15
  outer loop
    vertex 12.15285452885182 72.56984011471256 17.33517252766469
    vertex 11.97873642388508 73.20412749709142 16.22860654114002
    vertex 11.81913120392626 73.7855465126557 17.32810056803281
  endloop
endfacet
facet normal 0.964326 0.264717 -1.57031e-15
  outer loop
    vertex 12.32247525274403 71.95193604910526 20.67687996722898
    vertex 12.15802089797281 72.55101977005752 19.51318312760668
    vertex 11.9335080922052 73.36888784821097 20.62737496380766
  endloop
endfacet
facet normal 0.964326 0.264717 1.96994e-17
  outer loop
    vertex 13.49958063592379 67.66390929609325 17.34166162635202
    vertex 13.3320436076333 68.27422275629434 16.23644963841967
    vertex 13.1619181119133 68.89396563356003 17.34038190094066
  endloop
endfacet
facet normal 0.964326 0.264717 -9.80412e-17
  outer loop
    vertex 12.6660066150045 70.70050037229926 5.215386469771177
    vertex 12.32869766271352 71.92926869850209 5.212292843242227
    vertex 12.49348236165726 71.32898158092134 6.324680431843765
  endloop
endfacet
facet normal 0.964326 0.264717 9.579e-16
  outer loop
    vertex 23.49251007052192 31.26109492720008 7.50591420806593
    vertex 23.32358937100176 31.87644890402349 8.601687391655034
    vertex 23.65889447839044 30.65498029853617 8.606159903229907
  endloop
endfacet
facet normal 0.964326 0.264717 -2.23506e-15
  outer loop
    vertex 22.98393286217812 33.11376904330962 15.20541418381572
    vertex 23.15151708343025 32.50328366589115 16.30436073514039
    vertex 23.31934863712322 31.89189729172389 15.20793614141639
  endloop
endfacet
facet normal 0.964326 0.264717 -1.19212e-15
  outer loop
    vertex 12.15285452885182 72.56984011471256 17.33517252766469
    vertex 12.32078479975503 71.95809412785088 16.24318158319716
    vertex 11.97873642388508 73.20412749709142 16.22860654114002
  endloop
endfacet
facet normal 0.964326 0.264717 -1.981e-15
  outer loop
    vertex 23.154856932523 32.49111707276754 9.698379241772441
    vertex 22.98587688675239 33.10668723950334 10.79951053427385
    vertex 23.32721328809071 31.86324749177088 10.79208039533054
  endloop
endfacet
facet normal 0.964326 0.264717 8.78275e-16
  outer loop
    vertex 23.48573936995721 31.28575962211437 16.30865945401317
    vertex 23.64885919981425 30.69153738477801 17.41493430957529
    vertex 23.79779843226493 30.14897303799337 16.37361586502865
  endloop
endfacet
facet normal 0.964326 0.264717 -7.53156e-16
  outer loop
    vertex 14.17360782443059 65.20852453796132 19.56315214036687
    vertex 13.83529721137295 66.44094177124273 19.54939269736603
    vertex 14.00822463008382 65.810991888796 20.68102005234321
  endloop
endfacet
facet normal 0.964326 0.264717 -1.58058e-15
  outer loop
    vertex 12.99404674469332 69.50549704271853 16.23701784228081
    vertex 13.16456916728195 68.88430821757426 15.13237352849556
    vertex 12.82820370289994 70.10963955210869 15.13051241239354
  endloop
endfacet
facet normal 0.964326 0.264717 6.85332e-16
  outer loop
    vertex 14.6851551539634 63.34503069466324 9.616907486163431
    vertex 14.51539678954084 63.9634361650597 10.72234323688881
    vertex 14.85420416046188 62.72920931384733 10.72647444416377
  endloop
endfacet
facet normal 0.964326 0.264717 -8.57413e-16
  outer loop
    vertex 22.14358620399979 36.17503186953068 11.89091474619111
    vertex 21.9741300404542 36.7923364653039 12.99409416999738
    vertex 22.31183806308228 35.56211438287306 12.995328862909
  endloop
endfacet
facet normal 0.964326 0.264717 8.55457e-16
  outer loop
    vertex 22.6477521831966 34.33842723102802 15.20277076454575
    vertex 22.81568604261879 33.72666817170432 16.30266585345606
    vertex 22.98393286217812 33.11376904330962 15.20541418381572
  endloop
endfacet
facet normal 0.964326 0.264717 -1.82555e-15
  outer loop
    vertex 21.8057161249296 37.40584430042924 11.88679349515344
    vertex 21.63592544723029 38.02436748347671 12.99294902673294
    vertex 21.9741300404542 36.7923364653039 12.99409416999738
  endloop
endfacet
facet normal 0.964326 0.264717 7.10077e-16
  outer loop
    vertex 17.90117440865505 51.62953198114369 19.62192662248647
    vertex 17.56380471471051 52.85852158051306 19.60575701651566
    vertex 17.73221630873101 52.24502220229552 20.71796571191
  endloop
endfacet
facet normal 0.964326 0.264717 -1.11468e-15
  outer loop
    vertex 12.83074936273734 70.10036607698675 8.52345468373939
    vertex 12.66058647504865 70.72024516785268 7.428263935929245
    vertex 12.49118212851288 71.33736100166158 8.545911081563531
  endloop
endfacet
facet normal 0.964326 0.264717 -9.61941e-17
  outer loop
    vertex 21.65668599736345 37.94873976513449 21.85973085071528
    vertex 21.83153087337712 37.31180485965611 23
    vertex 21.98841962623078 36.74028154568921 21.83892356154361
  endloop
endfacet
facet normal 0.964326 0.264717 -1.70986e-15
  outer loop
    vertex 23.65428411407964 30.67177519709694 15.21271559234312
    vertex 23.9926473758121 29.43916617221442 15.37581286633588
    vertex 23.8066399387878 30.11676469280293 14.18129378715448
  endloop
endfacet
facet normal 0.964326 0.264717 -2.20824e-15
  outer loop
    vertex 12.49798977736029 71.31256170943172 4.109062803614779
    vertex 12.32869766271352 71.92926869850209 5.212292843242227
    vertex 12.6660066150045 70.70050037229926 5.215386469771177
  endloop
endfacet
facet normal 0.964326 0.264717 -3.37142e-16
  outer loop
    vertex 22.81881152956592 33.71528246925407 9.694283672797454
    vertex 22.64978925421275 34.33100647232634 10.79370113060422
    vertex 22.98587688675239 33.10668723950334 10.79951053427385
  endloop
endfacet
facet normal 0.964326 0.264717 5.30816e-16
  outer loop
    vertex 23.64885919981425 30.69153738477801 17.41493430957529
    vertex 23.48667349858273 31.28235672497855 18.49964768946804
    vertex 23.82779273705518 30.03970807054316 18.52251237203474
  endloop
endfacet
facet normal 0.964326 0.264717 -1.5006e-16
  outer loop
    vertex 23.48723230913009 31.28032105798457 14.11393345470681
    vertex 23.31934863712322 31.89189729172389 15.20793614141639
    vertex 23.65428411407964 30.67177519709694 15.21271559234312
  endloop
endfacet
facet normal 0.964326 0.264717 -1.58496e-16
  outer loop
    vertex 13.16456916728195 68.88430821757426 15.13237352849556
    vertex 13.33360370672217 68.26853953818487 14.03210554297526
    vertex 12.99692234099091 69.49502165620591 14.02965604540167
  endloop
endfacet
facet normal 0.964326 0.264717 2.7719e-15
  outer loop
    vertex 12.66825073479816 70.69232536447949 3
    vertex 12.32886998892487 71.92864093873219 3
    vertex 12.49798977736029 71.31256170943172 4.109062803614779
  endloop
endfacet
facet normal 0.964326 0.264717 -4.68206e-16
  outer loop
    vertex 22.98393286217812 33.11376904330962 15.20541418381572
    vertex 22.81568604261879 33.72666817170432 16.30266585345606
    vertex 23.15151708343025 32.50328366589115 16.30436073514039
  endloop
endfacet
facet normal 0.964326 0.264717 -3.40625e-16
  outer loop
    vertex 21.48888600778536 38.56001115574037 20.76962209587174
    vertex 21.65668599736345 37.94873976513449 21.85973085071528
    vertex 21.81536000715222 37.37071301518969 20.70524282289888
  endloop
endfacet
facet normal 0.964326 0.264717 -1.30806e-15
  outer loop
    vertex 22.81881152956592 33.71528246925407 9.694283672797454
    vertex 22.98587688675239 33.10668723950334 10.79951053427385
    vertex 23.154856932523 32.49111707276754 9.698379241772441
  endloop
endfacet
facet normal 0.964326 0.264717 -1.6206e-15
  outer loop
    vertex 22.14358620399979 36.17503186953068 11.89091474619111
    vertex 22.31183806308228 35.56211438287306 12.995328862909
    vertex 22.4807320312227 34.94685778464721 11.89437918962248
  endloop
endfacet
facet normal 0.964326 0.264717 -2.95628e-16
  outer loop
    vertex 12.32886998892487 71.92864093873219 3
    vertex 11.98948924305158 73.16495651298489 3
    vertex 12.15957700919532 72.54535107917555 4.098476670556119
  endloop
endfacet
facet normal 0.964326 0.264717 8.42177e-16
  outer loop
    vertex 15.02377078154899 62.11150233703002 9.620298771774866
    vertex 14.6851551539634 63.34503069466324 9.616907486163431
    vertex 14.85420416046188 62.72920931384733 10.72647444416377
  endloop
endfacet
facet normal 0.964326 0.264717 1.06019e-15
  outer loop
    vertex 23.32358937100176 31.87644890402349 8.601687391655034
    vertex 23.154856932523 32.49111707276754 9.698379241772441
    vertex 23.4983208538552 31.23992707362881 9.704455673826356
  endloop
endfacet
facet normal 0.964326 0.264717 9.28276e-16
  outer loop
    vertex 13.8403445514879 66.42255503225257 10.72373279174667
    vertex 14.00807929350608 65.81152132918633 9.609204040368942
    vertex 13.6722495395333 67.03490114723003 9.622817887791669
  endloop
endfacet
facet normal 0.964326 0.264717 -8.06691e-16
  outer loop
    vertex 21.8057161249296 37.40584430042924 11.88679349515344
    vertex 21.9741300404542 36.7923364653039 12.99409416999738
    vertex 22.14358620399979 36.17503186953068 11.89091474619111
  endloop
endfacet
facet normal 0.964326 0.264717 1.52415e-15
  outer loop
    vertex 23.15151708343025 32.50328366589115 16.30436073514039
    vertex 23.31912632219784 31.89270715323777 17.4026999337914
    vertex 23.48573936995721 31.28575962211437 16.30865945401317
  endloop
endfacet
facet normal 0.964326 0.264717 -3.95293e-17
  outer loop
    vertex 22.31051345306257 35.56693974794484 17.40522284373376
    vertex 22.47902158234044 34.95308870557544 18.50855289615257
    vertex 22.64721884685041 34.34037009914628 17.40376078492605
  endloop
endfacet
facet normal 0.964326 0.264717 2.37451e-15
  outer loop
    vertex 22.31183806308228 35.56211438287306 12.995328862909
    vertex 22.47977869944944 34.95033063610695 14.0999604096201
    vertex 22.64850018652792 34.33570236174964 12.99875816672785
  endloop
endfacet
facet normal 0.964326 0.264717 -3.52721e-16
  outer loop
    vertex 14.19338196971421 65.13649015157101 4.107274748045281
    vertex 14.02577371829133 65.74706306746864 3
    vertex 13.85498729380542 66.36921361381016 4.108788185169376
  endloop
endfacet
facet normal 0.964326 0.264717 -2.86485e-15
  outer loop
    vertex 13.51616519192969 67.60349412778605 4.110375858560477
    vertex 13.34436944909491 68.22932147668416 5.218434525546119
    vertex 13.68396326141915 66.99222973178874 5.215131099565141
  endloop
endfacet
facet normal 0.964326 0.264717 -1.22008e-15
  outer loop
    vertex 23.1890538568703 32.36654256264524 23
    vertex 23.52843460274359 31.13022698839253 23
    vertex 23.35528969610556 31.76096914828822 21.88211411086998
  endloop
endfacet
facet normal 0.964326 0.264717 2.32046e-15
  outer loop
    vertex 21.46716805602099 38.63912655145345 11.88279959693512
    vertex 21.8057161249296 37.40584430042924 11.88679349515344
    vertex 21.63753998644135 38.0184859477793 10.78119048570795
  endloop
endfacet
facet normal 0.964326 0.264717 6.89338e-16
  outer loop
    vertex 12.82255073447166 70.13023250852602 19.55975736275452
    vertex 12.65488880316177 70.74100097258348 18.44075741894162
    vertex 12.48597403324022 71.35633334872627 19.538414668163
  endloop
endfacet
facet normal 0.964326 0.264717 3.19666e-16
  outer loop
    vertex 12.66825073479816 70.69232536447949 23
    vertex 13.00763148067145 69.45600979022677 23
    vertex 12.8320016650812 70.09580411844841 21.84867685614871
  endloop
endfacet
facet normal 0.964326 0.264717 -2.80217e-16
  outer loop
    vertex 23.15222354510458 32.50071012693465 14.1104605379363
    vertex 23.31934863712322 31.89189729172389 15.20793614141639
    vertex 23.48723230913009 31.28032105798457 14.11393345470681
  endloop
endfacet
facet normal 0.964326 0.264717 -2.19345e-15
  outer loop
    vertex 21.46716805602099 38.63912655145345 11.88279959693512
    vertex 21.63592544723029 38.02436748347671 12.99294902673294
    vertex 21.8057161249296 37.40584430042924 11.88679349515344
  endloop
endfacet
facet normal 0.964326 0.264717 7.08855e-16
  outer loop
    vertex 23.31912632219784 31.89270715323777 17.4026999337914
    vertex 23.64885919981425 30.69153738477801 17.41493430957529
    vertex 23.48573936995721 31.28575962211437 16.30865945401317
  endloop
endfacet
facet normal 0.964326 0.264717 1.66213e-16
  outer loop
    vertex 12.01060078192865 73.08805019278984 11.85171729213639
    vertex 12.15946441674098 72.54576123740208 10.78060798488451
    vertex 11.83293722418094 73.73525315315651 10.60600810880275
  endloop
endfacet
facet normal 0.964326 0.264717 -1.11194e-15
  outer loop
    vertex 23.32015443679982 31.88896187861627 13.01609506014724
    vertex 23.48723230913009 31.28032105798457 14.11393345470681
    vertex 23.65276750544441 30.67729998569671 13.02645683307996
  endloop
endfacet
facet normal 0.964326 0.264717 -1.23458e-15
  outer loop
    vertex 23.65889447839044 30.65498029853617 8.606159903229907
    vertex 23.32358937100176 31.87644890402349 8.601687391655034
    vertex 23.4983208538552 31.23992707362881 9.704455673826356
  endloop
endfacet
facet normal 0.964326 0.264717 8.10032e-16
  outer loop
    vertex 13.85498729380542 66.36921361381016 4.108788185169376
    vertex 13.68396326141915 66.99222973178874 5.215131099565141
    vertex 14.02035972625688 65.76678546702269 5.213491699966585
  endloop
endfacet
facet normal 0.964326 0.264717 1.27178e-15
  outer loop
    vertex 23.52843460274359 31.13022698839253 3
    vertex 23.1890538568703 32.36654256264524 3
    vertex 23.35479890101607 31.76275704468566 4.123506729645456
  endloop
endfacet
facet normal 0.964326 0.264717 -1.72611e-15
  outer loop
    vertex 13.51616519192969 67.60349412778605 4.110375858560477
    vertex 13.68396326141915 66.99222973178874 5.215131099565141
    vertex 13.85498729380542 66.36921361381016 4.108788185169376
  endloop
endfacet
facet normal 0.964326 0.264717 2.14856e-16
  outer loop
    vertex 12.1518650276506 72.5734447262313 15.14727193886181
    vertex 12.32134129635609 71.95606689023275 14.05695396679292
    vertex 11.99105595796664 73.15924919436573 14.06315328804499
  endloop
endfacet
facet normal 0.964326 0.264717 2.52675e-15
  outer loop
    vertex 23.48980173668474 31.27096100046409 11.91837623993308
    vertex 23.65276750544441 30.67729998569671 13.02645683307996
    vertex 23.83252771770591 30.02245921245838 11.9291149716739
  endloop
endfacet
facet normal 0.964326 0.264717 -6.17372e-16
  outer loop
    vertex 21.83153087337712 37.31180485965611 3
    vertex 21.6581622801467 37.94336187785266 4.131475917450054
    vertex 21.9921251192433 36.72678296400075 4.148564809644959
  endloop
endfacet
facet normal 0.964326 0.264717 -1.60588e-15
  outer loop
    vertex 12.15285452885182 72.56984011471256 17.33517252766469
    vertex 12.48746877947256 71.35088820173704 17.33891432593431
    vertex 12.32078479975503 71.95809412785088 16.24318158319716
  endloop
endfacet
facet normal 0.964326 0.264717 -1.01346e-15
  outer loop
    vertex 22.84967311099701 33.60285813689796 3
    vertex 22.51029236512371 34.83917371115068 3
    vertex 22.67146327063273 34.2520511267964 4.132171422356961
  endloop
endfacet
facet normal 0.964326 0.264717 3.92476e-16
  outer loop
    vertex 13.1672406157235 68.87457651253719 10.72409936912833
    vertex 12.99875575310783 69.48834279777995 9.623781742862864
    vertex 12.82893369442428 70.10698029727004 10.73695504725729
  endloop
endfacet
facet normal 0.964326 0.264717 -1.55668e-16
  outer loop
    vertex 13.15990495567203 68.90129927415325 19.56108608308191
    vertex 13.32972573190293 68.28266644645498 18.4436625604457
    vertex 12.99193513239456 69.51318934466404 18.44285983581607
  endloop
endfacet
facet normal 0.964326 0.264717 -8.91063e-16
  outer loop
    vertex 13.50136973907536 67.65739184889824 15.13522580412035
    vertex 13.33360370672217 68.26853953818487 14.03210554297526
    vertex 13.16456916728195 68.88430821757426 15.13237352849556
  endloop
endfacet
facet normal 0.964326 0.264717 -1.24534e-15
  outer loop
    vertex 12.1604554894354 72.54215090115812 12.97697958988583
    vertex 12.32331117352871 71.94889090910391 11.87699550379453
    vertex 12.01060078192865 73.08805019278984 11.85171729213639
  endloop
endfacet
facet normal 0.964326 0.264717 2.98192e-15
  outer loop
    vertex 22.31183806308228 35.56211438287306 12.995328862909
    vertex 22.14269344662225 36.17828405712027 14.09820598349814
    vertex 22.47977869944944 34.95033063610695 14.0999604096201
  endloop
endfacet
facet normal 0.964326 0.264717 -1.24138e-15
  outer loop
    vertex 21.46716805602099 38.63912655145345 11.88279959693512
    vertex 21.29711080100183 39.25862083759466 12.99119183972527
    vertex 21.63592544723029 38.02436748347671 12.99294902673294
  endloop
endfacet
facet normal 0.964326 0.264717 2.93731e-16
  outer loop
    vertex 13.68396326141915 66.99222973178874 5.215131099565141
    vertex 13.34436944909491 68.22932147668416 5.218434525546119
    vertex 13.51083952293047 67.62289477914037 6.321691571734462
  endloop
endfacet
facet normal 0.964326 0.264717 1.55979e-15
  outer loop
    vertex 13.68639297241804 66.98337864172136 3
    vertex 13.34701222654474 68.21969421597407 3
    vertex 13.51616519192969 67.60349412778605 4.110375858560477
  endloop
endfacet
facet normal 0.964326 0.264717 -8.52132e-16
  outer loop
    vertex 14.51617304708244 63.96060836972958 8.507496711485269
    vertex 14.34634290295949 64.57927532332035 9.612113065398631
    vertex 14.6851551539634 63.34503069466324 9.616907486163431
  endloop
endfacet
facet normal 0.964326 0.264717 3.62987e-16
  outer loop
    vertex 22.51029236512371 34.83917371115068 23
    vertex 22.84967311099701 33.60285813689796 23
    vertex 22.66851600033475 34.26278761145333 21.86679824118952
  endloop
endfacet
facet normal 0.964326 0.264717 -5.23734e-16
  outer loop
    vertex 13.33360370672217 68.26853953818487 14.03210554297526
    vertex 13.5027683040318 67.65229707655693 12.93053529700262
    vertex 13.16463772602545 68.88405846786577 12.93473674955298
  endloop
endfacet
facet normal 0.964326 0.264717 9.93902e-16
  outer loop
    vertex 13.15990495567203 68.90129927415325 19.56108608308191
    vertex 12.99193513239456 69.51318934466404 18.44285983581607
    vertex 12.82255073447166 70.13023250852602 19.55975736275452
  endloop
endfacet
facet normal 0.964326 0.264717 -1.69551e-15
  outer loop
    vertex 12.32886998892487 71.92864093873219 23
    vertex 12.66825073479816 70.69232536447949 23
    vertex 12.49365555813197 71.3283506509063 21.83805238459335
  endloop
endfacet
facet normal 0.964326 0.264717 2.01248e-15
  outer loop
    vertex 11.97873642388508 73.20412749709142 16.22860654114002
    vertex 12.32078479975503 71.95809412785088 16.24318158319716
    vertex 12.1518650276506 72.5734447262313 15.14727193886181
  endloop
endfacet
facet normal 0.964326 0.264717 2.25474e-16
  outer loop
    vertex 17.41492502170358 53.40086903360972 5.218293227993652
    vertex 17.23671984548566 54.05004503268931 6.326264824681816
    vertex 17.57389282362387 52.8217720409001 6.332805542169586
  endloop
endfacet
facet normal 0.964326 0.264717 1.94177e-15
  outer loop
    vertex 14.68222697757119 63.35569762294917 16.25121169284749
    vertex 15.0208606798122 62.12210342192832 16.26021724214357
    vertex 14.85220995487388 62.73647391991793 15.14951946742956
  endloop
endfacet
facet normal 0.964326 0.264717 -1.32636e-15
  outer loop
    vertex 12.65488880316177 70.74100097258348 18.44075741894162
    vertex 12.99193513239456 69.51318934466404 18.44285983581607
    vertex 12.82417681893192 70.12430891513506 17.3406399023297
  endloop
endfacet
facet normal 0.964326 0.264717 2.24987e-15
  outer loop
    vertex 22.98779803408395 33.09968877422411 8.597163391216151
    vertex 23.154856932523 32.49111707276754 9.698379241772441
    vertex 23.32358937100176 31.87644890402349 8.601687391655034
  endloop
endfacet
facet normal 0.964326 0.264717 1.25294e-15
  outer loop
    vertex 22.65408560412228 34.31535548337018 6.382350257708946
    vertex 22.48438915372038 34.93353540983423 7.482879399501636
    vertex 22.8209502612613 33.7074913752209 7.494526796297766
  endloop
endfacet
facet normal 0.964326 0.264717 -7.82666e-17
  outer loop
    vertex 12.83305948864361 70.0919506183282 6.320174250752314
    vertex 12.49348236165726 71.32898158092134 6.324680431843765
    vertex 12.66058647504865 70.72024516785268 7.428263935929245
  endloop
endfacet
facet normal 0.964326 0.264717 2.75574e-16
  outer loop
    vertex 13.3320436076333 68.27422275629434 16.23644963841967
    vertex 13.16456916728195 68.88430821757426 15.13237352849556
    vertex 12.99404674469332 69.50549704271853 16.23701784228081
  endloop
endfacet
facet normal 0.964326 0.264717 -2.54577e-16
  outer loop
    vertex 14.8549339706608 62.7265507195513 8.511231150178707
    vertex 14.51617304708244 63.96060836972958 8.507496711485269
    vertex 14.6851551539634 63.34503069466324 9.616907486163431
  endloop
endfacet
facet normal 0.964326 0.264717 2.05535e-15
  outer loop
    vertex 12.66825073479816 70.69232536447949 3
    vertex 12.49798977736029 71.31256170943172 4.109062803614779
    vertex 12.83629424696503 70.0801668558716 4.109929810391765
  endloop
endfacet
facet normal 0.964326 0.264717 3.03056e-15
  outer loop
    vertex 23.15151708343025 32.50328366589115 16.30436073514039
    vertex 22.98350384072982 33.115331907157 17.40202104749706
    vertex 23.31912632219784 31.89270715323777 17.4026999337914
  endloop
endfacet
facet normal 0.964326 0.264717 4.15282e-16
  outer loop
    vertex 22.47902158234044 34.95308870557544 18.50855289615257
    vertex 22.64716205427199 34.34057698639621 19.60980072451385
    vertex 22.81542647860257 33.72761372633482 18.50214859845327
  endloop
endfacet
facet normal 0.964326 0.264717 1.70751e-15
  outer loop
    vertex 23.52843460274359 31.13022698839253 23
    vertex 23.86781534861689 29.89391141413982 23
    vertex 23.69290859918223 30.5310717156518 21.87157535098767
  endloop
endfacet
facet normal 0.964326 0.264717 1.31556e-15
  outer loop
    vertex 14.34634290295949 64.57927532332035 9.612113065398631
    vertex 14.17803319538815 65.19240354375881 8.50444356502569
    vertex 14.00807929350608 65.81152132918633 9.609204040368942
  endloop
endfacet
facet normal 0.964326 0.264717 5.27675e-16
  outer loop
    vertex 13.68639297241804 66.98337864172136 3
    vertex 13.51616519192969 67.60349412778605 4.110375858560477
    vertex 13.85498729380542 66.36921361381016 4.108788185169376
  endloop
endfacet
facet normal 0.964326 0.264717 -5.32359e-16
  outer loop
    vertex 14.51617304708244 63.96060836972958 8.507496711485269
    vertex 14.34766599662214 64.57445548212068 7.403941953413518
    vertex 14.17803319538815 65.19240354375881 8.50444356502569
  endloop
endfacet
facet normal 0.964326 0.264717 -1.62395e-15
  outer loop
    vertex 15.02377078154899 62.11150233703002 9.620298771774866
    vertex 15.19288115495359 61.49545740534184 10.72958411821223
    vertex 15.36272486277596 60.87674104113179 9.623094999424282
  endloop
endfacet
facet normal 0.964326 0.264717 -1.45603e-15
  outer loop
    vertex 22.47977869944944 34.95033063610695 14.0999604096201
    vertex 22.31105580396829 35.564964041074 15.20028114007305
    vertex 22.6477521831966 34.33842723102802 15.20277076454575
  endloop
endfacet
facet normal 0.964326 0.264717 -9.90765e-17
  outer loop
    vertex 22.48226637863784 34.94126837620635 9.689614233870854
    vertex 22.64978925421275 34.33100647232634 10.79370113060422
    vertex 22.81881152956592 33.71528246925407 9.694283672797454
  endloop
endfacet
facet normal 0.964326 0.264717 4.34363e-16
  outer loop
    vertex 23.15031401074682 32.50766628780935 20.69634975473482
    vertex 22.98384504806635 33.11408893757394 19.59714635750049
    vertex 22.81481419837439 33.7298441757375 20.71649349566132
  endloop
endfacet
facet normal 0.964326 0.264717 -1.32583e-15
  outer loop
    vertex 22.31302789853172 35.55777998230721 10.7899770332642
    vertex 22.4807320312227 34.94685778464721 11.89437918962248
    vertex 22.64978925421275 34.33100647232634 10.79370113060422
  endloop
endfacet
facet normal 0.964326 0.264717 7.64479e-16
  outer loop
    vertex 22.6477521831966 34.33842723102802 15.20277076454575
    vertex 22.47916168374826 34.95257833616125 16.3019534702636
    vertex 22.81568604261879 33.72666817170432 16.30266585345606
  endloop
endfacet
facet normal 0.964326 0.264717 7.64685e-16
  outer loop
    vertex 22.98384504806635 33.11408893757394 19.59714635750049
    vertex 22.64716205427199 34.34057698639621 19.60980072451385
    vertex 22.81481419837439 33.7298441757375 20.71649349566132
  endloop
endfacet
facet normal 0.964326 0.264717 -1.73848e-15
  outer loop
    vertex 22.98393286217812 33.11376904330962 15.20541418381572
    vertex 23.31934863712322 31.89189729172389 15.20793614141639
    vertex 23.15222354510458 32.50071012693465 14.1104605379363
  endloop
endfacet
facet normal 0.964326 0.264717 6.55907e-16
  outer loop
    vertex 16.05649033082916 58.34945255036655 20.73997582508952
    vertex 16.23930035213128 57.68350175848025 21.88161701844537
    vertex 16.39552186347958 57.11440910999717 20.77383297508015
  endloop
endfacet
facet normal 0.964326 0.264717 1.58151e-16
  outer loop
    vertex 13.67066224416582 67.04068343749728 14.03429956497245
    vertex 13.5027683040318 67.65229707655693 12.93053529700262
    vertex 13.33360370672217 68.26853953818487 14.03210554297526
  endloop
endfacet
facet normal 0.964326 0.264717 -2.37458e-15
  outer loop
    vertex 14.17803319538815 65.19240354375881 8.50444356502569
    vertex 14.34766599662214 64.57445548212068 7.403941953413518
    vertex 14.0102789715142 65.80350821644248 7.413024282966823
  endloop
endfacet
facet normal 0.964326 0.264717 2.36567e-15
  outer loop
    vertex 21.63592544723029 38.02436748347671 12.99294902673294
    vertex 21.46635398735491 38.64209208730843 14.09918335466313
    vertex 21.80475455775201 37.40934715229046 14.09860508129446
  endloop
endfacet
facet normal 0.964326 0.264717 -5.19816e-16
  outer loop
    vertex 13.68639297241804 66.98337864172136 23
    vertex 14.02577371829133 65.74706306746864 23
    vertex 13.85055825761965 66.38534795991546 21.83385308450043
  endloop
endfacet
facet normal 0.964326 0.264717 -8.47522e-16
  outer loop
    vertex 19.62558053143518 45.34776681958748 21.8894101546097
    vertex 19.79543079269892 44.7290265821267 20.77817582647356
    vertex 19.45596643462169 45.96564674369374 20.77883749332619
  endloop
endfacet
facet normal 0.964326 0.264717 -1.06257e-15
  outer loop
    vertex 21.80475455775201 37.40934715229046 14.09860508129446
    vertex 21.63545762405089 38.0260716964874 15.20448649233284
    vertex 21.9736619549775 36.79404163382614 15.20083553166081
  endloop
endfacet
facet normal 0.964326 0.264717 1.19221e-15
  outer loop
    vertex 17.23671984548566 54.05004503268931 6.326264824681816
    vertex 17.41492502170358 53.40086903360972 5.218293227993652
    vertex 17.07298852074266 54.64649485853879 5.217406859825561
  endloop
endfacet
facet normal 0.964326 0.264717 2.12302e-15
  outer loop
    vertex 21.29895537133402 39.25190133138457 10.7766145687144
    vertex 21.46716805602099 38.63912655145345 11.88279959693512
    vertex 21.63753998644135 38.0184859477793 10.78119048570795
  endloop
endfacet
facet normal 0.964326 0.264717 9.44875e-16
  outer loop
    vertex 11.99105595796664 73.15924919436573 14.06315328804499
    vertex 12.32134129635609 71.95606689023275 14.05695396679292
    vertex 12.1604554894354 72.54215090115812 12.97697958988583
  endloop
endfacet
facet normal 0.964326 0.264717 -1.26515e-15
  outer loop
    vertex 12.48597403324022 71.35633334872627 19.538414668163
    vertex 12.15802089797281 72.55101977005752 19.51318312760668
    vertex 12.32247525274403 71.95193604910526 20.67687996722898
  endloop
endfacet
facet normal 0.964326 0.264717 -6.74711e-16
  outer loop
    vertex 22.47977869944944 34.95033063610695 14.0999604096201
    vertex 22.6477521831966 34.33842723102802 15.20277076454575
    vertex 22.81626636761885 33.72455413063267 14.10492255033702
  endloop
endfacet
facet normal 0.964326 0.264717 1.05452e-15
  outer loop
    vertex 14.87417104679409 62.65647279935143 4.103984777803522
    vertex 14.53271567782258 63.90034592917623 4.105900901660655
    vertex 14.69721791546169 63.30108777777662 5.206865799440626
  endloop
endfacet
facet normal 0.964326 0.264717 -2.07239e-15
  outer loop
    vertex 23.48667349858273 31.28235672497855 18.49964768946804
    vertex 23.31900899802966 31.89313454842186 19.59717229011792
    vertex 23.65001338779844 30.68733284283561 19.58727982141836
  endloop
endfacet
facet normal 0.964326 0.264717 1.95189e-15
  outer loop
    vertex 22.31183806308228 35.56211438287306 12.995328862909
    vertex 21.9741300404542 36.7923364653039 12.99409416999738
    vertex 22.14269344662225 36.17828405712027 14.09820598349814
  endloop
endfacet
facet normal 0.964326 0.264717 -1.00899e-15
  outer loop
    vertex 23.31912632219784 31.89270715323777 17.4026999337914
    vertex 23.15137400552507 32.50380487826001 18.49924058233777
    vertex 23.48667349858273 31.28235672497855 18.49964768946804
  endloop
endfacet
facet normal 0.964326 0.264717 2.35724e-16
  outer loop
    vertex 14.51617304708244 63.96060836972958 8.507496711485269
    vertex 14.17803319538815 65.19240354375881 8.50444356502569
    vertex 14.34634290295949 64.57927532332035 9.612113065398631
  endloop
endfacet
facet normal 0.964326 0.264717 2.20098e-16
  outer loop
    vertex 23.15222354510458 32.50071012693465 14.1104605379363
    vertex 23.48723230913009 31.28032105798457 14.11393345470681
    vertex 23.32015443679982 31.88896187861627 13.01609506014724
  endloop
endfacet
facet normal 0.964326 0.264717 1.2536e-15
  outer loop
    vertex 21.63592544723029 38.02436748347671 12.99294902673294
    vertex 21.29711080100183 39.25862083759466 12.99119183972527
    vertex 21.46635398735491 38.64209208730843 14.09918335466313
  endloop
endfacet
facet normal 0.964326 0.264717 3.0699e-15
  outer loop
    vertex 14.8549339706608 62.7265507195513 8.511231150178707
    vertex 14.68630216478725 63.34085229809065 7.407228004615534
    vertex 14.51617304708244 63.96060836972958 8.507496711485269
  endloop
endfacet
facet normal 0.964326 0.264717 -6.93395e-16
  outer loop
    vertex 18.94680588163985 47.82044590098474 21.88948752828443
    vertex 19.11659081780797 47.20194363351518 20.7784092784421
    vertex 18.7741794779648 48.44929922865816 20.77241238993025
  endloop
endfacet
facet normal 0.964326 0.264717 5.67006e-16
  outer loop
    vertex 14.36515446416463 64.51074749321593 3
    vertex 14.02577371829133 65.74706306746864 3
    vertex 14.19338196971421 65.13649015157101 4.107274748045281
  endloop
endfacet
facet normal 0.964326 0.264717 1.96431e-15
  outer loop
    vertex 12.6660066150045 70.70050037229926 5.215386469771177
    vertex 12.49348236165726 71.32898158092134 6.324680431843765
    vertex 12.83305948864361 70.0919506183282 6.320174250752314
  endloop
endfacet
facet normal 0.964326 0.264717 8.42555e-16
  outer loop
    vertex 14.8549339706608 62.7265507195513 8.511231150178707
    vertex 14.6851551539634 63.34503069466324 9.616907486163431
    vertex 15.02377078154899 62.11150233703002 9.620298771774866
  endloop
endfacet
facet normal 0.964326 0.264717 -6.33494e-16
  outer loop
    vertex 20.30436880335716 42.87503811472885 21.88941083341406
    vertex 20.47421355407161 42.2563179514119 20.77879527236565
    vertex 20.13479947594 43.49275495031991 20.77890108893222
  endloop
endfacet
facet normal 0.964326 0.264717 1.54208e-15
  outer loop
    vertex 23.32015443679982 31.88896187861627 13.01609506014724
    vertex 23.65276750544441 30.67729998569671 13.02645683307996
    vertex 23.48980173668474 31.27096100046409 11.91837623993308
  endloop
endfacet
facet normal 0.964326 0.264717 -2.43578e-15
  outer loop
    vertex 19.79524639813735 44.72969830517242 23
    vertex 20.13462714401065 43.49338273091971 23
    vertex 19.96496495880034 44.11143783418582 21.88899308740181
  endloop
endfacet
facet normal 0.964326 0.264717 -1.89446e-15
  outer loop
    vertex 13.32972573190293 68.28266644645498 18.4436625604457
    vertex 13.49958063592379 67.66390929609325 17.34166162635202
    vertex 13.1619181119133 68.89396563356003 17.34038190094066
  endloop
endfacet
facet normal 0.964326 0.264717 1.85114e-15
  outer loop
    vertex 19.62558053143518 45.34776681958748 21.8894101546097
    vertex 19.96496495880034 44.11143783418582 21.88899308740181
    vertex 19.79543079269892 44.7290265821267 20.77817582647356
  endloop
endfacet
facet normal 0.964326 0.264717 1.52642e-15
  outer loop
    vertex 15.36000724590479 60.88664093116247 16.26560022842747
    vertex 15.52925166411406 60.27010769340013 17.37482368814424
    vertex 15.69871005068574 59.65279499946044 16.26705853954643
  endloop
endfacet
facet normal 0.964326 0.264717 -2.485e-15
  outer loop
    vertex 12.99193513239456 69.51318934466404 18.44285983581607
    vertex 13.32972573190293 68.28266644645498 18.4436625604457
    vertex 13.1619181119133 68.89396563356003 17.34038190094066
  endloop
endfacet
facet normal 0.964326 0.264717 1.70323e-15
  outer loop
    vertex 15.19386568247441 61.4918709122303 8.51447613145605
    vertex 15.02377078154899 62.11150233703002 9.620298771774866
    vertex 15.36272486277596 60.87674104113179 9.623094999424282
  endloop
endfacet
facet normal 0.964326 0.264717 -6.56994e-16
  outer loop
    vertex 12.99692234099091 69.49502165620591 14.02965604540167
    vertex 13.33360370672217 68.26853953818487 14.03210554297526
    vertex 13.16463772602545 68.88405846786577 12.93473674955298
  endloop
endfacet
facet normal 0.964326 0.264717 8.01341e-16
  outer loop
    vertex 14.34634290295949 64.57927532332035 9.612113065398631
    vertex 14.00807929350608 65.81152132918633 9.609204040368942
    vertex 14.17747847875223 65.19442429721823 10.72199072236164
  endloop
endfacet
facet normal 0.964326 0.264717 2.097e-15
  outer loop
    vertex 14.51617304708244 63.96060836972958 8.507496711485269
    vertex 14.68630216478725 63.34085229809065 7.407228004615534
    vertex 14.34766599662214 64.57445548212068 7.403941953413518
  endloop
endfacet
facet normal 0.964326 0.264717 1.59689e-15
  outer loop
    vertex 14.87417104679409 62.65647279935143 4.103984777803522
    vertex 14.70453521003792 63.2744319189632 3
    vertex 14.53271567782258 63.90034592917623 4.105900901660655
  endloop
endfacet
facet normal 0.964326 0.264717 1.3916e-15
  outer loop
    vertex 21.29711080100183 39.25862083759466 12.99119183972527
    vertex 20.95792388988146 40.49423029953316 12.98927178897695
    vertex 21.12775089817797 39.87557476931016 14.09542288643318
  endloop
endfacet
facet normal 0.964326 0.264717 -1.68565e-15
  outer loop
    vertex 15.36000724590479 60.88664093116247 16.26560022842747
    vertex 15.69871005068574 59.65279499946044 16.26705853954643
    vertex 15.52934369120843 60.26977245184207 15.15959237084891
  endloop
endfacet
facet normal 0.964326 0.264717 5.10053e-16
  outer loop
    vertex 21.46635398735491 38.64209208730843 14.09918335466313
    vertex 21.29711080100183 39.25862083759466 12.99119183972527
    vertex 21.12775089817797 39.87557476931016 14.09542288643318
  endloop
endfacet
facet normal 0.964326 0.264717 6.7011e-16
  outer loop
    vertex 17.73221630873101 52.24502220229552 20.71796571191
    vertex 17.56380471471051 52.85852158051306 19.60575701651566
    vertex 17.39531508040015 53.47230524835793 20.70660045863192
  endloop
endfacet
facet normal 0.964326 0.264717 1.53961e-15
  outer loop
    vertex 19.11648490639076 47.20232945367786 23
    vertex 19.45586565226406 45.96601387942514 23
    vertex 19.28619590417393 46.58409653318203 21.88913673663436
  endloop
endfacet
facet normal 0.964326 0.264717 -1.98861e-15
  outer loop
    vertex 13.00042195008905 69.48227308020552 7.422491913559357
    vertex 12.66058647504865 70.72024516785268 7.428263935929245
    vertex 12.83074936273734 70.10036607698675 8.52345468373939
  endloop
endfacet
facet normal 0.964326 0.264717 1.3807e-15
  outer loop
    vertex 22.14705064978395 36.16241138845982 7.476314545011569
    vertex 22.31472754020404 35.55158843050091 8.583822337890888
    vertex 22.48438915372038 34.93353540983423 7.482879399501636
  endloop
endfacet
facet normal 0.964326 0.264717 -1.32322e-15
  outer loop
    vertex 14.36515446416463 64.51074749321593 23
    vertex 14.70453521003792 63.2744319189632 23
    vertex 14.52482369552738 63.92909529325161 21.83836052325437
  endloop
endfacet
facet normal 0.964326 0.264717 -6.04659e-16
  outer loop
    vertex 11.83293722418094 73.73525315315651 10.60600810880275
    vertex 12.15946441674098 72.54576123740208 10.78060798488451
    vertex 12.020288398147 73.05275959085155 9.55256616777768
  endloop
endfacet
facet normal 0.964326 0.264717 5.58136e-16
  outer loop
    vertex 23.156835962427 32.48390774954586 7.501341073624739
    vertex 23.32358937100176 31.87644890402349 8.601687391655034
    vertex 23.49251007052192 31.26109492720008 7.50591420806593
  endloop
endfacet
facet normal 0.964326 0.264717 -2.72882e-16
  outer loop
    vertex 20.30436880335716 42.87503811472885 21.88941083341406
    vertex 20.64376842620416 41.63865377435759 21.88945974233021
    vertex 20.47421355407161 42.2563179514119 20.77879527236565
  endloop
endfacet
facet normal 0.964326 0.264717 2.73533e-15
  outer loop
    vertex 15.18999467997486 61.50597242133578 17.37172503260901
    vertex 15.36000724590479 60.88664093116247 16.26560022842747
    vertex 15.0208606798122 62.12210342192832 16.26021724214357
  endloop
endfacet
facet normal 0.964326 0.264717 1.536e-15
  outer loop
    vertex 14.36515446416463 64.51074749321593 3
    vertex 14.19338196971421 65.13649015157101 4.107274748045281
    vertex 14.53271567782258 63.90034592917623 4.105900901660655
  endloop
endfacet
facet normal 0.964326 0.264717 6.06193e-16
  outer loop
    vertex 15.52925166411406 60.27010769340013 17.37482368814424
    vertex 15.8683637344243 59.03477086584138 17.37529216032748
    vertex 15.69871005068574 59.65279499946044 16.26705853954643
  endloop
endfacet
facet normal 0.964326 0.264717 5.65662e-16
  outer loop
    vertex 14.68527158576025 63.34460655026044 20.69770985787072
    vertex 14.85048705126539 62.74275021163457 19.5858140584891
    vertex 14.51215554617426 63.9752435516094 19.58284270577592
  endloop
endfacet
facet normal 0.964326 0.264717 -1.10235e-15
  outer loop
    vertex 15.35939646078494 60.88886593409904 18.48329507533333
    vertex 15.52925166411406 60.27010769340013 17.37482368814424
    vertex 15.18999467997486 61.50597242133578 17.37172503260901
  endloop
endfacet
facet normal 0.964326 0.264717 5.6225e-16
  outer loop
    vertex 18.09834266877088 50.91127617643601 23
    vertex 18.43772341464417 49.67496060218329 23
    vertex 18.25844941344601 50.3280301779766 21.88335936773725
  endloop
endfacet
facet normal 0.964326 0.264717 -3.34236e-16
  outer loop
    vertex 15.19386568247441 61.4918709122303 8.51447613145605
    vertex 15.02515486938828 62.10646030275832 7.41026870237397
    vertex 14.8549339706608 62.7265507195513 8.511231150178707
  endloop
endfacet
facet normal 0.964326 0.264717 -2.15606e-15
  outer loop
    vertex 13.67066224416582 67.04068343749728 14.03429956497245
    vertex 13.33360370672217 68.26853953818487 14.03210554297526
    vertex 13.50136973907536 67.65739184889824 15.13522580412035
  endloop
endfacet
facet normal 0.964326 0.264717 -7.40526e-16
  outer loop
    vertex 18.94680588163985 47.82044590098474 21.88948752828443
    vertex 19.28619590417393 46.58409653318203 21.88913673663436
    vertex 19.11659081780797 47.20194363351518 20.7784092784421
  endloop
endfacet
facet normal 0.964326 0.264717 -5.42305e-16
  outer loop
    vertex 12.01060078192865 73.08805019278984 11.85171729213639
    vertex 12.32331117352871 71.94889090910391 11.87699550379453
    vertex 12.15946441674098 72.54576123740208 10.78060798488451
  endloop
endfacet
facet normal 0.964326 0.264717 2.25199e-15
  outer loop
    vertex 18.58437073796321 49.14074535294965 15.17309063912214
    vertex 18.41276409272646 49.76588384631212 14.06901934529608
    vertex 18.24152891290754 50.38966914422389 15.17275284815722
  endloop
endfacet
facet normal 0.964326 0.264717 1.73195e-15
  outer loop
    vertex 21.81536000715222 37.37071301518969 20.70524282289888
    vertex 21.65668599736345 37.94873976513449 21.85973085071528
    vertex 21.98841962623078 36.74028154568921 21.83892356154361
  endloop
endfacet
facet normal 0.964326 0.264717 9.00181e-16
  outer loop
    vertex 21.12858332744121 39.87254234842264 11.88178783906283
    vertex 21.29711080100183 39.25862083759466 12.99119183972527
    vertex 21.46716805602099 38.63912655145345 11.88279959693512
  endloop
endfacet
facet normal 0.964326 0.264717 2.95434e-17
  outer loop
    vertex 21.32162273451988 39.16932736549321 21.88473630557753
    vertex 21.48888600778536 38.56001115574037 20.76962209587174
    vertex 21.15285237767885 39.78413366541407 20.77960305675357
  endloop
endfacet
facet normal 0.964326 0.264717 -2.36452e-15
  outer loop
    vertex 15.35939646078494 60.88886593409904 18.48329507533333
    vertex 15.18999467997486 61.50597242133578 17.37172503260901
    vertex 15.02009278496102 62.12490075317193 18.47638330090355
  endloop
endfacet
facet normal 0.964326 0.264717 2.24313e-15
  outer loop
    vertex 13.83529721137295 66.44094177124273 19.54939269736603
    vertex 14.17360782443059 65.20852453796132 19.56315214036687
    vertex 14.00526299515096 65.8217807017657 18.45256528165122
  endloop
endfacet
facet normal 0.964326 0.264717 1.46568e-15
  outer loop
    vertex 21.12858332744121 39.87254234842264 11.88178783906283
    vertex 20.95792388988146 40.49423029953316 12.98927178897695
    vertex 21.29711080100183 39.25862083759466 12.99119183972527
  endloop
endfacet
facet normal 0.964326 0.264717 8.51602e-16
  outer loop
    vertex 18.43772341464417 49.67496060218329 23
    vertex 18.60693480869679 49.05854766670589 21.88830220208951
    vertex 18.25844941344601 50.3280301779766 21.88335936773725
  endloop
endfacet
facet normal 0.964326 0.264717 2.745e-16
  outer loop
    vertex 18.92235764403443 47.9095073379759 12.96992398599138
    vertex 18.75320848317879 48.52569356680718 14.07273218450483
    vertex 19.0923196844573 47.29035990500688 14.07719334010002
  endloop
endfacet
facet normal 0.964326 0.264717 8.45058e-16
  outer loop
    vertex 14.17360782443059 65.20852453796132 19.56315214036687
    vertex 14.34320565668943 64.59070386330413 18.46118050065111
    vertex 14.00526299515096 65.8217807017657 18.45256528165122
  endloop
endfacet
facet normal 0.964326 0.264717 7.29743e-16
  outer loop
    vertex 22.31691931640498 35.54360410291179 6.373681212498522
    vertex 22.48438915372038 34.93353540983423 7.482879399501636
    vertex 22.65408560412228 34.31535548337018 6.382350257708946
  endloop
endfacet
facet normal 0.964326 0.264717 -1.76893e-15
  outer loop
    vertex 15.53282733326215 60.25708204150351 8.517677366869343
    vertex 15.36412806795745 60.87162936511349 7.413244590580904
    vertex 15.19386568247441 61.4918709122303 8.51447613145605
  endloop
endfacet
facet normal 0.964326 0.264717 6.52538e-16
  outer loop
    vertex 13.16836821155813 68.87046884199673 8.52298846208063
    vertex 12.83074936273734 70.10036607698675 8.52345468373939
    vertex 12.99875575310783 69.48834279777995 9.623781742862864
  endloop
endfacet
facet normal 0.964326 0.264717 2.95234e-15
  outer loop
    vertex 15.18999467997486 61.50597242133578 17.37172503260901
    vertex 15.52925166411406 60.27010769340013 17.37482368814424
    vertex 15.36000724590479 60.88664093116247 16.26560022842747
  endloop
endfacet
facet normal 0.964326 0.264717 2.5264e-15
  outer loop
    vertex 21.8036447252395 37.41339011358603 18.50960146643251
    vertex 21.46531900130734 38.64586239362462 18.5094040845112
    vertex 21.63603787232337 38.02395793492334 19.61838598442111
  endloop
endfacet
facet normal 0.964326 0.264717 -7.9549e-17
  outer loop
    vertex 21.32162273451988 39.16932736549321 21.88473630557753
    vertex 21.65668599736345 37.94873976513449 21.85973085071528
    vertex 21.48888600778536 38.56001115574037 20.76962209587174
  endloop
endfacet
facet normal 0.964326 0.264717 3.51888e-16
  outer loop
    vertex 20.78941489659124 41.10808448937611 11.88053508600368
    vertex 20.95792388988146 40.49423029953316 12.98927178897695
    vertex 21.12858332744121 39.87254234842264 11.88178783906283
  endloop
endfacet
facet normal 0.964326 0.264717 -2.51478e-15
  outer loop
    vertex 20.47400788988394 42.25706715666698 23
    vertex 20.81338863575724 41.02075158241426 23
    vertex 20.64376842620416 41.63865377435759 21.88945974233021
  endloop
endfacet
facet normal 0.964326 0.264717 -3.89794e-16
  outer loop
    vertex 19.62558053143518 45.34776681958748 21.8894101546097
    vertex 19.79524639813735 44.72969830517242 23
    vertex 19.96496495880034 44.11143783418582 21.88899308740181
  endloop
endfacet
facet normal 0.964326 0.264717 2.72638e-16
  outer loop
    vertex 18.43772341464417 49.67496060218329 23
    vertex 18.77710416051747 48.43864502793058 23
    vertex 18.60693480869679 49.05854766670589 21.88830220208951
  endloop
endfacet
facet normal 0.964326 0.264717 1.48489e-15
  outer loop
    vertex 14.8549339706608 62.7265507195513 8.511231150178707
    vertex 15.02515486938828 62.10646030275832 7.41026870237397
    vertex 14.68630216478725 63.34085229809065 7.407228004615534
  endloop
endfacet
facet normal 0.964326 0.264717 -1.93911e-15
  outer loop
    vertex 20.13462714401065 43.49338273091971 23
    vertex 20.30436880335716 42.87503811472885 21.88941083341406
    vertex 19.96496495880034 44.11143783418582 21.88899308740181
  endloop
endfacet
facet normal 0.964326 0.264717 -1.52632e-15
  outer loop
    vertex 14.68527158576025 63.34460655026044 20.69770985787072
    vertex 14.51215554617426 63.9752435516094 19.58284270577592
    vertex 14.34898327203508 64.56965683597355 20.70093835771232
  endloop
endfacet
facet normal 0.964326 0.264717 -1.8982e-15
  outer loop
    vertex 16.37703451689601 57.18175587255158 16.2706037671006
    vertex 16.54677162311901 56.56342784273925 17.37922184668621
    vertex 16.71606176085767 55.94672805526267 16.27292072338152
  endloop
endfacet
facet normal 0.964326 0.264717 2.13364e-15
  outer loop
    vertex 15.19386568247441 61.4918709122303 8.51447613145605
    vertex 14.8549339706608 62.7265507195513 8.511231150178707
    vertex 15.02377078154899 62.11150233703002 9.620298771774866
  endloop
endfacet
facet normal 0.964326 0.264717 1.51323e-15
  outer loop
    vertex 15.87183435505336 59.02212789069266 8.520772943730373
    vertex 15.70319281961307 59.63646491265375 7.416399746295167
    vertex 15.53282733326215 60.25708204150351 8.517677366869343
  endloop
endfacet
facet normal 0.964326 0.264717 1.18334e-16
  outer loop
    vertex 22.31051345306257 35.56693974794484 17.40522284373376
    vertex 22.14161872308265 36.18219912144311 18.51018122825202
    vertex 22.47902158234044 34.95308870557544 18.50855289615257
  endloop
endfacet
facet normal 0.964326 0.264717 9.78655e-17
  outer loop
    vertex 15.8683637344243 59.03477086584138 17.37529216032748
    vertex 16.03771831033722 58.41783633930146 16.26894035716268
    vertex 15.69871005068574 59.65279499946044 16.26705853954643
  endloop
endfacet
facet normal 0.964326 0.264717 5.29039e-16
  outer loop
    vertex 19.60295063513517 45.4302042989661 10.76655508398004
    vertex 19.77119794912636 44.81730336942675 11.87304610605787
    vertex 19.94199224807725 44.19512413753421 10.76754266866209
  endloop
endfacet
facet normal 0.964326 0.264717 -4.88131e-16
  outer loop
    vertex 14.02577371829133 65.74706306746864 3
    vertex 13.68639297241804 66.98337864172136 3
    vertex 13.85498729380542 66.36921361381016 4.108788185169376
  endloop
endfacet
facet normal 0.964326 0.264717 -8.49957e-16
  outer loop
    vertex 15.69846026038434 59.6537049498441 18.48392901510402
    vertex 15.8683637344243 59.03477086584138 17.37529216032748
    vertex 15.52925166411406 60.27010769340013 17.37482368814424
  endloop
endfacet
facet normal 0.964326 0.264717 1.20846e-15
  outer loop
    vertex 18.94680588163985 47.82044590098474 21.88948752828443
    vertex 19.11648490639076 47.20232945367786 23
    vertex 19.28619590417393 46.58409653318203 21.88913673663436
  endloop
endfacet
facet normal 0.964326 0.264717 1.1792e-15
  outer loop
    vertex 19.45586565226406 45.96601387942514 23
    vertex 19.62558053143518 45.34776681958748 21.8894101546097
    vertex 19.28619590417393 46.58409653318203 21.88913673663436
  endloop
endfacet
facet normal 0.964326 0.264717 -4.72598e-17
  outer loop
    vertex 12.99688369049593 69.4951624544376 20.69271173785138
    vertex 12.8320016650812 70.09580411844841 21.84867685614871
    vertex 13.17195077293305 68.85741808270238 21.82259562171154
  endloop
endfacet
facet normal 0.964326 0.264717 -1.53994e-15
  outer loop
    vertex 20.30436880335716 42.87503811472885 21.88941083341406
    vertex 20.47400788988394 42.25706715666698 23
    vertex 20.64376842620416 41.63865377435759 21.88945974233021
  endloop
endfacet
facet normal 0.964326 0.264717 -6.60871e-16
  outer loop
    vertex 18.24466766074006 50.37823513426257 10.7563672156495
    vertex 18.41682460812829 49.75109196877685 9.653002157423249
    vertex 18.07487080057075 50.99678083916505 9.648921771301712
  endloop
endfacet
facet normal 0.964326 0.264717 -2.76397e-16
  outer loop
    vertex 21.6581622801467 37.94336187785266 4.131475917450054
    vertex 21.3221236470555 39.16750261268487 4.111358828029887
    vertex 21.48872216306968 38.56060801863323 5.228815809311293
  endloop
endfacet
facet normal 0.964326 0.264717 9.38724e-16
  outer loop
    vertex 16.20753654035211 57.79921278710437 17.37698488142193
    vertex 16.37703451689601 57.18175587255158 16.2706037671006
    vertex 16.03771831033722 58.41783633930146 16.26894035716268
  endloop
endfacet
facet normal 0.964326 0.264717 4.54381e-16
  outer loop
    vertex 22.47902158234044 34.95308870557544 18.50855289615257
    vertex 22.31029905097066 35.5677207841368 19.61540293178167
    vertex 22.64716205427199 34.34057698639621 19.60980072451385
  endloop
endfacet
facet normal 0.964326 0.264717 -2.75903e-16
  outer loop
    vertex 17.92460823930512 51.54416588377556 21.88309013086256
    vertex 18.09834266877088 50.91127617643601 23
    vertex 18.25844941344601 50.3280301779766 21.88335936773725
  endloop
endfacet
facet normal 0.964326 0.264717 1.66967e-15
  outer loop
    vertex 20.95792388988146 40.49423029953316 12.98927178897695
    vertex 20.78777112806888 41.11407250327898 14.09644753590108
    vertex 21.12775089817797 39.87557476931016 14.09542288643318
  endloop
endfacet
facet normal 0.964326 0.264717 6.26089e-16
  outer loop
    vertex 15.8683637344243 59.03477086584138 17.37529216032748
    vertex 16.20753654035211 57.79921278710437 17.37698488142193
    vertex 16.03771831033722 58.41783633930146 16.26894035716268
  endloop
endfacet
facet normal 0.964326 0.264717 -2.34434e-15
  outer loop
    vertex 16.03760981033232 58.41823158931931 18.48036281597275
    vertex 16.20753654035211 57.79921278710437 17.37698488142193
    vertex 15.8683637344243 59.03477086584138 17.37529216032748
  endloop
endfacet
facet normal 0.964326 0.264717 -9.38465e-16
  outer loop
    vertex 20.78941489659124 41.10808448937611 11.88053508600368
    vertex 20.61858247167198 41.73040260872483 12.9866498839419
    vertex 20.95792388988146 40.49423029953316 12.98927178897695
  endloop
endfacet
facet normal 0.964326 0.264717 5.86919e-17
  outer loop
    vertex 16.54677162311901 56.56342784273925 17.37922184668621
    vertex 16.88603054046987 55.32755607238968 17.38060470165284
    vertex 16.71606176085767 55.94672805526267 16.27292072338152
  endloop
endfacet
facet normal 0.964326 0.264717 -5.92281e-16
  outer loop
    vertex 19.26264943463116 46.66987295794496 10.76495330927375
    vertex 19.43509236673454 46.04168799099693 9.662341082169906
    vertex 19.09258320463979 47.28939993862784 9.658257275521603
  endloop
endfacet
facet normal 0.964326 0.264717 -1.07584e-15
  outer loop
    vertex 22.98393286217812 33.11376904330962 15.20541418381572
    vertex 23.15222354510458 32.50071012693465 14.1104605379363
    vertex 22.81626636761885 33.72455413063267 14.10492255033702
  endloop
endfacet
facet normal 0.964326 0.264717 -1.55284e-15
  outer loop
    vertex 15.19386568247441 61.4918709122303 8.51447613145605
    vertex 15.36412806795745 60.87162936511349 7.413244590580904
    vertex 15.02515486938828 62.10646030275832 7.41026870237397
  endloop
endfacet
facet normal 0.964326 0.264717 -1.90182e-15
  outer loop
    vertex 20.98312839543878 40.40241388643152 21.88966188441801
    vertex 21.15285237767885 39.78413366541407 20.77960305675357
    vertex 20.81355216685068 41.02015586200243 20.77941678867191
  endloop
endfacet
facet normal 0.964326 0.264717 2.94616e-16
  outer loop
    vertex 16.21094127564528 57.78680982282211 8.523965395401627
    vertex 16.04233623084744 58.40101391458568 7.419238209753285
    vertex 15.87183435505336 59.02212789069266 8.520772943730373
  endloop
endfacet
facet normal 0.964326 0.264717 -1.99895e-15
  outer loop
    vertex 20.98312839543878 40.40241388643152 21.88966188441801
    vertex 21.32162273451988 39.16932736549321 21.88473630557753
    vertex 21.15285237767885 39.78413366541407 20.77960305675357
  endloop
endfacet
facet normal 0.964326 0.264717 -2.15389e-15
  outer loop
    vertex 20.27927618572832 42.96644693609102 12.98416064547549
    vertex 20.10960417617956 43.58453782801865 14.08882199786947
    vertex 20.44850432900934 42.34997298556733 14.09390777477124
  endloop
endfacet
facet normal 0.964326 0.264717 -1.56167e-16
  outer loop
    vertex 17.05546538311899 54.71032914559648 16.27376127093702
    vertex 17.22532205306822 54.09156556220996 17.3821514375101
    vertex 17.39528186083824 53.47242626247634 16.27531097739312
  endloop
endfacet
facet normal 0.964326 0.264717 -1.27299e-15
  outer loop
    vertex 15.19288115495359 61.49545740534184 10.72958411821223
    vertex 15.02377078154899 62.11150233703002 9.620298771774866
    vertex 14.85420416046188 62.72920931384733 10.72647444416377
  endloop
endfacet
facet normal 0.964326 0.264717 1.24456e-15
  outer loop
    vertex 22.48438915372038 34.93353540983423 7.482879399501636
    vertex 22.31472754020404 35.55158843050091 8.583822337890888
    vertex 22.65149944747096 34.32477648259999 8.590651403069536
  endloop
endfacet
facet normal 0.964326 0.264717 -5.4478e-16
  outer loop
    vertex 18.77710416051747 48.43864502793058 23
    vertex 18.94680588163985 47.82044590098474 21.88948752828443
    vertex 18.60693480869679 49.05854766670589 21.88830220208951
  endloop
endfacet
facet normal 0.964326 0.264717 -7.23108e-16
  outer loop
    vertex 15.69846026038434 59.6537049498441 18.48392901510402
    vertex 15.52925166411406 60.27010769340013 17.37482368814424
    vertex 15.35939646078494 60.88886593409904 18.48329507533333
  endloop
endfacet
facet normal 0.964326 0.264717 -1.15383e-15
  outer loop
    vertex 16.20753654035211 57.79921278710437 17.37698488142193
    vertex 16.54677162311901 56.56342784273925 17.37922184668621
    vertex 16.37703451689601 57.18175587255158 16.2706037671006
  endloop
endfacet
facet normal 0.964326 0.264717 -9.68143e-16
  outer loop
    vertex 18.94680588163985 47.82044590098474 21.88948752828443
    vertex 18.7741794779648 48.44929922865816 20.77241238993025
    vertex 18.60693480869679 49.05854766670589 21.88830220208951
  endloop
endfacet
facet normal 0.964326 0.264717 -2.60299e-15
  outer loop
    vertex 18.58260073924045 49.14719320543969 17.38782421185543
    vertex 18.75297525305504 48.52654319082939 16.27922639449295
    vertex 18.41317220479599 49.76439715234453 16.2785151350117
  endloop
endfacet
facet normal 0.964326 0.264717 -2.69045e-15
  outer loop
    vertex 19.62558053143518 45.34776681958748 21.8894101546097
    vertex 19.45596643462169 45.96564674369374 20.77883749332619
    vertex 19.28619590417393 46.58409653318203 21.88913673663436
  endloop
endfacet
facet normal 0.964326 0.264717 1.57319e-15
  outer loop
    vertex 15.55298707472116 60.18364298333142 4.104569744802617
    vertex 15.21359723948445 61.41999166883656 4.102144678880215
    vertex 15.37813515895736 60.82060353361382 5.204204248770667
  endloop
endfacet
facet normal 0.964326 0.264717 2.34807e-16
  outer loop
    vertex 15.18999467997486 61.50597242133578 17.37172503260901
    vertex 15.0208606798122 62.12210342192832 16.26021724214357
    vertex 14.8508010738291 62.74160627229534 17.3627181197035
  endloop
endfacet
facet normal 0.964326 0.264717 9.11582e-16
  outer loop
    vertex 16.37681856390909 57.18254255843251 18.48291323993129
    vertex 16.54677162311901 56.56342784273925 17.37922184668621
    vertex 16.20753654035211 57.79921278710437 17.37698488142193
  endloop
endfacet
facet normal 0.964326 0.264717 -7.62574e-16
  outer loop
    vertex 17.22532205306822 54.09156556220996 17.3821514375101
    vertex 17.56461476966118 52.85557066604989 17.38344949052631
    vertex 17.39528186083824 53.47242626247634 16.27531097739312
  endloop
endfacet
facet normal 0.964326 0.264717 -1.0765e-15
  outer loop
    vertex 16.03760981033232 58.41823158931931 18.48036281597275
    vertex 15.8683637344243 59.03477086584138 17.37529216032748
    vertex 15.69846026038434 59.6537049498441 18.48392901510402
  endloop
endfacet
facet normal 0.964326 0.264717 -2.55388e-15
  outer loop
    vertex 21.6581622801467 37.94336187785266 4.131475917450054
    vertex 21.49215012750383 38.54812043390882 3
    vertex 21.3221236470555 39.16750261268487 4.111358828029887
  endloop
endfacet
facet normal 0.964326 0.264717 -5.84992e-17
  outer loop
    vertex 20.64368929376448 41.63894204253072 4.110301405643661
    vertex 20.47400639938472 42.2570725863427 5.220577589205399
    vertex 20.81337816117276 41.02078973982914 5.22056161464705
  endloop
endfacet
facet normal 0.964326 0.264717 -1.09976e-15
  outer loop
    vertex 16.55010370584593 56.5512895413769 8.527107191679852
    vertex 16.38153461852568 57.16536264518638 7.422445357035643
    vertex 16.21094127564528 57.78680982282211 8.523965395401627
  endloop
endfacet
facet normal 0.964326 0.264717 6.9163e-16
  outer loop
    vertex 21.46531900130734 38.64586239362462 18.5094040845112
    vertex 21.29576853423393 39.26351052367776 19.61705947055154
    vertex 21.63603787232337 38.02395793492334 19.61838598442111
  endloop
endfacet
facet normal 0.964326 0.264717 7.51483e-16
  outer loop
    vertex 21.15276938163053 39.78443600816154 3
    vertex 20.98306422562863 40.40264764788276 4.109021819321659
    vertex 21.3221236470555 39.16750261268487 4.111358828029887
  endloop
endfacet
facet normal 0.964326 0.264717 2.15059e-15
  outer loop
    vertex 16.88603054046987 55.32755607238968 17.38060470165284
    vertex 17.05546538311899 54.71032914559648 16.27376127093702
    vertex 16.71606176085767 55.94672805526267 16.27292072338152
  endloop
endfacet
facet normal 0.964326 0.264717 1.37389e-16
  outer loop
    vertex 16.88935227139921 55.31545548114707 8.530303263424376
    vertex 16.72078051838004 55.9295382957169 7.425249484689433
    vertex 16.55010370584593 56.5512895413769 8.527107191679852
  endloop
endfacet
facet normal 0.964326 0.264717 -1.17891e-16
  outer loop
    vertex 15.53282733326215 60.25708204150351 8.517677366869343
    vertex 15.70319281961307 59.63646491265375 7.416399746295167
    vertex 15.36412806795745 60.87162936511349 7.413244590580904
  endloop
endfacet
facet normal 0.964326 0.264717 7.0276e-16
  outer loop
    vertex 21.15276938163053 39.78443600816154 3
    vertex 20.81338863575724 41.02075158241426 3
    vertex 20.98306422562863 40.40264764788276 4.109021819321659
  endloop
endfacet
facet normal 0.964326 0.264717 -1.68792e-15
  outer loop
    vertex 16.71606313629693 55.94672304473396 18.48976677636011
    vertex 16.88603054046987 55.32755607238968 17.38060470165284
    vertex 16.54677162311901 56.56342784273925 17.37922184668621
  endloop
endfacet
facet normal 0.964326 0.264717 -2.23943e-15
  outer loop
    vertex 17.73221630873101 52.24502220229552 20.71796571191
    vertex 17.39531508040015 53.47230524835793 20.70660045863192
    vertex 17.57286284505436 52.82552410568904 21.84225584868425
  endloop
endfacet
facet normal 0.964326 0.264717 -2.06909e-15
  outer loop
    vertex 20.44968322931777 42.34567842015803 11.87687426245598
    vertex 20.61858247167198 41.73040260872483 12.9866498839419
    vertex 20.78941489659124 41.10808448937611 11.88053508600368
  endloop
endfacet
facet normal 0.964326 0.264717 2.16653e-15
  outer loop
    vertex 21.63753998644135 38.0184859477793 10.78119048570795
    vertex 21.8057161249296 37.40584430042924 11.88679349515344
    vertex 21.97569182927148 36.78664709175524 10.78605029900623
  endloop
endfacet
facet normal 0.964326 0.264717 -2.68724e-15
  outer loop
    vertex 17.22880736279117 54.07886907679065 8.533524073873206
    vertex 17.06008324548173 54.6935069327036 7.428444597119721
    vertex 16.88935227139921 55.31545548114707 8.530303263424376
  endloop
endfacet
facet normal 0.964326 0.264717 -1.72705e-15
  outer loop
    vertex 17.05534177692295 54.7107794253106 18.49105492807373
    vertex 17.22532205306822 54.09156556220996 17.3821514375101
    vertex 16.88603054046987 55.32755607238968 17.38060470165284
  endloop
endfacet
facet normal 0.964326 0.264717 -9.48651e-16
  outer loop
    vertex 22.14358620399979 36.17503186953068 11.89091474619111
    vertex 22.4807320312227 34.94685778464721 11.89437918962248
    vertex 22.31302789853172 35.55777998230721 10.7899770332642
  endloop
endfacet
facet normal 0.964326 0.264717 2.09196e-15
  outer loop
    vertex 16.88603054046987 55.32755607238968 17.38060470165284
    vertex 17.22532205306822 54.09156556220996 17.3821514375101
    vertex 17.05546538311899 54.71032914559648 16.27376127093702
  endloop
endfacet
facet normal 0.964326 0.264717 1.32582e-15
  outer loop
    vertex 20.30436880335716 42.87503811472885 21.88941083341406
    vertex 20.13479947594 43.49275495031991 20.77890108893222
    vertex 19.96496495880034 44.11143783418582 21.88899308740181
  endloop
endfacet
facet normal 0.964326 0.264717 1.60083e-15
  outer loop
    vertex 15.87183435505336 59.02212789069266 8.520772943730373
    vertex 16.04233623084744 58.40101391458568 7.419238209753285
    vertex 15.70319281961307 59.63646491265375 7.416399746295167
  endloop
endfacet
facet normal 0.964326 0.264717 1.5661e-15
  outer loop
    vertex 14.70453521003792 63.2744319189632 3
    vertex 14.36515446416463 64.51074749321593 3
    vertex 14.53271567782258 63.90034592917623 4.105900901660655
  endloop
endfacet
facet normal 0.964326 0.264717 -7.0172e-16
  outer loop
    vertex 15.18949597889744 61.50778911811783 19.59071884886448
    vertex 15.02009278496102 62.12490075317193 18.47638330090355
    vertex 14.85048705126539 62.74275021163457 19.5858140584891
  endloop
endfacet
facet normal 0.964326 0.264717 -3.21981e-15
  outer loop
    vertex 16.23174856646775 57.71101183482595 4.105064657733731
    vertex 15.89236782059445 58.9473274090787 4.102745818821725
    vertex 16.05675742647676 58.34847955907888 5.20657095347199
  endloop
endfacet
facet normal 0.964326 0.264717 -5.75183e-16
  outer loop
    vertex 17.39466817794696 53.47466182158028 18.49343965210776
    vertex 17.56461476966118 52.85557066604989 17.38344949052631
    vertex 17.22532205306822 54.09156556220996 17.3821514375101
  endloop
endfacet
facet normal 0.964326 0.264717 -6.34533e-16
  outer loop
    vertex 17.56461476966118 52.85557066604989 17.38344949052631
    vertex 17.73492375043062 52.23515937896123 16.2755881594969
    vertex 17.39528186083824 53.47242626247634 16.27531097739312
  endloop
endfacet
facet normal 0.964326 0.264717 2.1486e-15
  outer loop
    vertex 20.95792388988146 40.49423029953316 12.98927178897695
    vertex 20.61858247167198 41.73040260872483 12.9866498839419
    vertex 20.78777112806888 41.11407250327898 14.09644753590108
  endloop
endfacet
facet normal 0.964326 0.264717 3.32134e-15
  outer loop
    vertex 14.00672181721884 65.81646642137558 16.24255906453599
    vertex 14.17622873247229 65.19897694438087 15.13959976064441
    vertex 13.83850206024698 66.42926696463022 15.13811521531571
  endloop
endfacet
facet normal 0.964326 0.264717 3.33121e-16
  outer loop
    vertex 17.56828249501368 52.84220966655151 8.537488666535875
    vertex 17.39940480185021 53.45740697736129 7.431002120828219
    vertex 17.22880736279117 54.07886907679065 8.533524073873206
  endloop
endfacet
facet normal 0.964326 0.264717 2.14373e-16
  outer loop
    vertex 20.64368929376448 41.63894204253072 4.110301405643661
    vertex 20.81337816117276 41.02078973982914 5.22056161464705
    vertex 20.98306422562863 40.40264764788276 4.109021819321659
  endloop
endfacet
facet normal 0.964326 0.264717 -7.20763e-16
  outer loop
    vertex 21.49215012750383 38.54812043390882 3
    vertex 21.15276938163053 39.78443600816154 3
    vertex 21.3221236470555 39.16750261268487 4.111358828029887
  endloop
endfacet
facet normal 0.964326 0.264717 -1.26772e-15
  outer loop
    vertex 18.24328009282898 50.38328984593865 17.38966574954344
    vertex 18.58260073924045 49.14719320543969 17.38782421185543
    vertex 18.41317220479599 49.76439715234453 16.2785151350117
  endloop
endfacet
facet normal 0.964326 0.264717 -1.81233e-15
  outer loop
    vertex 17.56461476966118 52.85557066604989 17.38344949052631
    vertex 17.90399245236954 51.61926625046944 17.3896040561493
    vertex 17.73492375043062 52.23515937896123 16.2755881594969
  endloop
endfacet
facet normal 0.964326 0.264717 7.61354e-16
  outer loop
    vertex 17.90759638641295 51.606137633597 8.541451654488807
    vertex 17.56828249501368 52.84220966655151 8.537488666535875
    vertex 17.73698273615808 52.22765878809692 9.648655312228339
  endloop
endfacet
facet normal 0.964326 0.264717 1.36339e-15
  outer loop
    vertex 20.64368929376448 41.63894204253072 4.110301405643661
    vertex 20.30431370614352 42.87523882600711 4.107747165190184
    vertex 20.47400639938472 42.2570725863427 5.220577589205399
  endloop
endfacet
facet normal 0.964326 0.264717 1.86979e-15
  outer loop
    vertex 22.81881152956592 33.71528246925407 9.694283672797454
    vertex 23.154856932523 32.49111707276754 9.698379241772441
    vertex 22.98779803408395 33.09968877422411 8.597163391216151
  endloop
endfacet
facet normal 0.964326 0.264717 -1.92161e-15
  outer loop
    vertex 16.37681856390909 57.18254255843251 18.48291323993129
    vertex 16.20753654035211 57.79921278710437 17.37698488142193
    vertex 16.03760981033232 58.41823158931931 18.48036281597275
  endloop
endfacet
facet normal 0.964326 0.264717 -1.62999e-15
  outer loop
    vertex 21.80475455775201 37.40934715229046 14.09860508129446
    vertex 21.46635398735491 38.64209208730843 14.09918335466313
    vertex 21.63545762405089 38.0260716964874 15.20448649233284
  endloop
endfacet
facet normal 0.964326 0.264717 7.26166e-16
  outer loop
    vertex 21.12858332744121 39.87254234842264 11.88178783906283
    vertex 21.46716805602099 38.63912655145345 11.88279959693512
    vertex 21.29895537133402 39.25190133138457 10.7766145687144
  endloop
endfacet
facet normal 0.964326 0.264717 -1.63201e-15
  outer loop
    vertex 18.60693480869679 49.05854766670589 21.88830220208951
    vertex 18.7741794779648 48.44929922865816 20.77241238993025
    vertex 18.42283201388241 49.72920784781543 20.77473723276071
  endloop
endfacet
facet normal 0.964326 0.264717 4.50804e-16
  outer loop
    vertex 16.91051166693738 55.2383748259723 4.105591048586746
    vertex 16.57112958046155 56.47469528384855 4.103410949050192
    vertex 16.73543276339641 55.87616226030012 5.209010072729841
  endloop
endfacet
facet normal 0.964326 0.264717 1.42742e-15
  outer loop
    vertex 17.90759638641295 51.606137633597 8.541451654488807
    vertex 17.7387144056735 52.2213505634336 7.432086504768346
    vertex 17.56828249501368 52.84220966655151 8.537488666535875
  endloop
endfacet
facet normal 0.964326 0.264717 -1.60854e-15
  outer loop
    vertex 20.81338863575724 41.02075158241426 23
    vertex 20.98312839543878 40.40241388643152 21.88966188441801
    vertex 20.64376842620416 41.63865377435759 21.88945974233021
  endloop
endfacet
facet normal 0.964326 0.264717 1.74936e-16
  outer loop
    vertex 17.73418141438189 52.23786360313874 18.50033893223721
    vertex 17.90399245236954 51.61926625046944 17.3896040561493
    vertex 17.56461476966118 52.85557066604989 17.38344949052631
  endloop
endfacet
facet normal 0.964326 0.264717 2.87575e-15
  outer loop
    vertex 19.96496495880034 44.11143783418582 21.88899308740181
    vertex 20.13479947594 43.49275495031991 20.77890108893222
    vertex 19.79543079269892 44.7290265821267 20.77817582647356
  endloop
endfacet
facet normal 0.964326 0.264717 -1.18748e-15
  outer loop
    vertex 17.92850208775844 51.52998115012419 4.105743215822994
    vertex 17.58927589452814 52.76573371117742 4.110292988202561
    vertex 17.75244383083712 52.17133622890897 5.220719172794464
  endloop
endfacet
facet normal 0.964326 0.264717 1.81942e-15
  outer loop
    vertex 20.95740984403447 40.49610289511863 17.39917464853715
    vertex 21.12743294884853 39.87673301329599 16.29375519605954
    vertex 20.78827413657976 41.11224011513222 16.28993376253305
  endloop
endfacet
facet normal 0.964326 0.264717 -1.54948e-15
  outer loop
    vertex 20.10960417617956 43.58453782801865 14.08882199786947
    vertex 19.93991107283578 44.20270556162814 12.98183702130819
    vertex 19.77060424065423 44.81946616457522 14.08491477823136
  endloop
endfacet
facet normal 0.964326 0.264717 2.82081e-15
  outer loop
    vertex 18.24692528373903 50.37001093619486 8.544855917964776
    vertex 18.0780410930832 50.98523191644111 7.437812963703714
    vertex 17.90759638641295 51.606137633597 8.541451654488807
  endloop
endfacet
facet normal 0.964326 0.264717 -2.21237e-15
  outer loop
    vertex 20.27927618572832 42.96644693609102 12.98416064547549
    vertex 19.93991107283578 44.20270556162814 12.98183702130819
    vertex 20.10960417617956 43.58453782801865 14.08882199786947
  endloop
endfacet
facet normal 0.964326 0.264717 -1.31486e-15
  outer loop
    vertex 17.75244383083712 52.17133622890897 5.220719172794464
    vertex 17.58927589452814 52.76573371117742 4.110292988202561
    vertex 17.41492502170358 53.40086903360972 5.218293227993652
  endloop
endfacet
facet normal 0.964326 0.264717 -9.5719e-16
  outer loop
    vertex 20.61858247167198 41.73040260872483 12.9866498839419
    vertex 20.27927618572832 42.96644693609102 12.98416064547549
    vertex 20.44850432900934 42.34997298556733 14.09390777477124
  endloop
endfacet
facet normal 0.964326 0.264717 -1.31171e-15
  outer loop
    vertex 18.07359705520728 51.00142091156054 18.52051888329479
    vertex 18.24328009282898 50.38328984593865 17.38966574954344
    vertex 17.90399245236954 51.61926625046944 17.3896040561493
  endloop
endfacet
facet normal 0.964326 0.264717 9.9559e-16
  outer loop
    vertex 20.64368929376448 41.63894204253072 4.110301405643661
    vertex 20.47400788988394 42.25706715666698 3
    vertex 20.30431370614352 42.87523882600711 4.107747165190184
  endloop
endfacet
facet normal 0.964326 0.264717 -6.47814e-16
  outer loop
    vertex 16.55010370584593 56.5512895413769 8.527107191679852
    vertex 16.72078051838004 55.9295382957169 7.425249484689433
    vertex 16.38153461852568 57.16536264518638 7.422445357035643
  endloop
endfacet
facet normal 0.964326 0.264717 1.27555e-16
  outer loop
    vertex 16.88935227139921 55.31545548114707 8.530303263424376
    vertex 17.06008324548173 54.6935069327036 7.428444597119721
    vertex 16.72078051838004 55.9295382957169 7.425249484689433
  endloop
endfacet
facet normal 0.964326 0.264717 8.59322e-16
  outer loop
    vertex 19.26128010564072 46.67486122783875 17.39076582487247
    vertex 19.60060729400366 45.43874075594515 17.39226342126189
    vertex 19.43128759500226 46.05554823087883 16.28282631053335
  endloop
endfacet
facet normal 0.964326 0.264717 -1.20761e-15
  outer loop
    vertex 16.21094127564528 57.78680982282211 8.523965395401627
    vertex 16.38153461852568 57.16536264518638 7.422445357035643
    vertex 16.04233623084744 58.40101391458568 7.419238209753285
  endloop
endfacet
facet normal 0.964326 0.264717 -9.32758e-16
  outer loop
    vertex 17.08020043115099 54.62022289919417 3
    vertex 16.91051166693738 55.2383748259723 4.105591048586746
    vertex 17.24911569510613 54.00488872335757 4.104423834021279
  endloop
endfacet
facet normal 0.964326 0.264717 8.09255e-16
  outer loop
    vertex 20.64376842620416 41.63865377435759 21.88945974233021
    vertex 20.81355216685068 41.02015586200243 20.77941678867191
    vertex 20.47421355407161 42.2563179514119 20.77879527236565
  endloop
endfacet
facet normal 0.964326 0.264717 -2.77087e-15
  outer loop
    vertex 17.05534177692295 54.7107794253106 18.49105492807373
    vertex 16.88603054046987 55.32755607238968 17.38060470165284
    vertex 16.71606313629693 55.94672304473396 18.48976677636011
  endloop
endfacet
facet normal 0.964326 0.264717 -1.21111e-15
  outer loop
    vertex 20.44968322931777 42.34567842015803 11.87687426245598
    vertex 20.27927618572832 42.96644693609102 12.98416064547549
    vertex 20.61858247167198 41.73040260872483 12.9866498839419
  endloop
endfacet
facet normal 0.964326 0.264717 9.58558e-16
  outer loop
    vertex 16.71606313629693 55.94672304473396 18.48976677636011
    vertex 16.54677162311901 56.56342784273925 17.37922184668621
    vertex 16.37681856390909 57.18254255843251 18.48291323993129
  endloop
endfacet
facet normal 0.964326 0.264717 1.2115e-15
  outer loop
    vertex 20.13462714401065 43.49338273091971 3
    vertex 19.96493264014376 44.11155556643477 4.108109217715782
    vertex 20.30431370614352 42.87523882600711 4.107747165190184
  endloop
endfacet
facet normal 0.964326 0.264717 -3.3159e-16
  outer loop
    vertex 17.39466817794696 53.47466182158028 18.49343965210776
    vertex 17.22532205306822 54.09156556220996 17.3821514375101
    vertex 17.05534177692295 54.7107794253106 18.49105492807373
  endloop
endfacet
facet normal 0.964326 0.264717 -2.97471e-16
  outer loop
    vertex 18.41273118143389 49.7660037374493 18.51700606318507
    vertex 18.58260073924045 49.14719320543969 17.38782421185543
    vertex 18.24328009282898 50.38328984593865 17.38966574954344
  endloop
endfacet
facet normal 0.964326 0.264717 -1.56944e-16
  outer loop
    vertex 18.26712198817757 50.29643722716877 4.106308467905726
    vertex 18.09834266877088 50.91127617643601 3
    vertex 17.92850208775844 51.52998115012419 4.105743215822994
  endloop
endfacet
facet normal 0.964326 0.264717 -2.17417e-15
  outer loop
    vertex 19.62555387934006 45.34786390936254 4.110288866880571
    vertex 19.45586565226406 45.96601387942513 5.220569310549278
    vertex 19.79524178863648 44.72971509692559 5.220567905011521
  endloop
endfacet
facet normal 0.964326 0.264717 -8.21898e-16
  outer loop
    vertex 18.43772341464417 49.67496060218329 3
    vertex 18.09834266877088 50.91127617643601 3
    vertex 18.26712198817757 50.29643722716877 4.106308467905726
  endloop
endfacet
facet normal 0.964326 0.264717 7.52587e-16
  outer loop
    vertex 17.75896192289758 52.14759175068873 3
    vertex 17.58927589452814 52.76573371117742 4.110292988202561
    vertex 17.92850208775844 51.52998115012419 4.105743215822994
  endloop
endfacet
facet normal 0.964326 0.264717 -1.36943e-16
  outer loop
    vertex 18.58645894105394 49.13313832740484 8.547938361631209
    vertex 18.41739817451765 49.74900254835848 7.440271148707495
    vertex 18.24692528373903 50.37001093619486 8.544855917964776
  endloop
endfacet
facet normal 0.964326 0.264717 1.60205e-15
  outer loop
    vertex 20.13462714401065 43.49338273091971 3
    vertex 19.79524639813735 44.72969830517242 3
    vertex 19.96493264014376 44.11155556643477 4.108109217715782
  endloop
endfacet
facet normal 0.964326 0.264717 -2.16282e-15
  outer loop
    vertex 17.90399245236954 51.61926625046944 17.3896040561493
    vertex 18.24328009282898 50.38328984593865 17.38966574954344
    vertex 18.07347892724799 51.0018512348408 16.27824608710582
  endloop
endfacet
facet normal 0.964326 0.264717 1.15164e-15
  outer loop
    vertex 18.77710614304666 48.43863780585994 5.220571472511059
    vertex 18.60741672382153 49.05679211875149 4.110290040712325
    vertex 18.4322418973685 49.69492898654467 5.219979054381897
  endloop
endfacet
facet normal 0.964326 0.264717 -1.06898e-15
  outer loop
    vertex 19.60059315676896 45.43879225587158 12.97881093419463
    vertex 19.43157353691305 46.05450658534666 14.08248876224025
    vertex 19.77060424065423 44.81946616457522 14.08491477823136
  endloop
endfacet
facet normal 0.964326 0.264717 3.96137e-15
  outer loop
    vertex 17.73492375043062 52.23515937896123 16.2755881594969
    vertex 18.07347892724799 51.0018512348408 16.27824608710582
    vertex 17.90384575371731 51.61980065270259 15.17026851463911
  endloop
endfacet
facet normal 0.964326 0.264717 -2.05674e-15
  outer loop
    vertex 19.28619590417393 46.58409653318203 21.88913673663436
    vertex 19.45596643462169 45.96564674369374 20.77883749332619
    vertex 19.11659081780797 47.20194363351518 20.7784092784421
  endloop
endfacet
facet normal 0.964326 0.264717 -2.6875e-15
  outer loop
    vertex 17.22880736279117 54.07886907679065 8.533524073873206
    vertex 17.39940480185021 53.45740697736129 7.431002120828219
    vertex 17.06008324548173 54.6935069327036 7.428444597119721
  endloop
endfacet
facet normal 0.964326 0.264717 1.55744e-16
  outer loop
    vertex 18.94679535188127 47.82048425939098 4.106736676445879
    vertex 18.60741672382153 49.05679211875149 4.110290040712325
    vertex 18.77710614304666 48.43863780585994 5.220571472511059
  endloop
endfacet
facet normal 0.964326 0.264717 -1.17645e-15
  outer loop
    vertex 18.92518661991937 47.89920178296649 8.551352775255701
    vertex 18.58645894105394 49.13313832740484 8.547938361631209
    vertex 18.75460560126415 48.52060406521053 9.655895959547102
  endloop
endfacet
facet normal 0.964326 0.264717 -2.22501e-15
  outer loop
    vertex 18.58260073924045 49.14719320543969 17.38782421185543
    vertex 18.92194634703421 47.91100563419099 17.38929453690767
    vertex 18.75297525305504 48.52654319082939 16.27922639449295
  endloop
endfacet
facet normal 0.964326 0.264717 2.67394e-15
  outer loop
    vertex 19.60060729400366 45.43874075594515 17.39226342126189
    vertex 19.7706209953557 44.8194051295913 16.28296766677629
    vertex 19.43128759500226 46.05554823087883 16.28282631053335
  endloop
endfacet
facet normal 0.964326 0.264717 -1.36244e-15
  outer loop
    vertex 18.07347892724799 51.0018512348408 16.27824608710582
    vertex 18.24328009282898 50.38328984593865 17.38966574954344
    vertex 18.41317220479599 49.76439715234453 16.2785151350117
  endloop
endfacet
facet normal 0.964326 0.264717 -1.54396e-15
  outer loop
    vertex 19.09200921779926 47.29149089068977 16.28256061458282
    vertex 19.26128010564072 46.67486122783875 17.39076582487247
    vertex 19.43128759500226 46.05554823087883 16.28282631053335
  endloop
endfacet
facet normal 0.964326 0.264717 -2.41458e-15
  outer loop
    vertex 19.62555387934006 45.34786390936254 4.110288866880571
    vertex 19.28617525482331 46.58417175581644 4.107243054022341
    vertex 19.45586565226406 45.96601387942513 5.220569310549278
  endloop
endfacet
facet normal 0.964326 0.264717 -8.35748e-16
  outer loop
    vertex 17.73418141438189 52.23786360313874 18.50033893223721
    vertex 17.56461476966118 52.85557066604989 17.38344949052631
    vertex 17.39466817794696 53.47466182158028 18.49343965210776
  endloop
endfacet
facet normal 0.964326 0.264717 -1.78163e-15
  outer loop
    vertex 18.92518661991937 47.89920178296649 8.551352775255701
    vertex 18.75668878562826 48.51301532216982 7.441739694297535
    vertex 18.58645894105394 49.13313832740484 8.547938361631209
  endloop
endfacet
facet normal 0.964326 0.264717 -1.95436e-17
  outer loop
    vertex 20.47400788988394 42.25706715666698 3
    vertex 20.13462714401065 43.49338273091971 3
    vertex 20.30431370614352 42.87523882600711 4.107747165190184
  endloop
endfacet
facet normal 0.964326 0.264717 -5.09662e-16
  outer loop
    vertex 17.41958117702428 53.38390732494145 3
    vertex 17.08020043115099 54.62022289919417 3
    vertex 17.24911569510613 54.00488872335757 4.104423834021279
  endloop
endfacet
facet normal 0.964326 0.264717 5.09054e-16
  outer loop
    vertex 18.09834266877088 50.91127617643601 3
    vertex 17.75896192289758 52.14759175068873 3
    vertex 17.92850208775844 51.52998115012419 4.105743215822994
  endloop
endfacet
facet normal 0.964326 0.264717 3.06246e-15
  outer loop
    vertex 17.90759638641295 51.606137633597 8.541451654488807
    vertex 18.0780410930832 50.98523191644111 7.437812963703714
    vertex 17.7387144056735 52.2213505634336 7.432086504768346
  endloop
endfacet
facet normal 0.964326 0.264717 1.35596e-15
  outer loop
    vertex 20.81338863575724 41.02075158241426 3
    vertex 20.64368929376448 41.63894204253072 4.110301405643661
    vertex 20.98306422562863 40.40264764788276 4.109021819321659
  endloop
endfacet
facet normal 0.964326 0.264717 -2.93267e-16
  outer loop
    vertex 18.92194634703421 47.91100563419099 17.38929453690767
    vertex 19.26128010564072 46.67486122783875 17.39076582487247
    vertex 19.09200921779926 47.29149089068977 16.28256061458282
  endloop
endfacet
facet normal 0.964326 0.264717 -1.03244e-15
  outer loop
    vertex 19.62555387934006 45.34786390936254 4.110288866880571
    vertex 19.79524178863648 44.72971509692559 5.220567905011521
    vertex 19.96493264014376 44.11155556643477 4.108109217715782
  endloop
endfacet
facet normal 0.964326 0.264717 -2.35237e-16
  outer loop
    vertex 19.93991107283578 44.20270556162814 12.98183702130819
    vertex 19.60059315676896 45.43879225587158 12.97881093419463
    vertex 19.77060424065423 44.81946616457522 14.08491477823136
  endloop
endfacet
facet normal 0.964326 0.264717 9.49606e-16
  outer loop
    vertex 17.56828249501368 52.84220966655151 8.537488666535875
    vertex 17.7387144056735 52.2213505634336 7.432086504768346
    vertex 17.39940480185021 53.45740697736129 7.431002120828219
  endloop
endfacet
facet normal 0.964326 0.264717 1.45299e-15
  outer loop
    vertex 18.75194121634372 48.5303100388492 18.49871014340406
    vertex 18.92194634703421 47.91100563419099 17.38929453690767
    vertex 18.58260073924045 49.14719320543969 17.38782421185543
  endloop
endfacet
facet normal 0.964326 0.264717 -1.15128e-15
  outer loop
    vertex 18.41273118143389 49.7660037374493 18.51700606318507
    vertex 18.24328009282898 50.38328984593865 17.38966574954344
    vertex 18.07359705520728 51.00142091156054 18.52051888329479
  endloop
endfacet
facet normal 0.964326 0.264717 5.27917e-16
  outer loop
    vertex 19.45586565226406 45.96601387942514 3
    vertex 19.11648490639076 47.20232945367786 3
    vertex 19.28617525482331 46.58417175581644 4.107243054022341
  endloop
endfacet
facet normal 0.964326 0.264717 1.03486e-15
  outer loop
    vertex 19.62555387934006 45.34786390936254 4.110288866880571
    vertex 19.45586565226406 45.96601387942514 3
    vertex 19.28617525482331 46.58417175581644 4.107243054022341
  endloop
endfacet
facet normal 0.964326 0.264717 -4.91107e-16
  outer loop
    vertex 18.75297525305504 48.52654319082939 16.27922639449295
    vertex 19.09200921779926 47.29149089068977 16.28256061458282
    vertex 18.92303870539546 47.90702632873215 15.17770339366937
  endloop
endfacet
facet normal 0.964326 0.264717 -2.34051e-15
  outer loop
    vertex 17.73492375043062 52.23515937896123 16.2755881594969
    vertex 17.90399245236954 51.61926625046944 17.3896040561493
    vertex 18.07347892724799 51.0018512348408 16.27824608710582
  endloop
endfacet
facet normal 0.964326 0.264717 2.14832e-15
  outer loop
    vertex 18.77710416051747 48.43864502793058 3
    vertex 18.60741672382153 49.05679211875149 4.110290040712325
    vertex 18.94679535188127 47.82048425939098 4.106736676445879
  endloop
endfacet
facet normal 0.964326 0.264717 -1.95519e-17
  outer loop
    vertex 18.75297525305504 48.52654319082939 16.27922639449295
    vertex 18.92194634703421 47.91100563419099 17.38929453690767
    vertex 19.09200921779926 47.29149089068977 16.28256061458282
  endloop
endfacet
facet normal 0.964326 0.264717 1.19298e-15
  outer loop
    vertex 19.28617525482331 46.58417175581644 4.107243054022341
    vertex 19.11648490639076 47.20232945367786 3
    vertex 18.94679535188127 47.82048425939098 4.106736676445879
  endloop
endfacet
facet normal 0.964326 0.264717 1.14585e-15
  outer loop
    vertex 18.4322418973685 49.69492898654467 5.219979054381897
    vertex 18.60741672382153 49.05679211875149 4.110290040712325
    vertex 18.26712198817757 50.29643722716877 4.106308467905726
  endloop
endfacet
facet normal 0.964326 0.264717 1.18453e-15
  outer loop
    vertex 18.24692528373903 50.37001093619486 8.544855917964776
    vertex 18.41739817451765 49.74900254835848 7.440271148707495
    vertex 18.0780410930832 50.98523191644111 7.437812963703714
  endloop
endfacet
facet normal 0.964326 0.264717 -1.5639e-16
  outer loop
    vertex 19.26494157164749 46.66152303024262 8.555018137566698
    vertex 19.09605396401265 47.27675645805527 7.446959928815769
    vertex 18.92518661991937 47.89920178296649 8.551352775255701
  endloop
endfacet
facet normal 0.964326 0.264717 -7.40289e-16
  outer loop
    vertex 18.60741672382153 49.05679211875149 4.110290040712325
    vertex 18.43772341464417 49.67496060218329 3
    vertex 18.26712198817757 50.29643722716877 4.106308467905726
  endloop
endfacet
facet normal 0.964326 0.264717 -2.10656e-15
  outer loop
    vertex 18.60693480869679 49.05854766670589 21.88830220208951
    vertex 18.42283201388241 49.72920784781543 20.77473723276071
    vertex 18.25844941344601 50.3280301779766 21.88335936773725
  endloop
endfacet
facet normal 0.964326 0.264717 -2.12448e-16
  outer loop
    vertex 18.07359705520728 51.00142091156054 18.52051888329479
    vertex 17.90399245236954 51.61926625046944 17.3896040561493
    vertex 17.73418141438189 52.23786360313874 18.50033893223721
  endloop
endfacet
facet normal 0.964326 0.264717 2.35012e-15
  outer loop
    vertex 23.15151708343025 32.50328366589115 16.30436073514039
    vertex 22.81568604261879 33.72666817170432 16.30266585345606
    vertex 22.98350384072982 33.115331907157 17.40202104749706
  endloop
endfacet
facet normal 0.964326 0.264717 1.15157e-15
  outer loop
    vertex 19.79524639813735 44.72969830517242 3
    vertex 19.62555387934006 45.34786390936254 4.110288866880571
    vertex 19.96493264014376 44.11155556643477 4.108109217715782
  endloop
endfacet
facet normal 0.964326 0.264717 2.56255e-15
  outer loop
    vertex 19.11648490639076 47.20232945367786 3
    vertex 18.77710416051747 48.43864502793058 3
    vertex 18.94679535188127 47.82048425939098 4.106736676445879
  endloop
endfacet
facet normal 0.964326 0.264717 1.56893e-16
  outer loop
    vertex 16.23174856646775 57.71101183482595 4.105064657733731
    vertex 16.0620581935311 58.32916962195233 3
    vertex 15.89236782059445 58.9473274090787 4.102745818821725
  endloop
endfacet
facet normal 0.964326 0.264717 1.39389e-15
  outer loop
    vertex 16.0620581935311 58.32916962195233 3
    vertex 15.72267744765781 59.56548519620505 3
    vertex 15.89236782059445 58.9473274090787 4.102745818821725
  endloop
endfacet
facet normal 0.964326 0.264717 1.13929e-15
  outer loop
    vertex 15.38329670178451 60.80180077045776 3
    vertex 15.04391595591122 62.03811634471049 3
    vertex 15.21359723948445 61.41999166883656 4.102144678880215
  endloop
endfacet
facet normal 0.964326 0.264717 1.72045e-15
  outer loop
    vertex 21.49215012750383 38.54812043390882 23
    vertex 21.65668599736345 37.94873976513449 21.85973085071528
    vertex 21.32162273451988 39.16932736549321 21.88473630557753
  endloop
endfacet
facet normal 0.964326 0.264717 3.13456e-16
  outer loop
    vertex 16.4014389394044 57.0928540476996 3
    vertex 16.0620581935311 58.32916962195233 3
    vertex 16.23174856646775 57.71101183482595 4.105064657733731
  endloop
endfacet
facet normal 0.964326 0.264717 1.54041e-15
  outer loop
    vertex 19.79524639813735 44.72969830517242 3
    vertex 19.45586565226406 45.96601387942514 3
    vertex 19.62555387934006 45.34786390936254 4.110288866880571
  endloop
endfacet
facet normal 0.964326 0.264717 -5.10141e-16
  outer loop
    vertex 15.55298707472116 60.18364298333142 4.104569744802617
    vertex 15.38329670178451 60.80180077045776 3
    vertex 15.21359723948445 61.41999166883656 4.102144678880215
  endloop
endfacet
facet normal 0.964326 0.264717 -1.18238e-15
  outer loop
    vertex 17.75896192289758 52.14759175068873 23
    vertex 18.09834266877088 50.91127617643601 23
    vertex 17.92460823930512 51.54416588377556 21.88309013086256
  endloop
endfacet
facet normal 0.964326 0.264717 2.02786e-15
  outer loop
    vertex 20.81338863575724 41.02075158241426 3
    vertex 20.47400788988394 42.25706715666698 3
    vertex 20.64368929376448 41.63894204253072 4.110301405643661
  endloop
endfacet
facet normal 0.964326 0.264717 -1.55467e-16
  outer loop
    vertex 16.74081968527769 55.85653847344689 23
    vertex 17.08020043115099 54.62022289919417 23
    vertex 16.90580163393663 55.2555328033322 21.88596830607971
  endloop
endfacet
facet normal 0.964326 0.264717 -8.71098e-16
  outer loop
    vertex 16.0620581935311 58.32916962195233 23
    vertex 16.4014389394044 57.0928540476996 23
    vertex 16.23930035213128 57.68350175848025 21.88161701844537
  endloop
endfacet
facet normal 0.964326 0.264717 -5.65314e-16
  outer loop
    vertex 20.13462714401065 43.49338273091971 23
    vertex 20.47400788988394 42.25706715666698 23
    vertex 20.30436880335716 42.87503811472885 21.88941083341406
  endloop
endfacet
facet normal 0.964326 0.264717 -6.82429e-16
  outer loop
    vertex 20.81338863575724 41.02075158241426 23
    vertex 21.15276938163053 39.78443600816154 23
    vertex 20.98312839543878 40.40241388643152 21.88966188441801
  endloop
endfacet
facet normal 0.964326 0.264717 1.00969e-15
  outer loop
    vertex 16.4014389394044 57.0928540476996 3
    vertex 16.23174856646775 57.71101183482595 4.105064657733731
    vertex 16.57112958046155 56.47469528384855 4.103410949050192
  endloop
endfacet
facet normal 0.964326 0.264717 1.24562e-15
  outer loop
    vertex 15.72267744765781 59.56548519620505 3
    vertex 15.55298707472116 60.18364298333142 4.104569744802617
    vertex 15.89236782059445 58.9473274090787 4.102745818821725
  endloop
endfacet
facet normal 0.964326 0.264717 -1.02883e-15
  outer loop
    vertex 21.15276938163053 39.78443600816154 23
    vertex 21.49215012750383 38.54812043390882 23
    vertex 21.32162273451988 39.16932736549321 21.88473630557753
  endloop
endfacet
facet normal 0.964326 0.264717 -4.70395e-16
  outer loop
    vertex 15.72267744765781 59.56548519620505 3
    vertex 15.38329670178451 60.80180077045776 3
    vertex 15.55298707472116 60.18364298333142 4.104569744802617
  endloop
endfacet
facet normal 0.964326 0.264717 2.06949e-15
  outer loop
    vertex 21.49215012750383 38.54812043390882 23
    vertex 21.83153087337712 37.31180485965611 23
    vertex 21.65668599736345 37.94873976513449 21.85973085071528
  endloop
endfacet
facet normal 0.964326 0.264717 1.36491e-16
  outer loop
    vertex 17.75896192289758 52.14759175068873 3
    vertex 17.41958117702428 53.38390732494145 3
    vertex 17.58927589452814 52.76573371117742 4.110292988202561
  endloop
endfacet
facet normal 0.964326 0.264717 1.78453e-15
  outer loop
    vertex 15.04391595591122 62.03811634471049 3
    vertex 14.70453521003792 63.2744319189632 3
    vertex 14.87417104679409 62.65647279935143 4.103984777803522
  endloop
endfacet
facet normal 0.964326 0.264717 -2.14074e-15
  outer loop
    vertex 15.38329670178451 60.80180077045776 23
    vertex 15.72267744765781 59.56548519620505 23
    vertex 15.54102194731622 60.22723023316368 21.83700306705621
  endloop
endfacet
facet normal 0.964326 0.264717 -2.00904e-15
  outer loop
    vertex 21.83153087337712 37.31180485965611 3
    vertex 21.49215012750383 38.54812043390882 3
    vertex 21.6581622801467 37.94336187785266 4.131475917450054
  endloop
endfacet
facet normal 0.964326 0.264717 1.75454e-16
  outer loop
    vertex 18.77710416051747 48.43864502793058 23
    vertex 19.11648490639076 47.20232945367786 23
    vertex 18.94680588163985 47.82044590098474 21.88948752828443
  endloop
endfacet
facet normal 0.964326 0.264717 1.91333e-15
  outer loop
    vertex 15.04391595591122 62.03811634471049 3
    vertex 14.87417104679409 62.65647279935143 4.103984777803522
    vertex 15.21359723948445 61.41999166883656 4.102144678880215
  endloop
endfacet
facet normal 0.964326 0.264717 2.14487e-16
  outer loop
    vertex 18.77710416051747 48.43864502793058 3
    vertex 18.43772341464417 49.67496060218329 3
    vertex 18.60741672382153 49.05679211875149 4.110290040712325
  endloop
endfacet
facet normal 0.964326 0.264717 -1.63848e-15
  outer loop
    vertex 20.98312839543878 40.40241388643152 21.88966188441801
    vertex 21.15276938163053 39.78443600816154 23
    vertex 21.32162273451988 39.16932736549321 21.88473630557753
  endloop
endfacet
facet normal 0.964326 0.264717 -1.37072e-15
  outer loop
    vertex 17.08020043115099 54.62022289919417 3
    vertex 16.74081968527769 55.85653847344689 3
    vertex 16.91051166693738 55.2383748259723 4.105591048586746
  endloop
endfacet
facet normal 0.964326 0.264717 8.18729e-16
  outer loop
    vertex 19.45586565226406 45.96601387942514 23
    vertex 19.79524639813735 44.72969830517242 23
    vertex 19.62558053143518 45.34776681958748 21.8894101546097
  endloop
endfacet
facet normal 0.964326 0.264717 3.13926e-16
  outer loop
    vertex 16.74081968527769 55.85653847344689 3
    vertex 16.4014389394044 57.0928540476996 3
    vertex 16.57112958046155 56.47469528384855 4.103410949050192
  endloop
endfacet
facet normal 0.964326 0.264717 -8.82043e-16
  outer loop
    vertex 16.91051166693738 55.2383748259723 4.105591048586746
    vertex 16.74081968527769 55.85653847344689 3
    vertex 16.57112958046155 56.47469528384855 4.103410949050192
  endloop
endfacet
facet normal 0.964326 0.264717 -1.4868e-15
  outer loop
    vertex 18.58645894105394 49.13313832740484 8.547938361631209
    vertex 18.75668878562826 48.51301532216982 7.441739694297535
    vertex 18.41739817451765 49.74900254835848 7.440271148707495
  endloop
endfacet
facet normal 0.964326 0.264717 1.41176e-15
  outer loop
    vertex 18.75194121634372 48.5303100388492 18.49871014340406
    vertex 18.58260073924045 49.14719320543969 17.38782421185543
    vertex 18.41273118143389 49.7660037374493 18.51700606318507
  endloop
endfacet
facet normal 0.964326 0.264717 -4.59596e-16
  outer loop
    vertex 18.92518661991937 47.89920178296649 8.551352775255701
    vertex 19.09605396401265 47.27675645805527 7.446959928815769
    vertex 18.75668878562826 48.51301532216982 7.441739694297535
  endloop
endfacet
facet normal 0.964326 0.264717 7.31403e-16
  outer loop
    vertex 19.0912783984547 47.29415316115923 18.50017388689239
    vertex 19.26128010564072 46.67486122783875 17.39076582487247
    vertex 18.92194634703421 47.91100563419099 17.38929453690767
  endloop
endfacet
facet normal 0.964326 0.264717 -1.27342e-15
  outer loop
    vertex 17.41492502170358 53.40086903360972 5.218293227993652
    vertex 17.58927589452814 52.76573371117742 4.110292988202561
    vertex 17.24911569510613 54.00488872335757 4.104423834021279
  endloop
endfacet
facet normal 0.964326 0.264717 -8.60419e-16
  outer loop
    vertex 20.11060504981607 43.5808917883428 11.87396316871876
    vertex 20.44968322931777 42.34567842015803 11.87687426245598
    vertex 20.28107836909685 42.95988183953423 10.76733682397083
  endloop
endfacet
facet normal 0.964326 0.264717 7.84254e-16
  outer loop
    vertex 22.81881152956592 33.71528246925407 9.694283672797454
    vertex 22.98779803408395 33.09968877422411 8.597163391216151
    vertex 22.65149944747096 34.32477648259999 8.590651403069536
  endloop
endfacet
facet normal 0.964326 0.264717 5.08127e-16
  outer loop
    vertex 20.11060504981607 43.5808917883428 11.87396316871876
    vertex 20.27927618572832 42.96644693609102 12.98416064547549
    vertex 20.44968322931777 42.34567842015803 11.87687426245598
  endloop
endfacet
facet normal 0.964326 0.264717 -6.04671e-16
  outer loop
    vertex 17.58927589452814 52.76573371117742 4.110292988202561
    vertex 17.41958117702428 53.38390732494145 3
    vertex 17.24911569510613 54.00488872335757 4.104423834021279
  endloop
endfacet
facet normal 0.964326 0.264717 -1.76507e-15
  outer loop
    vertex 19.60059315676896 45.43879225587158 12.97881093419463
    vertex 19.26179056111274 46.67300171147635 12.97461730532766
    vertex 19.43157353691305 46.05450658534666 14.08248876224025
  endloop
endfacet
facet normal 0.964326 0.264717 1.1225e-15
  outer loop
    vertex 20.11060504981607 43.5808917883428 11.87396316871876
    vertex 19.93991107283578 44.20270556162814 12.98183702130819
    vertex 20.27927618572832 42.96644693609102 12.98416064547549
  endloop
endfacet
facet normal 0.964326 0.264717 -1.75534e-16
  outer loop
    vertex 19.0912783984547 47.29415316115923 18.50017388689239
    vertex 18.92194634703421 47.91100563419099 17.38929453690767
    vertex 18.75194121634372 48.5303100388492 18.49871014340406
  endloop
endfacet
facet normal 0.964326 0.264717 1.60997e-15
  outer loop
    vertex 19.0921255926109 47.29106695387592 11.86611662129167
    vertex 19.43149064735167 46.0548085401774 11.86919374248516
    vertex 19.26264943463116 46.66987295794496 10.76495330927375
  endloop
endfacet
facet normal 0.964326 0.264717 9.76585e-16
  outer loop
    vertex 19.77119794912636 44.81730336942675 11.87304610605787
    vertex 19.93991107283578 44.20270556162814 12.98183702130819
    vertex 20.11060504981607 43.5808917883428 11.87396316871876
  endloop
endfacet
facet normal 0.964326 0.264717 -2.1692e-15
  outer loop
    vertex 19.60460493125052 45.42417793454588 8.557571932101229
    vertex 19.43543833812026 46.04042766666325 7.449404468367598
    vertex 19.26494157164749 46.66152303024262 8.555018137566698
  endloop
endfacet
facet normal 0.964326 0.264717 1.85776e-16
  outer loop
    vertex 19.77119794912636 44.81730336942675 11.87304610605787
    vertex 19.60059315676896 45.43879225587158 12.97881093419463
    vertex 19.93991107283578 44.20270556162814 12.98183702130819
  endloop
endfacet
facet normal 0.964326 0.264717 -1.41805e-15
  outer loop
    vertex 19.26494157164749 46.66152303024262 8.555018137566698
    vertex 19.43543833812026 46.04042766666325 7.449404468367598
    vertex 19.09605396401265 47.27675645805527 7.446959928815769
  endloop
endfacet
facet normal 0.964326 0.264717 5.85769e-17
  outer loop
    vertex 19.43149064735167 46.0548085401774 11.86919374248516
    vertex 19.60059315676896 45.43879225587158 12.97881093419463
    vertex 19.77119794912636 44.81730336942675 11.87304610605787
  endloop
endfacet
facet normal 0.964326 0.264717 2.47706e-15
  outer loop
    vertex 19.43061039333791 46.05801517979894 18.50162173369788
    vertex 19.26128010564072 46.67486122783875 17.39076582487247
    vertex 19.0912783984547 47.29415316115923 18.50017388689239
  endloop
endfacet
facet normal 0.964326 0.264717 -8.24107e-16
  outer loop
    vertex 19.94367097713905 44.18900876738051 8.559664410776683
    vertex 19.60460493125052 45.42417793454588 8.557571932101229
    vertex 19.77362685478215 44.80845521310924 9.662982096110245
  endloop
endfacet
facet normal 0.964326 0.264717 6.1441e-16
  outer loop
    vertex 19.43061039333791 46.05801517979894 18.50162173369788
    vertex 19.60060729400366 45.43874075594515 17.39226342126189
    vertex 19.26128010564072 46.67486122783875 17.39076582487247
  endloop
endfacet
facet normal 0.964326 0.264717 -1.76228e-16
  outer loop
    vertex 19.43149064735167 46.0548085401774 11.86919374248516
    vertex 19.26179056111274 46.67300171147635 12.97461730532766
    vertex 19.60059315676896 45.43879225587158 12.97881093419463
  endloop
endfacet
facet normal 0.964326 0.264717 -2.02641e-15
  outer loop
    vertex 18.75194121634372 48.5303100388492 18.49871014340406
    vertex 18.41273118143389 49.7660037374493 18.51700606318507
    vertex 18.58421737886044 49.14130401825259 19.61941034897409
  endloop
endfacet
facet normal 0.964326 0.264717 -1.79937e-15
  outer loop
    vertex 19.0921255926109 47.29106695387592 11.86611662129167
    vertex 19.26179056111274 46.67300171147635 12.97461730532766
    vertex 19.43149064735167 46.0548085401774 11.86919374248516
  endloop
endfacet
facet normal 0.964326 0.264717 -9.77754e-16
  outer loop
    vertex 18.0780410930832 50.98523191644111 7.437812963703714
    vertex 18.41739817451765 49.74900254835848 7.440271148707495
    vertex 18.25474153797985 50.34153743860333 6.331919631331543
  endloop
endfacet
facet normal 0.964326 0.264717 -2.33846e-15
  outer loop
    vertex 19.0921255926109 47.29106695387592 11.86611662129167
    vertex 18.92235764403443 47.9095073379759 12.96992398599138
    vertex 19.26179056111274 46.67300171147635 12.97461730532766
  endloop
endfacet
facet normal 0.964326 0.264717 1.58008e-15
  outer loop
    vertex 19.60060729400366 45.43874075594515 17.39226342126189
    vertex 19.93991146593732 44.20270412961538 17.39379664942004
    vertex 19.7706209953557 44.8194051295913 16.28296766677629
  endloop
endfacet
facet normal 0.964326 0.264717 -1.20924e-15
  outer loop
    vertex 19.43061039333791 46.05801517979894 18.50162173369788
    vertex 19.0912783984547 47.29415316115923 18.50017388689239
    vertex 19.26061454453088 46.67728577188172 19.61106055583778
  endloop
endfacet
facet normal 0.964326 0.264717 7.7964e-16
  outer loop
    vertex 19.09605396401265 47.27675645805527 7.446959928815769
    vertex 19.43543833812026 46.04042766666325 7.449404468367598
    vertex 19.27280084367587 46.63289282499638 6.337508634292903
  endloop
endfacet
facet normal 0.964326 0.264717 3.7272e-16
  outer loop
    vertex 18.07413114678232 50.99947529225145 11.85906570818776
    vertex 18.41341282371091 49.7635206120116 11.86151936412978
    vertex 18.24466766074006 50.37823513426257 10.7563672156495
  endloop
endfacet
facet normal 0.964326 0.264717 -8.81368e-16
  outer loop
    vertex 18.75271179633222 48.52750292603395 11.86324629078969
    vertex 18.92235764403443 47.9095073379759 12.96992398599138
    vertex 19.0921255926109 47.29106695387592 11.86611662129167
  endloop
endfacet
facet normal 0.964326 0.264717 -2.87107e-15
  outer loop
    vertex 18.58248836113746 49.14760258281486 12.96881696050954
    vertex 18.24319549880513 50.38359800988266 12.96681937649031
    vertex 18.41276409272646 49.76588384631212 14.06901934529608
  endloop
endfacet
facet normal 0.964326 0.264717 -3.12256e-16
  outer loop
    vertex 17.73418141438189 52.23786360313874 18.50033893223721
    vertex 17.39466817794696 53.47466182158028 18.49343965210776
    vertex 17.56380471471051 52.85852158051306 19.60575701651566
  endloop
endfacet
facet normal 0.964326 0.264717 -7.8015e-17
  outer loop
    vertex 19.0912783984547 47.29415316115923 18.50017388689239
    vertex 18.75194121634372 48.5303100388492 18.49871014340406
    vertex 18.92127572942396 47.91344859834263 19.60959236328489
  endloop
endfacet
facet normal 0.964326 0.264717 3.04956e-15
  outer loop
    vertex 15.02155839567373 62.11956174271847 20.69485799153267
    vertex 14.85048705126539 62.74275021163457 19.5858140584891
    vertex 14.68527158576025 63.34460655026044 20.69770985787072
  endloop
endfacet
facet normal 0.964326 0.264717 1.3974e-15
  outer loop
    vertex 18.75271179633222 48.52750292603395 11.86324629078969
    vertex 18.58248836113746 49.14760258281486 12.96881696050954
    vertex 18.92235764403443 47.9095073379759 12.96992398599138
  endloop
endfacet
facet normal 0.964326 0.264717 -2.27864e-15
  outer loop
    vertex 19.60460493125052 45.42417793454588 8.557571932101229
    vertex 19.77471822839567 44.80447949494568 7.451350497867331
    vertex 19.43543833812026 46.04042766666325 7.449404468367598
  endloop
endfacet
facet normal 0.964326 0.264717 1.38532e-15
  outer loop
    vertex 19.93991146593732 44.20270412961538 17.39379664942004
    vertex 20.27916639682489 42.9668468813821 17.39536875895525
    vertex 20.10989284728701 43.58348624041294 16.28460500466834
  endloop
endfacet
facet normal 0.964326 0.264717 -1.87545e-15
  outer loop
    vertex 18.75194121634372 48.5303100388492 18.49871014340406
    vertex 18.58421737886044 49.14130401825259 19.61941034897409
    vertex 18.92127572942396 47.91344859834263 19.60959236328489
  endloop
endfacet
facet normal 0.964326 0.264717 1.56291e-15
  outer loop
    vertex 20.78777112806888 41.11407250327898 14.09644753590108
    vertex 20.61858247167198 41.73040260872483 12.9866498839419
    vertex 20.44850432900934 42.34997298556733 14.09390777477124
  endloop
endfacet
facet normal 0.964326 0.264717 2.30943e-15
  outer loop
    vertex 18.41341282371091 49.7635206120116 11.86151936412978
    vertex 18.58248836113746 49.14760258281486 12.96881696050954
    vertex 18.75271179633222 48.52750292603395 11.86324629078969
  endloop
endfacet
facet normal 0.964326 0.264717 -1.8983e-15
  outer loop
    vertex 19.94367097713905 44.18900876738051 8.559664410776683
    vertex 19.77471822839567 44.80447949494568 7.451350497867331
    vertex 19.60460493125052 45.42417793454588 8.557571932101229
  endloop
endfacet
facet normal 0.964326 0.264717 -2.1454e-16
  outer loop
    vertex 19.26061454453088 46.67728577188172 19.61106055583778
    vertex 19.0912783984547 47.29415316115923 18.50017388689239
    vertex 18.92127572942396 47.91344859834263 19.60959236328489
  endloop
endfacet
facet normal 0.964326 0.264717 6.16587e-16
  outer loop
    vertex 18.41341282371091 49.7635206120116 11.86151936412978
    vertex 18.24319549880513 50.38359800988266 12.96681937649031
    vertex 18.58248836113746 49.14760258281486 12.96881696050954
  endloop
endfacet
facet normal 0.964326 0.264717 1.36622e-15
  outer loop
    vertex 20.61775006425931 41.73343495001386 19.61607201130876
    vertex 20.44843050403998 42.35024191938429 18.5058761357682
    vertex 20.27850562047553 42.96925399522618 19.61503398958051
  endloop
endfacet
facet normal 0.964326 0.264717 -6.06694e-16
  outer loop
    vertex 18.07413114678232 50.99947529225145 11.85906570818776
    vertex 18.24319549880513 50.38359800988266 12.96681937649031
    vertex 18.41341282371091 49.7635206120116 11.86151936412978
  endloop
endfacet
facet normal 0.964326 0.264717 1.50219e-15
  outer loop
    vertex 20.10920987631156 43.58597420610921 18.5044774136602
    vertex 19.76992676220833 44.82193412177099 18.50306224387383
    vertex 19.93926122325182 44.20507287082684 19.61379774600261
  endloop
endfacet
facet normal 0.964326 0.264717 -2.28223e-15
  outer loop
    vertex 19.76992676220833 44.82193412177099 18.50306224387383
    vertex 19.60060729400366 45.43874075594515 17.39226342126189
    vertex 19.43061039333791 46.05801517979894 18.50162173369788
  endloop
endfacet
facet normal 0.964326 0.264717 1.36812e-15
  outer loop
    vertex 16.88632771999557 55.32647348983178 12.95834391782387
    vertex 16.54723868304017 56.5617264101693 12.95569400521037
    vertex 16.71616906350333 55.9463371670535 14.06565893871391
  endloop
endfacet
facet normal 0.964326 0.264717 -1.08536e-15
  outer loop
    vertex 18.07413114678232 50.99947529225145 11.85906570818776
    vertex 17.90392075617645 51.61952742945858 12.96608150534233
    vertex 18.24319549880513 50.38359800988266 12.96681937649031
  endloop
endfacet
facet normal 0.964326 0.264717 -2.01874e-15
  outer loop
    vertex 19.43061039333791 46.05801517979894 18.50162173369788
    vertex 19.26061454453088 46.67728577188172 19.61106055583778
    vertex 19.59994778360524 45.44114325811084 19.61240068311968
  endloop
endfacet
facet normal 0.964326 0.264717 3.51992e-16
  outer loop
    vertex 20.61836202024152 41.73120568179294 17.39705044826602
    vertex 20.95740984403447 40.49610289511863 17.39917464853715
    vertex 20.78827413657976 41.11224011513222 16.28993376253305
  endloop
endfacet
facet normal 0.964326 0.264717 6.44015e-16
  outer loop
    vertex 20.44843050403998 42.35024191938429 18.5058761357682
    vertex 20.10920987631156 43.58597420610921 18.5044774136602
    vertex 20.27850562047553 42.96925399522618 19.61503398958051
  endloop
endfacet
facet normal 0.964326 0.264717 -1.37354e-16
  outer loop
    vertex 17.06008324548173 54.6935069327036 7.428444597119721
    vertex 17.39940480185021 53.45740697736129 7.431002120828219
    vertex 17.23671984548566 54.05004503268931 6.326264824681816
  endloop
endfacet
facet normal 0.964326 0.264717 -2.24339e-15
  outer loop
    vertex 19.76992676220833 44.82193412177099 18.50306224387383
    vertex 19.93991146593732 44.20270412961538 17.39379664942004
    vertex 19.60060729400366 45.43874075594515 17.39226342126189
  endloop
endfacet
facet normal 0.964326 0.264717 1.12198e-15
  outer loop
    vertex 20.27916639682489 42.9668468813821 17.39536875895525
    vertex 20.4491646339149 42.34756758912564 16.28642522845233
    vertex 20.10989284728701 43.58348624041294 16.28460500466834
  endloop
endfacet
facet normal 0.964326 0.264717 -1.84963e-15
  outer loop
    vertex 19.94367097713905 44.18900876738051 8.559664410776683
    vertex 20.11408548089345 43.56821307513235 7.455720731018968
    vertex 19.77471822839567 44.80447949494568 7.451350497867331
  endloop
endfacet
facet normal 0.964326 0.264717 -1.38719e-15
  outer loop
    vertex 17.73487516890001 52.23533635453703 11.85615632072379
    vertex 17.90392075617645 51.61952742945858 12.96608150534233
    vertex 18.07413114678232 50.99947529225145 11.85906570818776
  endloop
endfacet
facet normal 0.964326 0.264717 -2.13877e-15
  outer loop
    vertex 17.56469148772697 52.85529119309596 12.96172270824596
    vertex 17.22548881863911 54.09095805905888 12.96094126758021
    vertex 17.39509469869523 53.47310806742586 14.0652484299095
  endloop
endfacet
facet normal 0.964326 0.264717 6.43735e-16
  outer loop
    vertex 19.93926122325182 44.20507287082684 19.61379774600261
    vertex 19.76992676220833 44.82193412177099 18.50306224387383
    vertex 19.59994778360524 45.44114325811084 19.61240068311968
  endloop
endfacet
facet normal 0.964326 0.264717 -1.85312e-15
  outer loop
    vertex 19.76992676220833 44.82193412177099 18.50306224387383
    vertex 19.43061039333791 46.05801517979894 18.50162173369788
    vertex 19.59994778360524 45.44114325811084 19.61240068311968
  endloop
endfacet
facet normal 0.964326 0.264717 -1.46473e-15
  outer loop
    vertex 22.47977869944944 34.95033063610695 14.0999604096201
    vertex 22.14269344662225 36.17828405712027 14.09820598349814
    vertex 22.31105580396829 35.564964041074 15.20028114007305
  endloop
endfacet
facet normal 0.964326 0.264717 -3.2075e-15
  outer loop
    vertex 17.05647979087659 54.70663380305091 11.85013342591729
    vertex 17.39565924657407 53.47105150015295 11.85352078970895
    vertex 17.22674345969665 54.0863875809207 10.74424305327807
  endloop
endfacet
facet normal 0.964326 0.264717 -4.48335e-16
  outer loop
    vertex 15.35939646078494 60.88886593409904 18.48329507533333
    vertex 15.02009278496102 62.12490075317193 18.47638330090355
    vertex 15.18949597889744 61.50778911811783 19.59071884886448
  endloop
endfacet
facet normal 0.964326 0.264717 0
  outer loop
    vertex 17.73487516890001 52.23533635453703 11.85615632072379
    vertex 17.56469148772697 52.85529119309596 12.96172270824596
    vertex 17.90392075617645 51.61952742945858 12.96608150534233
  endloop
endfacet
facet normal 0.964326 0.264717 2.55958e-15
  outer loop
    vertex 14.00672181721884 65.81646642137558 16.24255906453599
    vertex 14.34464893453748 64.58544620828623 16.24521157532013
    vertex 14.17622873247229 65.19897694438087 15.13959976064441
  endloop
endfacet
facet normal 0.964326 0.264717 1.56546e-15
  outer loop
    vertex 17.39565924657407 53.47105150015295 11.85352078970895
    vertex 17.56469148772697 52.85529119309596 12.96172270824596
    vertex 17.73487516890001 52.23533635453703 11.85615632072379
  endloop
endfacet
facet normal 0.964326 0.264717 2.36588e-15
  outer loop
    vertex 17.39565924657407 53.47105150015295 11.85352078970895
    vertex 17.22548881863911 54.09095805905888 12.96094126758021
    vertex 17.56469148772697 52.85529119309596 12.96172270824596
  endloop
endfacet
facet normal 0.964326 0.264717 -1.78221e-15
  outer loop
    vertex 16.71606313629693 55.94672304473396 18.48976677636011
    vertex 16.37681856390909 57.18254255843251 18.48291323993129
    vertex 16.55832308670468 56.52134751110572 19.6410530388803
  endloop
endfacet
facet normal 0.964326 0.264717 -1.97386e-15
  outer loop
    vertex 16.37829097686881 57.17717876836495 11.8453000199368
    vertex 16.71735276561577 55.94202510935819 11.84770842390295
    vertex 16.54834774741605 56.55768624708574 10.73769347443639
  endloop
endfacet
facet normal 0.964326 0.264717 -3.19042e-15
  outer loop
    vertex 20.28328793760095 42.95183269712648 8.562375647099211
    vertex 20.11408548089345 43.56821307513235 7.455720731018968
    vertex 19.94367097713905 44.18900876738051 8.559664410776683
  endloop
endfacet
facet normal 0.964326 0.264717 1.32668e-15
  outer loop
    vertex 19.7706209953557 44.8194051295913 16.28296766677629
    vertex 19.93991146593732 44.20270412961538 17.39379664942004
    vertex 20.10989284728701 43.58348624041294 16.28460500466834
  endloop
endfacet
facet normal 0.964326 0.264717 -6.04809e-16
  outer loop
    vertex 20.10920987631156 43.58597420610921 18.5044774136602
    vertex 19.93991146593732 44.20270412961538 17.39379664942004
    vertex 19.76992676220833 44.82193412177099 18.50306224387383
  endloop
endfacet
facet normal 0.964326 0.264717 3.2812e-15
  outer loop
    vertex 17.05647979087659 54.70663380305091 11.85013342591729
    vertex 17.22548881863911 54.09095805905888 12.96094126758021
    vertex 17.39565924657407 53.47105150015295 11.85352078970895
  endloop
endfacet
facet normal 0.964326 0.264717 3.93315e-16
  outer loop
    vertex 16.38153461852568 57.16536264518638 7.422445357035643
    vertex 16.72078051838004 55.9295382957169 7.425249484689433
    vertex 16.55809028245592 56.5221955837262 6.322602518898304
  endloop
endfacet
facet normal 0.964326 0.264717 -1.60358e-15
  outer loop
    vertex 21.29576853423393 39.26351052367776 19.61705947055154
    vertex 21.12653855399865 39.8799911659634 18.50869902135151
    vertex 20.95675926894259 40.49847284723904 19.61686267431818
  endloop
endfacet
facet normal 0.964326 0.264717 8.80605e-16
  outer loop
    vertex 16.88632771999557 55.32647348983178 12.95834391782387
    vertex 16.71616906350333 55.9463371670535 14.06565893871391
    vertex 17.05541092086161 54.71052754381975 14.06455459529734
  endloop
endfacet
facet normal 0.964326 0.264717 2.69446e-15
  outer loop
    vertex 17.05647979087659 54.70663380305091 11.85013342591729
    vertex 16.88632771999557 55.32647348983178 12.95834391782387
    vertex 17.22548881863911 54.09095805905888 12.96094126758021
  endloop
endfacet
facet normal 0.964326 0.264717 2.92152e-16
  outer loop
    vertex 20.11408548089345 43.56821307513235 7.455720731018968
    vertex 20.45332363815922 42.33241693080703 7.45870253152042
    vertex 20.28444780329535 42.94760747209683 6.345204140603188
  endloop
endfacet
facet normal 0.964326 0.264717 7.2198e-16
  outer loop
    vertex 20.10920987631156 43.58597420610921 18.5044774136602
    vertex 20.27916639682489 42.9668468813821 17.39536875895525
    vertex 19.93991146593732 44.20270412961538 17.39379664942004
  endloop
endfacet
facet normal 0.964326 0.264717 -2.21402e-15
  outer loop
    vertex 17.39509469869523 53.47310806742586 14.0652484299095
    vertex 17.22548881863911 54.09095805905888 12.96094126758021
    vertex 17.05541092086161 54.71052754381975 14.06455459529734
  endloop
endfacet
facet normal 0.964326 0.264717 9.69426e-16
  outer loop
    vertex 13.50136973907536 67.65739184889824 15.13522580412035
    vertex 13.16456916728195 68.88430821757426 15.13237352849556
    vertex 13.3320436076333 68.27422275629434 16.23644963841967
  endloop
endfacet
facet normal 0.964326 0.264717 1.99087e-15
  outer loop
    vertex 20.27916639682489 42.9668468813821 17.39536875895525
    vertex 20.61836202024152 41.73120568179294 17.39705044826602
    vertex 20.4491646339149 42.34756758912564 16.28642522845233
  endloop
endfacet
facet normal 0.964326 0.264717 2.73179e-16
  outer loop
    vertex 20.10920987631156 43.58597420610921 18.5044774136602
    vertex 19.93926122325182 44.20507287082684 19.61379774600261
    vertex 20.27850562047553 42.96925399522618 19.61503398958051
  endloop
endfacet
facet normal 0.964326 0.264717 -6.06266e-16
  outer loop
    vertex 17.05534177692295 54.7107794253106 18.49105492807373
    vertex 16.71606313629693 55.94672304473396 18.48976677636011
    vertex 16.89175084873391 55.30671780657067 19.63347618751809
  endloop
endfacet
facet normal 0.964326 0.264717 2.66149e-15
  outer loop
    vertex 16.20821562592315 57.7967389753813 12.9529182988435
    vertex 15.86927733784506 59.03144273909433 12.94954263768701
    vertex 16.03805915958893 58.41659467417023 14.0589326310168
  endloop
endfacet
facet normal 0.964326 0.264717 -3.52754e-15
  outer loop
    vertex 20.28328793760095 42.95183269712648 8.562375647099211
    vertex 20.45332363815922 42.33241693080703 7.45870253152042
    vertex 20.11408548089345 43.56821307513235 7.455720731018968
  endloop
endfacet
facet normal 0.964326 0.264717 4.49158e-16
  outer loop
    vertex 16.71735276561577 55.94202510935819 11.84770842390295
    vertex 16.88632771999557 55.32647348983178 12.95834391782387
    vertex 17.05647979087659 54.70663380305091 11.85013342591729
  endloop
endfacet
facet normal 0.964326 0.264717 3.90052e-17
  outer loop
    vertex 20.98312839543878 40.40241388643152 21.88966188441801
    vertex 20.81355216685068 41.02015586200243 20.77941678867191
    vertex 20.64376842620416 41.63865377435759 21.88945974233021
  endloop
endfacet
facet normal 0.964326 0.264717 9.56857e-16
  outer loop
    vertex 20.78755081194465 41.11487508344582 18.50727001810252
    vertex 20.44843050403998 42.35024191938429 18.5058761357682
    vertex 20.61775006425931 41.73343495001386 19.61607201130876
  endloop
endfacet
facet normal 0.964326 0.264717 -8.60777e-16
  outer loop
    vertex 12.83305948864361 70.0919506183282 6.320174250752314
    vertex 12.66058647504865 70.72024516785268 7.428263935929245
    vertex 13.00042195008905 69.48227308020552 7.422491913559357
  endloop
endfacet
facet normal 0.964326 0.264717 -8.23467e-16
  outer loop
    vertex 17.22548881863911 54.09095805905888 12.96094126758021
    vertex 16.88632771999557 55.32647348983178 12.95834391782387
    vertex 17.05541092086161 54.71052754381975 14.06455459529734
  endloop
endfacet
facet normal 0.964326 0.264717 8.55474e-16
  outer loop
    vertex 16.03760981033232 58.41823158931931 18.48036281597275
    vertex 15.69846026038434 59.6537049498441 18.48392901510402
    vertex 15.87628032199724 59.00593186825426 19.5963191897575
  endloop
endfacet
facet normal 0.964326 0.264717 -1.36824e-16
  outer loop
    vertex 21.12653855399865 39.8799911659634 18.50869902135151
    vertex 20.78755081194465 41.11487508344582 18.50727001810252
    vertex 20.95675926894259 40.49847284723904 19.61686267431818
  endloop
endfacet
facet normal 0.964326 0.264717 -6.37226e-16
  outer loop
    vertex 23.3256582584552 31.86891224258598 6.405669694222367
    vertex 23.49251007052192 31.26109492720008 7.50591420806593
    vertex 23.66161356579673 30.64507505155612 6.409657004646458
  endloop
endfacet
facet normal 0.964326 0.264717 4.3014e-16
  outer loop
    vertex 16.71616906350333 55.9463371670535 14.06565893871391
    vertex 16.54723868304017 56.5617264101693 12.95569400521037
    vertex 16.3771017452387 57.18151096930324 14.06232738749969
  endloop
endfacet
facet normal 0.964326 0.264717 -5.76216e-16
  outer loop
    vertex 16.71735276561577 55.94202510935819 11.84770842390295
    vertex 16.54723868304017 56.5617264101693 12.95569400521037
    vertex 16.88632771999557 55.32647348983178 12.95834391782387
  endloop
endfacet
facet normal 0.964326 0.264717 -2.84554e-15
  outer loop
    vertex 17.05647979087659 54.70663380305091 11.85013342591729
    vertex 17.22674345969665 54.0863875809207 10.74424305327807
    vertex 16.88747104814348 55.32230850872153 10.74135106808567
  endloop
endfacet
facet normal 0.964326 0.264717 -1.06153e-15
  outer loop
    vertex 20.96121225276265 40.48225126332311 8.569671296185316
    vertex 20.62244043504651 41.71634859928906 8.567335352231446
    vertex 20.79164917316259 41.09994533900905 9.67178157998449
  endloop
endfacet
facet normal 0.964326 0.264717 -6.11096e-16
  outer loop
    vertex 15.70319281961307 59.63646491265375 7.416399746295167
    vertex 16.04233623084744 58.40101391458568 7.419238209753285
    vertex 15.87956998341519 58.99394810166029 6.318868530001051
  endloop
endfacet
facet normal 0.964326 0.264717 4.48879e-16
  outer loop
    vertex 20.44843050403998 42.35024191938429 18.5058761357682
    vertex 20.27916639682489 42.9668468813821 17.39536875895525
    vertex 20.10920987631156 43.58597420610921 18.5044774136602
  endloop
endfacet
facet normal 0.964326 0.264717 4.55939e-16
  outer loop
    vertex 22.48226637863784 34.94126837620635 9.689614233870854
    vertex 22.81881152956592 33.71528246925407 9.694283672797454
    vertex 22.65149944747096 34.32477648259999 8.590651403069536
  endloop
endfacet
facet normal 0.964326 0.264717 1.56964e-15
  outer loop
    vertex 13.49760611405203 67.67110219719753 19.54412353302116
    vertex 13.32972573190293 68.28266644645498 18.4436625604457
    vertex 13.15990495567203 68.90129927415325 19.56108608308191
  endloop
endfacet
facet normal 0.964326 0.264717 -4.704e-16
  outer loop
    vertex 16.71606313629693 55.94672304473396 18.48976677636011
    vertex 16.55832308670468 56.52134751110572 19.6410530388803
    vertex 16.89175084873391 55.30671780657067 19.63347618751809
  endloop
endfacet
facet normal 0.964326 0.264717 -1.36854e-15
  outer loop
    vertex 16.54834774741605 56.55768624708574 10.73769347443639
    vertex 16.71735276561577 55.94202510935819 11.84770842390295
    vertex 16.88747104814348 55.32230850872153 10.74135106808567
  endloop
endfacet
facet normal 0.964326 0.264717 -2.76146e-15
  outer loop
    vertex 20.62244043504651 41.71634859928906 8.567335352231446
    vertex 20.45332363815922 42.33241693080703 7.45870253152042
    vertex 20.28328793760095 42.95183269712648 8.562375647099211
  endloop
endfacet
facet normal 0.964326 0.264717 -1.54338e-15
  outer loop
    vertex 16.37829097686881 57.17717876836495 11.8453000199368
    vertex 16.54723868304017 56.5617264101693 12.95569400521037
    vertex 16.71735276561577 55.94202510935819 11.84770842390295
  endloop
endfacet
facet normal 0.964326 0.264717 -1.42597e-15
  outer loop
    vertex 13.33601338143309 68.25976143745224 9.624417631157025
    vertex 12.99875575310783 69.48834279777995 9.623781742862864
    vertex 13.1672406157235 68.87457651253719 10.72409936912833
  endloop
endfacet
facet normal 0.964326 0.264717 1.54458e-15
  outer loop
    vertex 21.30181562623227 39.24148183139809 6.357217735083615
    vertex 21.47037455422179 38.6274457365791 7.467971689650021
    vertex 21.64130219214162 38.00478076987118 6.364894955963805
  endloop
endfacet
facet normal 0.964326 0.264717 2.84243e-15
  outer loop
    vertex 23.15222354510458 32.50071012693465 14.1104605379363
    vertex 22.98458366435708 33.11139826394341 13.00743940255107
    vertex 22.81626636761885 33.72455413063267 14.10492255033702
  endloop
endfacet
facet normal 0.964326 0.264717 -2.78472e-15
  outer loop
    vertex 16.37829097686881 57.17717876836495 11.8453000199368
    vertex 16.20821562592315 57.7967389753813 12.9529182988435
    vertex 16.54723868304017 56.5617264101693 12.95569400521037
  endloop
endfacet
facet normal 0.964326 0.264717 -8.21573e-16
  outer loop
    vertex 16.71735276561577 55.94202510935819 11.84770842390295
    vertex 17.05647979087659 54.70663380305091 11.85013342591729
    vertex 16.88747104814348 55.32230850872153 10.74135106808567
  endloop
endfacet
facet normal 0.964326 0.264717 -8.08079e-16
  outer loop
    vertex 13.66743230569851 67.05244964191392 18.44740160379789
    vertex 13.49958063592379 67.66390929609325 17.34166162635202
    vertex 13.32972573190293 68.28266644645498 18.4436625604457
  endloop
endfacet
facet normal 0.964326 0.264717 -5.96543e-17
  outer loop
    vertex 14.34766599662214 64.57445548212068 7.403941953413518
    vertex 14.68630216478725 63.34085229809065 7.407228004615534
    vertex 14.52141510558149 63.94151229948308 6.31449302877482
  endloop
endfacet
facet normal 0.964326 0.264717 2.25146e-15
  outer loop
    vertex 20.95740984403447 40.49610289511863 17.39917464853715
    vertex 21.29631378937128 39.26152423710597 17.40304481214768
    vertex 21.12743294884853 39.87673301329599 16.29375519605954
  endloop
endfacet
facet normal 0.964326 0.264717 -9.60213e-16
  outer loop
    vertex 15.02320158222146 62.11357584886603 11.83597840397765
    vertex 15.36171883855602 60.88040584364728 11.83836805786252
    vertex 15.19288115495359 61.49545740534184 10.72958411821223
  endloop
endfacet
facet normal 0.964326 0.264717 -9.6626e-16
  outer loop
    vertex 20.44843050403998 42.35024191938429 18.5058761357682
    vertex 20.61836202024152 41.73120568179294 17.39705044826602
    vertex 20.27916639682489 42.9668468813821 17.39536875895525
  endloop
endfacet
facet normal 0.964326 0.264717 1.33032e-15
  outer loop
    vertex 16.20821562592315 57.7967389753813 12.9529182988435
    vertex 16.03805915958893 58.41659467417023 14.0589326310168
    vertex 16.3771017452387 57.18151096930324 14.06232738749969
  endloop
endfacet
facet normal 0.964326 0.264717 -1.35044e-15
  outer loop
    vertex 15.70043442708291 59.64651334258505 11.84055176181096
    vertex 16.03931190386366 58.41203110574087 11.84283740879201
    vertex 15.87037557141865 59.02744203107626 10.73389335218239
  endloop
endfacet
facet normal 0.964326 0.264717 -1.44649e-15
  outer loop
    vertex 16.03931190386366 58.41203110574087 11.84283740879201
    vertex 16.20821562592315 57.7967389753813 12.9529182988435
    vertex 16.37829097686881 57.17717876836495 11.8453000199368
  endloop
endfacet
facet normal 0.964326 0.264717 -2.34711e-16
  outer loop
    vertex 16.54723868304017 56.5617264101693 12.95569400521037
    vertex 16.20821562592315 57.7967389753813 12.9529182988435
    vertex 16.3771017452387 57.18151096930324 14.06232738749969
  endloop
endfacet
facet normal 0.964326 0.264717 -1.48695e-15
  outer loop
    vertex 20.62244043504651 41.71634859928906 8.567335352231446
    vertex 20.79245960593162 41.09699304820759 7.461323324450636
    vertex 20.45332363815922 42.33241693080703 7.45870253152042
  endloop
endfacet
facet normal 0.964326 0.264717 3.07498e-15
  outer loop
    vertex 15.18949597889744 61.50778911811783 19.59071884886448
    vertex 14.85048705126539 62.74275021163457 19.5858140584891
    vertex 15.02155839567373 62.11956174271847 20.69485799153267
  endloop
endfacet
facet normal 0.964326 0.264717 1.36903e-16
  outer loop
    vertex 16.03931190386366 58.41203110574087 11.84283740879201
    vertex 15.86927733784506 59.03144273909433 12.94954263768701
    vertex 16.20821562592315 57.7967389753813 12.9529182988435
  endloop
endfacet
facet normal 0.964326 0.264717 -3.61713e-16
  outer loop
    vertex 16.37829097686881 57.17717876836495 11.8453000199368
    vertex 16.54834774741605 56.55768624708574 10.73769347443639
    vertex 16.20931993009727 57.79271615303273 10.73607264969179
  endloop
endfacet
facet normal 0.964326 0.264717 1.36775e-15
  outer loop
    vertex 20.4491646339149 42.34756758912564 16.28642522845233
    vertex 20.61836202024152 41.73120568179294 17.39705044826602
    vertex 20.78827413657976 41.11224011513222 16.28993376253305
  endloop
endfacet
facet normal 0.964326 0.264717 -4.94068e-16
  outer loop
    vertex 15.02515486938828 62.10646030275832 7.41026870237397
    vertex 15.36412806795745 60.87162936511349 7.413244590580904
    vertex 15.20121982844876 61.465080809038 6.31503234389551
  endloop
endfacet
facet normal 0.964326 0.264717 -1.75939e-16
  outer loop
    vertex 14.51539678954084 63.9634361650597 10.72234323688881
    vertex 14.68481950054302 63.34625343212321 11.83373464796565
    vertex 14.85420416046188 62.72920931384733 10.72647444416377
  endloop
endfacet
facet normal 0.964326 0.264717 -1.24975e-15
  outer loop
    vertex 20.78755081194465 41.11487508344582 18.50727001810252
    vertex 20.61836202024152 41.73120568179294 17.39705044826602
    vertex 20.44843050403998 42.35024191938429 18.5058761357682
  endloop
endfacet
facet normal 0.964326 0.264717 -6.92794e-16
  outer loop
    vertex 22.31302789853172 35.55777998230721 10.7899770332642
    vertex 22.64978925421275 34.33100647232634 10.79370113060422
    vertex 22.48226637863784 34.94126837620635 9.689614233870854
  endloop
endfacet
facet normal 0.964326 0.264717 1.36995e-16
  outer loop
    vertex 15.70043442708291 59.64651334258505 11.84055176181096
    vertex 15.86927733784506 59.03144273909433 12.94954263768701
    vertex 16.03931190386366 58.41203110574087 11.84283740879201
  endloop
endfacet
facet normal 0.964326 0.264717 1.80216e-15
  outer loop
    vertex 20.96121225276265 40.48225126332311 8.569671296185316
    vertex 20.79245960593162 41.09699304820759 7.461323324450636
    vertex 20.62244043504651 41.71634859928906 8.567335352231446
  endloop
endfacet
facet normal 0.964326 0.264717 -2.64465e-15
  outer loop
    vertex 14.68481950054302 63.34625343212321 11.83373464796565
    vertex 15.02320158222146 62.11357584886603 11.83597840397765
    vertex 14.85420416046188 62.72920931384733 10.72647444416377
  endloop
endfacet
facet normal 0.964326 0.264717 -1.96564e-17
  outer loop
    vertex 15.19178085141134 61.49946565396002 12.94441841275258
    vertex 14.85341679278019 62.73207758183064 12.94089445874084
    vertex 15.02179240275817 62.11870928833943 14.04734943985313
  endloop
endfacet
facet normal 0.964326 0.264717 -1.33024e-15
  outer loop
    vertex 16.03931190386366 58.41203110574087 11.84283740879201
    vertex 16.37829097686881 57.17717876836495 11.8453000199368
    vertex 16.20931993009727 57.79271615303273 10.73607264969179
  endloop
endfacet
facet normal 0.964326 0.264717 1.33119e-15
  outer loop
    vertex 15.70043442708291 59.64651334258505 11.84055176181096
    vertex 15.53040147089971 60.26591911153812 12.94664175448323
    vertex 15.86927733784506 59.03144273909433 12.94954263768701
  endloop
endfacet
facet normal 0.964326 0.264717 -1.07478e-15
  outer loop
    vertex 15.35939646078494 60.88886593409904 18.48329507533333
    vertex 15.18949597889744 61.50778911811783 19.59071884886448
    vertex 15.53101786833504 60.26367366373798 19.5977666326306
  endloop
endfacet
facet normal 0.964326 0.264717 7.33725e-16
  outer loop
    vertex 22.6477521831966 34.33842723102802 15.20277076454575
    vertex 22.31105580396829 35.564964041074 15.20028114007305
    vertex 22.47916168374826 34.95257833616125 16.3019534702636
  endloop
endfacet
facet normal 0.964326 0.264717 1.16195e-15
  outer loop
    vertex 22.14705064978395 36.16241138845982 7.476314545011569
    vertex 22.48438915372038 34.93353540983423 7.482879399501636
    vertex 22.31691931640498 35.54360410291179 6.373681212498522
  endloop
endfacet
facet normal 0.964326 0.264717 -2.13278e-15
  outer loop
    vertex 15.87037557141865 59.02744203107626 10.73389335218239
    vertex 16.03931190386366 58.41203110574087 11.84283740879201
    vertex 16.20931993009727 57.79271615303273 10.73607264969179
  endloop
endfacet
facet normal 0.964326 0.264717 5.17794e-16
  outer loop
    vertex 20.78755081194465 41.11487508344582 18.50727001810252
    vertex 20.61775006425931 41.73343495001386 19.61607201130876
    vertex 20.95675926894259 40.49847284723904 19.61686267431818
  endloop
endfacet
facet normal 0.964326 0.264717 -1.11366e-15
  outer loop
    vertex 20.78755081194465 41.11487508344582 18.50727001810252
    vertex 20.95740984403447 40.49610289511863 17.39917464853715
    vertex 20.61836202024152 41.73120568179294 17.39705044826602
  endloop
endfacet
facet normal 0.964326 0.264717 3.03629e-15
  outer loop
    vertex 20.96121225276265 40.48225126332311 8.569671296185316
    vertex 21.13148938693985 39.86195598882044 7.46538433869152
    vertex 20.79245960593162 41.09699304820759 7.461323324450636
  endloop
endfacet
facet normal 0.964326 0.264717 2.34966e-16
  outer loop
    vertex 15.53282733326215 60.25708204150351 8.517677366869343
    vertex 15.19386568247441 61.4918709122303 8.51447613145605
    vertex 15.36272486277596 60.87674104113179 9.623094999424282
  endloop
endfacet
facet normal 0.964326 0.264717 -5.7353e-17
  outer loop
    vertex 15.87628032199724 59.00593186825426 19.5963191897575
    vertex 15.69846026038434 59.6537049498441 18.48392901510402
    vertex 15.53101786833504 60.26367366373798 19.5977666326306
  endloop
endfacet
facet normal 0.964326 0.264717 -8.16876e-16
  outer loop
    vertex 15.69846026038434 59.6537049498441 18.48392901510402
    vertex 15.35939646078494 60.88886593409904 18.48329507533333
    vertex 15.53101786833504 60.26367366373798 19.5977666326306
  endloop
endfacet
facet normal 0.964326 0.264717 2.52735e-15
  outer loop
    vertex 15.36171883855602 60.88040584364728 11.83836805786252
    vertex 15.53040147089971 60.26591911153812 12.94664175448323
    vertex 15.70043442708291 59.64651334258505 11.84055176181096
  endloop
endfacet
facet normal 0.964326 0.264717 -1.56589e-15
  outer loop
    vertex 21.46531900130734 38.64586239362462 18.5094040845112
    vertex 21.12653855399865 39.8799911659634 18.50869902135151
    vertex 21.29576853423393 39.26351052367776 19.61705947055154
  endloop
endfacet
facet normal 0.964326 0.264717 -5.09233e-16
  outer loop
    vertex 15.19288115495359 61.49545740534184 10.72958411821223
    vertex 15.36171883855602 60.88040584364728 11.83836805786252
    vertex 15.53156615417672 60.26167633674331 10.73190934988487
  endloop
endfacet
facet normal 0.964326 0.264717 2.18387e-15
  outer loop
    vertex 14.17622873247229 65.19897694438087 15.13959976064441
    vertex 14.34464893453748 64.58544620828623 16.24521157532013
    vertex 14.51428193309989 63.96749742780889 15.14144033497251
  endloop
endfacet
facet normal 0.964326 0.264717 1.17653e-15
  outer loop
    vertex 15.18949597889744 61.50778911811783 19.59071884886448
    vertex 15.02155839567373 62.11956174271847 20.69485799153267
    vertex 15.36169314987336 60.88049942384838 20.70834128461632
  endloop
endfacet
facet normal 0.964326 0.264717 -1.11543e-15
  outer loop
    vertex 15.36000724590479 60.88664093116247 16.26560022842747
    vertex 15.52934369120843 60.26977245184207 15.15959237084891
    vertex 15.19051475066909 61.50407787809253 15.15538113578931
  endloop
endfacet
facet normal 0.964326 0.264717 -2.04628e-15
  outer loop
    vertex 13.00042195008905 69.48227308020552 7.422491913559357
    vertex 12.83074936273734 70.10036607698675 8.52345468373939
    vertex 13.16836821155813 68.87046884199673 8.52298846208063
  endloop
endfacet
facet normal 0.964326 0.264717 2.26354e-15
  outer loop
    vertex 15.36171883855602 60.88040584364728 11.83836805786252
    vertex 15.19178085141134 61.49946565396002 12.94441841275258
    vertex 15.53040147089971 60.26591911153812 12.94664175448323
  endloop
endfacet
facet normal 0.964326 0.264717 1.06041e-15
  outer loop
    vertex 12.1518650276506 72.5734447262313 15.14727193886181
    vertex 12.48871951060984 71.34633196687979 15.14696716235925
    vertex 12.32134129635609 71.95606689023275 14.05695396679292
  endloop
endfacet
facet normal 0.964326 0.264717 1.35176e-16
  outer loop
    vertex 15.18949597889744 61.50778911811783 19.59071884886448
    vertex 15.36169314987336 60.88049942384838 20.70834128461632
    vertex 15.53101786833504 60.26367366373798 19.5977666326306
  endloop
endfacet
facet normal 0.964326 0.264717 -9.69121e-16
  outer loop
    vertex 15.70043442708291 59.64651334258505 11.84055176181096
    vertex 15.87037557141865 59.02744203107626 10.73389335218239
    vertex 15.53156615417672 60.26167633674331 10.73190934988487
  endloop
endfacet
facet normal 0.964326 0.264717 1.25592e-15
  outer loop
    vertex 15.36169314987336 60.88049942384838 20.70834128461632
    vertex 15.02155839567373 62.11956174271847 20.69485799153267
    vertex 15.20211936880277 61.4618039120341 21.83718929976639
  endloop
endfacet
facet normal 0.964326 0.264717 1.85442e-15
  outer loop
    vertex 23.65001338779844 30.68733284283561 19.58727982141836
    vertex 23.48665026689858 31.2824413546851 20.69597263522691
    vertex 23.822447017506 30.05918176318661 20.69683619269345
  endloop
endfacet
facet normal 0.964326 0.264717 5.68228e-16
  outer loop
    vertex 21.30020571265151 39.24734651658511 8.573391505760004
    vertex 21.13148938693985 39.86195598882044 7.46538433869152
    vertex 20.96121225276265 40.48225126332311 8.569671296185316
  endloop
endfacet
facet normal 0.964326 0.264717 -7.42804e-16
  outer loop
    vertex 21.12653855399865 39.8799911659634 18.50869902135151
    vertex 20.95740984403447 40.49610289511863 17.39917464853715
    vertex 20.78755081194465 41.11487508344582 18.50727001810252
  endloop
endfacet
facet normal 0.964326 0.264717 -7.87543e-16
  outer loop
    vertex 22.47902158234044 34.95308870557544 18.50855289615257
    vertex 22.14161872308265 36.18219912144311 18.51018122825202
    vertex 22.31029905097066 35.5677207841368 19.61540293178167
  endloop
endfacet
facet normal 0.964326 0.264717 2.52869e-15
  outer loop
    vertex 15.02320158222146 62.11357584886603 11.83597840397765
    vertex 15.19178085141134 61.49946565396002 12.94441841275258
    vertex 15.36171883855602 60.88040584364728 11.83836805786252
  endloop
endfacet
facet normal 0.964326 0.264717 7.82712e-17
  outer loop
    vertex 14.34637127324762 64.57917197441358 11.82980588947098
    vertex 14.68481950054302 63.34625343212321 11.83373464796565
    vertex 14.51539678954084 63.9634361650597 10.72234323688881
  endloop
endfacet
facet normal 0.964326 0.264717 9.77091e-16
  outer loop
    vertex 21.13148938693985 39.86195598882044 7.46538433869152
    vertex 21.47037455422179 38.6274457365791 7.467971689650021
    vertex 21.30181562623227 39.24148183139809 6.357217735083615
  endloop
endfacet
facet normal 0.964326 0.264717 -5.87561e-16
  outer loop
    vertex 15.36171883855602 60.88040584364728 11.83836805786252
    vertex 15.70043442708291 59.64651334258505 11.84055176181096
    vertex 15.53156615417672 60.26167633674331 10.73190934988487
  endloop
endfacet
facet normal 0.964326 0.264717 1.82257e-15
  outer loop
    vertex 14.51272245473022 63.97317838472698 17.35365622300234
    vertex 14.17490362356001 65.20380412684705 17.34910724041278
    vertex 14.34320565668943 64.59070386330413 18.46118050065111
  endloop
endfacet
facet normal 0.964326 0.264717 3.38465e-15
  outer loop
    vertex 15.02320158222146 62.11357584886603 11.83597840397765
    vertex 14.85341679278019 62.73207758183064 12.94089445874084
    vertex 15.19178085141134 61.49946565396002 12.94441841275258
  endloop
endfacet
facet normal 0.964326 0.264717 2.81216e-15
  outer loop
    vertex 13.66743230569851 67.05244964191392 18.44740160379789
    vertex 13.32972573190293 68.28266644645498 18.4436625604457
    vertex 13.49760611405203 67.67110219719753 19.54412353302116
  endloop
endfacet
facet normal 0.964326 0.264717 -1.35376e-15
  outer loop
    vertex 23.49456522353229 31.25360829837658 5.308819708148945
    vertex 23.66161356579673 30.64507505155612 6.409657004646458
    vertex 23.83798922613587 30.00256371746353 5.297673249796754
  endloop
endfacet
facet normal 0.964326 0.264717 -2.86855e-15
  outer loop
    vertex 15.02320158222146 62.11357584886603 11.83597840397765
    vertex 15.19288115495359 61.49545740534184 10.72958411821223
    vertex 14.85420416046188 62.72920931384733 10.72647444416377
  endloop
endfacet
facet normal 0.964326 0.264717 -9.69722e-16
  outer loop
    vertex 21.30020571265151 39.24734651658511 8.573391505760004
    vertex 21.47037455422179 38.6274457365791 7.467971689650021
    vertex 21.13148938693985 39.86195598882044 7.46538433869152
  endloop
endfacet
facet normal 0.964326 0.264717 1.44244e-15
  outer loop
    vertex 13.83996109000181 66.4239519276662 12.9325643352278
    vertex 13.5027683040318 67.65229707655693 12.93053529700262
    vertex 13.67066224416582 67.04068343749728 14.03429956497245
  endloop
endfacet
facet normal 0.964326 0.264717 -6.3423e-16
  outer loop
    vertex 12.48746877947256 71.35088820173704 17.33891432593431
    vertex 12.65488880316177 70.74100097258348 18.44075741894162
    vertex 12.82417681893192 70.12430891513506 17.3406399023297
  endloop
endfacet
facet normal 0.964326 0.264717 -1.18667e-16
  outer loop
    vertex 13.67185191977983 67.03634961918908 11.82894107976462
    vertex 13.33515290273452 68.26289603842558 11.82544852326243
    vertex 13.5027683040318 67.65229707655693 12.93053529700262
  endloop
endfacet
facet normal 0.964326 0.264717 9.7958e-16
  outer loop
    vertex 22.31691931640498 35.54360410291179 6.373681212498522
    vertex 22.65408560412228 34.31535548337018 6.382350257708946
    vertex 22.48888789204704 34.91714714878712 5.265812902834115
  endloop
endfacet
facet normal 0.964326 0.264717 5.35409e-16
  outer loop
    vertex 13.50393842562063 67.64803449076905 10.72590645755911
    vertex 13.1672406157235 68.87457651253719 10.72409936912833
    vertex 13.33515290273452 68.26289603842558 11.82544852326243
  endloop
endfacet
facet normal 0.964326 0.264717 6.65509e-16
  outer loop
    vertex 21.12653855399865 39.8799911659634 18.50869902135151
    vertex 21.29631378937128 39.26152423710597 17.40304481214768
    vertex 20.95740984403447 40.49610289511863 17.39917464853715
  endloop
endfacet
facet normal 0.964326 0.264717 1.83486e-16
  outer loop
    vertex 12.1604554894354 72.54215090115812 12.97697958988583
    vertex 12.48945625291328 71.34364811991723 12.96772427462982
    vertex 12.32331117352871 71.94889090910391 11.87699550379453
  endloop
endfacet
facet normal 0.964326 0.264717 5.96505e-17
  outer loop
    vertex 22.6477521831966 34.33842723102802 15.20277076454575
    vertex 22.98393286217812 33.11376904330962 15.20541418381572
    vertex 22.81626636761885 33.72455413063267 14.10492255033702
  endloop
endfacet
facet normal 0.964326 0.264717 2.1202e-15
  outer loop
    vertex 14.68481950054302 63.34625343212321 11.83373464796565
    vertex 14.85341679278019 62.73207758183064 12.94089445874084
    vertex 15.02320158222146 62.11357584886603 11.83597840397765
  endloop
endfacet
facet normal 0.964326 0.264717 -5.09219e-16
  outer loop
    vertex 15.19288115495359 61.49545740534184 10.72958411821223
    vertex 15.53156615417672 60.26167633674331 10.73190934988487
    vertex 15.36272486277596 60.87674104113179 9.623094999424282
  endloop
endfacet
facet normal 0.964326 0.264717 6.44762e-16
  outer loop
    vertex 14.51272245473022 63.97317838472698 17.35365622300234
    vertex 14.34320565668943 64.59070386330413 18.46118050065111
    vertex 14.68140414469375 63.35869508557411 18.46995733812833
  endloop
endfacet
facet normal 0.964326 0.264717 -8.9033e-17
  outer loop
    vertex 13.16836821155813 68.87046884199673 8.52298846208063
    vertex 12.99875575310783 69.48834279777995 9.623781742862864
    vertex 13.33601338143309 68.25976143745224 9.624417631157025
  endloop
endfacet
facet normal 0.964326 0.264717 -3.36463e-16
  outer loop
    vertex 22.47916168374826 34.95257833616125 16.3019534702636
    vertex 22.31051345306257 35.56693974794484 17.40522284373376
    vertex 22.64721884685041 34.34037009914628 17.40376078492605
  endloop
endfacet
facet normal 0.964326 0.264717 -1.67977e-15
  outer loop
    vertex 13.67185191977983 67.03634961918908 11.82894107976462
    vertex 13.5027683040318 67.65229707655693 12.93053529700262
    vertex 13.83996109000181 66.4239519276662 12.9325643352278
  endloop
endfacet
facet normal 0.964326 0.264717 -1.62685e-15
  outer loop
    vertex 21.63909440882288 38.0128234091037 8.574803792779711
    vertex 21.47037455422179 38.6274457365791 7.467971689650021
    vertex 21.30020571265151 39.24734651658511 8.573391505760004
  endloop
endfacet
facet normal 0.964326 0.264717 6.77109e-16
  outer loop
    vertex 17.39531508040015 53.47230524835793 20.70660045863192
    vertex 17.56380471471051 52.85852158051306 19.60575701651566
    vertex 17.22463539350863 54.09406696489133 19.59987829470299
  endloop
endfacet
facet normal 0.964326 0.264717 -8.73959e-16
  outer loop
    vertex 14.68481950054302 63.34625343212321 11.83373464796565
    vertex 14.51520459971741 63.96413628513078 12.9388575392825
    vertex 14.85341679278019 62.73207758183064 12.94089445874084
  endloop
endfacet
facet normal 0.964326 0.264717 -2.42508e-15
  outer loop
    vertex 13.66918791885811 67.04605419397535 16.23964658698516
    vertex 13.83713134915429 66.43426026932502 17.34515750731268
    vertex 14.00672181721884 65.81646642137558 16.24255906453599
  endloop
endfacet
facet normal 0.964326 0.264717 2.9856e-17
  outer loop
    vertex 21.6581622801467 37.94336187785266 4.131475917450054
    vertex 21.48872216306968 38.56060801863323 5.228815809311293
    vertex 21.81933308688769 37.35623965329619 5.266283148835465
  endloop
endfacet
facet normal 0.964326 0.264717 7.22495e-16
  outer loop
    vertex 17.56380471471051 52.85852158051306 19.60575701651566
    vertex 17.39466817794696 53.47466182158028 18.49343965210776
    vertex 17.22463539350863 54.09406696489133 19.59987829470299
  endloop
endfacet
facet normal 0.964326 0.264717 1.17781e-15
  outer loop
    vertex 12.020288398147 73.05275959085155 9.55256616777768
    vertex 12.16479670917925 72.5263364578055 8.500870480255735
    vertex 11.87579701793356 73.57912104734339 8.380970943297598
  endloop
endfacet
facet normal 0.964326 0.264717 1.99995e-15
  outer loop
    vertex 17.56451828405332 52.85592214933567 15.16979017244514
    vertex 17.39509469869523 53.47310806742586 14.0652484299095
    vertex 17.22522695722834 54.09191198276955 15.16958080348551
  endloop
endfacet
facet normal 0.964326 0.264717 1.33722e-15
  outer loop
    vertex 14.51428193309989 63.96749742780889 15.14144033497251
    vertex 14.34464893453748 64.58544620828623 16.24521157532013
    vertex 14.68222697757119 63.35569762294917 16.25121169284749
  endloop
endfacet
facet normal 0.964326 0.264717 2.35513e-15
  outer loop
    vertex 13.66743230569851 67.05244964191392 18.44740160379789
    vertex 13.49760611405203 67.67110219719753 19.54412353302116
    vertex 13.83529721137295 66.44094177124273 19.54939269736603
  endloop
endfacet
facet normal 0.964326 0.264717 -2.22178e-15
  outer loop
    vertex 14.34464893453748 64.58544620828623 16.24521157532013
    vertex 14.17490362356001 65.20380412684705 17.34910724041278
    vertex 14.51272245473022 63.97317838472698 17.35365622300234
  endloop
endfacet
facet normal 0.964326 0.264717 -9.35898e-16
  outer loop
    vertex 14.00866312458526 65.80939451596932 11.82896356687005
    vertex 14.17747847875223 65.19442429721823 10.72199072236164
    vertex 13.8403445514879 66.42255503225257 10.72373279174667
  endloop
endfacet
facet normal 0.964326 0.264717 -1.23208e-15
  outer loop
    vertex 22.65149944747096 34.32477648259999 8.590651403069536
    vertex 22.98779803408395 33.09968877422411 8.597163391216151
    vertex 22.8209502612613 33.7074913752209 7.494526796297766
  endloop
endfacet
facet normal 0.964326 0.264717 5.67852e-16
  outer loop
    vertex 22.64716205427199 34.34057698639621 19.60980072451385
    vertex 22.31029905097066 35.5677207841368 19.61540293178167
    vertex 22.4819998855046 34.94223917262028 20.72643610677012
  endloop
endfacet
facet normal 0.964326 0.264717 6.07879e-16
  outer loop
    vertex 21.46531900130734 38.64586239362462 18.5094040845112
    vertex 21.29631378937128 39.26152423710597 17.40304481214768
    vertex 21.12653855399865 39.8799911659634 18.50869902135151
  endloop
endfacet
facet normal 0.964326 0.264717 -6.7206e-16
  outer loop
    vertex 13.67185191977983 67.03634961918908 11.82894107976462
    vertex 13.83996109000181 66.4239519276662 12.9325643352278
    vertex 14.00866312458526 65.80939451596932 11.82896356687005
  endloop
endfacet
facet normal 0.964326 0.264717 -9.06945e-16
  outer loop
    vertex 13.83713134915429 66.43426026932502 17.34515750731268
    vertex 13.49958063592379 67.66390929609325 17.34166162635202
    vertex 13.66743230569851 67.05244964191392 18.44740160379789
  endloop
endfacet
facet normal 0.964326 0.264717 -3.61972e-15
  outer loop
    vertex 14.00672181721884 65.81646642137558 16.24255906453599
    vertex 14.17490362356001 65.20380412684705 17.34910724041278
    vertex 14.34464893453748 64.58544620828623 16.24521157532013
  endloop
endfacet
facet normal 0.964326 0.264717 -1.64716e-15
  outer loop
    vertex 14.34637127324762 64.57917197441358 11.82980588947098
    vertex 14.51520459971741 63.96413628513078 12.9388575392825
    vertex 14.68481950054302 63.34625343212321 11.83373464796565
  endloop
endfacet
facet normal 0.964326 0.264717 1.11497e-15
  outer loop
    vertex 15.0208606798122 62.12210342192832 16.26021724214357
    vertex 15.36000724590479 60.88664093116247 16.26560022842747
    vertex 15.19051475066909 61.50407787809253 15.15538113578931
  endloop
endfacet
facet normal 0.964326 0.264717 7.1553e-16
  outer loop
    vertex 17.05534177692295 54.7107794253106 18.49105492807373
    vertex 16.89175084873391 55.30671780657067 19.63347618751809
    vertex 17.22463539350863 54.09406696489133 19.59987829470299
  endloop
endfacet
facet normal 0.964326 0.264717 -2.46023e-16
  outer loop
    vertex 21.8036447252395 37.41339011358603 18.50960146643251
    vertex 21.97310836180667 36.79605829466277 17.40522262146576
    vertex 21.63505771459858 38.02752850949223 17.40539476729743
  endloop
endfacet
facet normal 0.964326 0.264717 -1.89569e-15
  outer loop
    vertex 13.66918791885811 67.04605419397535 16.23964658698516
    vertex 13.3320436076333 68.27422275629434 16.23644963841967
    vertex 13.49958063592379 67.66390929609325 17.34166162635202
  endloop
endfacet
facet normal 0.964326 0.264717 -2.33845e-16
  outer loop
    vertex 13.49760611405203 67.67110219719753 19.54412353302116
    vertex 13.15990495567203 68.90129927415325 19.56108608308191
    vertex 13.33382302367073 68.26774059787225 20.66883676501054
  endloop
endfacet
facet normal 0.964326 0.264717 3.21742e-16
  outer loop
    vertex 12.82255073447166 70.13023250852602 19.55975736275452
    vertex 12.48597403324022 71.35633334872627 19.538414668163
    vertex 12.65751415108068 70.73143720516458 20.70271557402852
  endloop
endfacet
facet normal 0.964326 0.264717 -3.74084e-16
  outer loop
    vertex 14.34464893453748 64.58544620828623 16.24521157532013
    vertex 14.51272245473022 63.97317838472698 17.35365622300234
    vertex 14.68222697757119 63.35569762294917 16.25121169284749
  endloop
endfacet
facet normal 0.964326 0.264717 1.15571e-15
  outer loop
    vertex 22.98779803408395 33.09968877422411 8.597163391216151
    vertex 23.32358937100176 31.87644890402349 8.601687391655034
    vertex 23.156835962427 32.48390774954586 7.501341073624739
  endloop
endfacet
facet normal 0.964326 0.264717 -1.01158e-15
  outer loop
    vertex 14.34637127324762 64.57917197441358 11.82980588947098
    vertex 14.17732146985087 65.19499625821605 12.93488121349459
    vertex 14.51520459971741 63.96413628513078 12.9388575392825
  endloop
endfacet
facet normal 0.964326 0.264717 -2.64201e-15
  outer loop
    vertex 21.63909440882288 38.0128234091037 8.574803792779711
    vertex 21.80898461100822 37.39393767257138 7.472372928127928
    vertex 21.47037455422179 38.6274457365791 7.467971689650021
  endloop
endfacet
facet normal 0.964326 0.264717 1.68533e-16
  outer loop
    vertex 13.33601338143309 68.25976143745224 9.624417631157025
    vertex 13.1672406157235 68.87457651253719 10.72409936912833
    vertex 13.50393842562063 67.64803449076905 10.72590645755911
  endloop
endfacet
facet normal 0.964326 0.264717 -2.66224e-15
  outer loop
    vertex 13.66918791885811 67.04605419397535 16.23964658698516
    vertex 13.49958063592379 67.66390929609325 17.34166162635202
    vertex 13.83713134915429 66.43426026932502 17.34515750731268
  endloop
endfacet
facet normal 0.964326 0.264717 5.64719e-16
  outer loop
    vertex 13.50393842562063 67.64803449076905 10.72590645755911
    vertex 13.33515290273452 68.26289603842558 11.82544852326243
    vertex 13.67185191977983 67.03634961918908 11.82894107976462
  endloop
endfacet
facet normal 0.964326 0.264717 1.46921e-15
  outer loop
    vertex 15.86802509045499 59.03600449744388 15.16157014966535
    vertex 16.03771831033722 58.41783633930146 16.26894035716268
    vertex 16.20715331117611 57.8006088362455 15.1643621293327
  endloop
endfacet
facet normal 0.964326 0.264717 3.33637e-16
  outer loop
    vertex 21.46531900130734 38.64586239362462 18.5094040845112
    vertex 21.63505771459858 38.02752850949223 17.40539476729743
    vertex 21.29631378937128 39.26152423710597 17.40304481214768
  endloop
endfacet
facet normal 0.964326 0.264717 -2.97378e-15
  outer loop
    vertex 23.31912632219784 31.89270715323777 17.4026999337914
    vertex 22.98350384072982 33.115331907157 17.40202104749706
    vertex 23.15137400552507 32.50380487826001 18.49924058233777
  endloop
endfacet
facet normal 0.964326 0.264717 4.24725e-16
  outer loop
    vertex 22.99038855008822 33.09025189449425 6.401352409252652
    vertex 23.15796734286857 32.47978629222296 5.304095261892204
    vertex 22.82257909228104 33.70155777650613 5.28067801337134
  endloop
endfacet
facet normal 0.964326 0.264717 5.70709e-16
  outer loop
    vertex 22.14161872308265 36.18219912144311 18.51018122825202
    vertex 21.97310836180667 36.79605829466277 17.40522262146576
    vertex 21.8036447252395 37.41339011358603 18.50960146643251
  endloop
endfacet
facet normal 0.964326 0.264717 1.45836e-15
  outer loop
    vertex 22.31051345306257 35.56693974794484 17.40522284373376
    vertex 21.97310836180667 36.79605829466277 17.40522262146576
    vertex 22.14161872308265 36.18219912144311 18.51018122825202
  endloop
endfacet
facet normal 0.964326 0.264717 -0
  outer loop
    vertex 11.310727751305 75.6375876614903 11.74999999999997
    vertex 11.310727751305 75.6375876614903 12.99999999999997
    vertex 11.55178392429138 74.75945445989703 12.30207252008574
  endloop
endfacet
facet normal 0.964326 0.264717 -3.15087e-15
  outer loop
    vertex 14.00672181721884 65.81646642137558 16.24255906453599
    vertex 13.83713134915429 66.43426026932502 17.34515750731268
    vertex 14.17490362356001 65.20380412684705 17.34910724041278
  endloop
endfacet
facet normal 0.964326 0.264717 -1.0037e-15
  outer loop
    vertex 14.00866312458526 65.80939451596932 11.82896356687005
    vertex 14.17732146985087 65.19499625821605 12.93488121349459
    vertex 14.34637127324762 64.57917197441358 11.82980588947098
  endloop
endfacet
facet normal 0.964326 0.264717 -3.5462e-16
  outer loop
    vertex 21.97729182684355 36.78081852917126 8.579224232786514
    vertex 22.31472754020404 35.55158843050091 8.583822337890888
    vertex 22.14705064978395 36.16241138845982 7.476314545011569
  endloop
endfacet
facet normal 0.964326 0.264717 -2.8476e-15
  outer loop
    vertex 12.49798977736029 71.31256170943172 4.109062803614779
    vertex 12.6660066150045 70.70050037229926 5.215386469771177
    vertex 12.83629424696503 70.0801668558716 4.109929810391765
  endloop
endfacet
facet normal 0.964326 0.264717 -2.26709e-16
  outer loop
    vertex 14.00866312458526 65.80939451596932 11.82896356687005
    vertex 13.83996109000181 66.4239519276662 12.9325643352278
    vertex 14.17732146985087 65.19499625821605 12.93488121349459
  endloop
endfacet
facet normal 0.964326 0.264717 9.78616e-16
  outer loop
    vertex 17.39749722744648 53.46435599840346 9.641591107373966
    vertex 17.22880736279117 54.07886907679065 8.533524073873206
    vertex 17.0580978056699 54.70073960630385 9.63755260658748
  endloop
endfacet
facet normal 0.964326 0.264717 1.17968e-16
  outer loop
    vertex 22.65408560412228 34.31535548337018 6.382350257708946
    vertex 22.99038855008822 33.09025189449425 6.401352409252652
    vertex 22.82257909228104 33.70155777650613 5.28067801337134
  endloop
endfacet
facet normal 0.964326 0.264717 2.00235e-15
  outer loop
    vertex 20.45193072393108 42.3374911183524 9.667700044567557
    vertex 20.28328793760095 42.95183269712648 8.562375647099211
    vertex 20.11253224758574 43.57387128218186 9.662548953517305
  endloop
endfacet
facet normal 0.964326 0.264717 -1.95569e-16
  outer loop
    vertex 20.28107836909685 42.95988183953423 10.76733682397083
    vertex 20.44968322931777 42.34567842015803 11.87687426245598
    vertex 20.62060611323766 41.72303077159273 10.77342218163655
  endloop
endfacet
facet normal 0.964326 0.264717 -3.10737e-15
  outer loop
    vertex 21.97729182684355 36.78081852917126 8.579224232786514
    vertex 21.80898461100822 37.39393767257138 7.472372928127928
    vertex 21.63909440882288 38.0128234091037 8.574803792779711
  endloop
endfacet
facet normal 0.964326 0.264717 5.31067e-16
  outer loop
    vertex 21.8036447252395 37.41339011358603 18.50960146643251
    vertex 21.63505771459858 38.02752850949223 17.40539476729743
    vertex 21.46531900130734 38.64586239362462 18.5094040845112
  endloop
endfacet
facet normal 0.964326 0.264717 -2.00116e-15
  outer loop
    vertex 15.53040147089971 60.26591911153812 12.94664175448323
    vertex 15.36051077382693 60.88480665087468 14.05111202249057
    vertex 15.69920746703862 59.65098298274638 14.05357235670624
  endloop
endfacet
facet normal 0.964326 0.264717 -1.50576e-15
  outer loop
    vertex 14.17803319538815 65.19240354375881 8.50444356502569
    vertex 14.0102789715142 65.80350821644248 7.413024282966823
    vertex 13.84036914469304 66.42246544271956 8.518212253368798
  endloop
endfacet
facet normal 0.964326 0.264717 -1.48112e-16
  outer loop
    vertex 22.14358620399979 36.17503186953068 11.89091474619111
    vertex 22.31302789853172 35.55777998230721 10.7899770332642
    vertex 21.97569182927148 36.78664709175524 10.78605029900623
  endloop
endfacet
facet normal 0.964326 0.264717 2.60064e-15
  outer loop
    vertex 23.15222354510458 32.50071012693465 14.1104605379363
    vertex 23.32015443679982 31.88896187861627 13.01609506014724
    vertex 22.98458366435708 33.11139826394341 13.00743940255107
  endloop
endfacet
facet normal 0.964326 0.264717 1.69151e-15
  outer loop
    vertex 12.1518650276506 72.5734447262313 15.14727193886181
    vertex 12.32078479975503 71.95809412785088 16.24318158319716
    vertex 12.48871951060984 71.34633196687979 15.14696716235925
  endloop
endfacet
facet normal 0.964326 0.264717 -2.49813e-15
  outer loop
    vertex 21.97729182684355 36.78081852917126 8.579224232786514
    vertex 22.14705064978395 36.16241138845982 7.476314545011569
    vertex 21.80898461100822 37.39393767257138 7.472372928127928
  endloop
endfacet
facet normal 0.964326 0.264717 -1.36773e-15
  outer loop
    vertex 22.81568604261879 33.72666817170432 16.30266585345606
    vertex 22.47916168374826 34.95257833616125 16.3019534702636
    vertex 22.64721884685041 34.34037009914628 17.40376078492605
  endloop
endfacet
facet normal 0.964326 0.264717 4.61192e-16
  outer loop
    vertex 22.4819998855046 34.94223917262028 20.72643610677012
    vertex 22.1410497690359 36.18427173975627 20.72129122971234
    vertex 22.32175544380851 35.52598678165607 21.84544495757855
  endloop
endfacet
facet normal 0.964326 0.264717 -2.89602e-15
  outer loop
    vertex 22.14899946742057 36.15531212421211 5.265294195523713
    vertex 22.48888789204704 34.91714714878712 5.265812902834115
    vertex 22.32704373763674 35.50672228271034 4.145908032830794
  endloop
endfacet
facet normal 0.964326 0.264717 -1.42948e-15
  outer loop
    vertex 15.87183435505336 59.02212789069266 8.520772943730373
    vertex 15.53282733326215 60.25708204150351 8.517677366869343
    vertex 15.70161663062753 59.6422067439582 9.626012791081113
  endloop
endfacet
facet normal 0.964326 0.264717 3.91726e-16
  outer loop
    vertex 20.78941489659124 41.10808448937611 11.88053508600368
    vertex 20.9598802873264 40.48710342312662 10.77630529283677
    vertex 20.62060611323766 41.72303077159273 10.77342218163655
  endloop
endfacet
facet normal 0.964326 0.264717 -3.55172e-16
  outer loop
    vertex 13.83850206024698 66.42926696463022 15.13811521531571
    vertex 14.17622873247229 65.19897694438087 15.13959976064441
    vertex 14.00791309976317 65.81212674924981 14.03630443857776
  endloop
endfacet
facet normal 0.964326 0.264717 1.18535e-16
  outer loop
    vertex 22.47916168374826 34.95257833616125 16.3019534702636
    vertex 22.14216472716511 36.18021010657129 16.30130090167523
    vertex 22.31051345306257 35.56693974794484 17.40522284373376
  endloop
endfacet
facet normal 0.964326 0.264717 -2.60795e-16
  outer loop
    vertex 12.020288398147 73.05275959085155 9.55256616777768
    vertex 12.32237544654066 71.95229962884606 9.693538214769605
    vertex 12.16479670917925 72.5263364578055 8.500870480255735
  endloop
endfacet
facet normal 0.964326 0.264717 -5.53251e-16
  outer loop
    vertex 22.14533168254965 36.1686733405276 9.68526031219969
    vertex 22.48226637863784 34.94126837620635 9.689614233870854
    vertex 22.31472754020404 35.55158843050091 8.583822337890888
  endloop
endfacet
facet normal 0.964326 0.264717 1.30267e-15
  outer loop
    vertex 21.9736619549775 36.79404163382614 15.20083553166081
    vertex 21.63545762405089 38.0260716964874 15.20448649233284
    vertex 21.80471082932183 37.40950644871465 16.30334171412105
  endloop
endfacet
facet normal 0.964326 0.264717 -2.23734e-15
  outer loop
    vertex 15.53040147089971 60.26591911153812 12.94664175448323
    vertex 15.19178085141134 61.49946565396002 12.94441841275258
    vertex 15.36051077382693 60.88480665087468 14.05111202249057
  endloop
endfacet
facet normal 0.964326 0.264717 -0
  outer loop
    vertex 11.310727751305 75.6375876614903 15.49999999999997
    vertex 11.310727751305 75.6375876614903 16.74999999999998
    vertex 11.61184989263652 74.54064271806831 16.16992902586723
  endloop
endfacet
facet normal 0.964326 0.264717 8.51439e-16
  outer loop
    vertex 22.14705064978395 36.16241138845982 7.476314545011569
    vertex 22.31691931640498 35.54360410291179 6.373681212498522
    vertex 21.9806074747894 36.76874009736852 6.372305322954285
  endloop
endfacet
facet normal 0.964326 0.264717 -9.26655e-16
  outer loop
    vertex 12.1604554894354 72.54215090115812 12.97697958988583
    vertex 12.32134129635609 71.95606689023275 14.05695396679292
    vertex 12.48945625291328 71.34364811991723 12.96772427462982
  endloop
endfacet
facet normal 0.964326 0.264717 2.59506e-16
  outer loop
    vertex 23.48667349858273 31.28235672497855 18.49964768946804
    vertex 23.15137400552507 32.50380487826001 18.49924058233777
    vertex 23.31900899802966 31.89313454842186 19.59717229011792
  endloop
endfacet
facet normal 0.964326 0.264717 -6.1151e-16
  outer loop
    vertex 22.31051345306257 35.56693974794484 17.40522284373376
    vertex 22.14216472716511 36.18021010657129 16.30130090167523
    vertex 21.97310836180667 36.79605829466277 17.40522262146576
  endloop
endfacet
facet normal 0.964326 0.264717 -2.82861e-16
  outer loop
    vertex 22.31691931640498 35.54360410291179 6.373681212498522
    vertex 22.48888789204704 34.91714714878712 5.265812902834115
    vertex 22.14899946742057 36.15531212421211 5.265294195523713
  endloop
endfacet
facet normal 0.964326 0.264717 1.62885e-15
  outer loop
    vertex 21.8036447252395 37.41339011358603 18.50960146643251
    vertex 21.63603787232337 38.02395793492334 19.61838598442111
    vertex 21.97481315487243 36.78984797706605 19.61101580986082
  endloop
endfacet
facet normal 0.964326 0.264717 2.1737e-15
  outer loop
    vertex 13.50136973907536 67.65739184889824 15.13522580412035
    vertex 13.3320436076333 68.27422275629434 16.23644963841967
    vertex 13.66918791885811 67.04605419397535 16.23964658698516
  endloop
endfacet
facet normal 0.964326 0.264717 2.85776e-16
  outer loop
    vertex 12.65751415108068 70.73143720516458 20.70271557402852
    vertex 12.48597403324022 71.35633334872627 19.538414668163
    vertex 12.32247525274403 71.95193604910526 20.67687996722898
  endloop
endfacet
facet normal 0.964326 0.264717 2.7218e-16
  outer loop
    vertex 22.4819998855046 34.94223917262028 20.72643610677012
    vertex 22.31029905097066 35.5677207841368 19.61540293178167
    vertex 22.1410497690359 36.18427173975627 20.72129122971234
  endloop
endfacet
facet normal 0.964326 0.264717 -2.61379e-15
  outer loop
    vertex 15.19051475066909 61.50407787809253 15.15538113578931
    vertex 15.02179240275817 62.11870928833943 14.04734943985313
    vertex 14.85220995487388 62.73647391991793 15.14951946742956
  endloop
endfacet
facet normal 0.964326 0.264717 1.55046e-15
  outer loop
    vertex 14.34320565668943 64.59070386330413 18.46118050065111
    vertex 14.17490362356001 65.20380412684705 17.34910724041278
    vertex 14.00526299515096 65.8217807017657 18.45256528165122
  endloop
endfacet
facet normal 0.964326 0.264717 0
  outer loop
    vertex 24.54657684036348 27.42128026563438 14.24999999999997
    vertex 24.54657684036348 27.42128026563438 12.99999999999997
    vertex 24.2907439486115 28.35324294273088 13.7018732931448
  endloop
endfacet
facet normal 0.964326 0.264717 2.81535e-16
  outer loop
    vertex 23.65001338779844 30.68733284283561 19.58727982141836
    vertex 23.31900899802966 31.89313454842186 19.59717229011792
    vertex 23.48665026689858 31.2824413546851 20.69597263522691
  endloop
endfacet
facet normal 0.964326 0.264717 -0
  outer loop
    vertex 11.310727751305 75.6375876614903 7.999999999999986
    vertex 11.310727751305 75.6375876614903 9.24999999999998
    vertex 11.57773201081706 74.66492928755349 8.688826038324683
  endloop
endfacet
facet normal 0.964326 0.264717 -1.39547e-15
  outer loop
    vertex 23.156835962427 32.48390774954586 7.501341073624739
    vertex 23.49251007052192 31.26109492720008 7.50591420806593
    vertex 23.3256582584552 31.86891224258598 6.405669694222367
  endloop
endfacet
facet normal 0.964326 0.264717 -1.21062e-15
  outer loop
    vertex 13.83713134915429 66.43426026932502 17.34515750731268
    vertex 13.66743230569851 67.05244964191392 18.44740160379789
    vertex 14.00526299515096 65.8217807017657 18.45256528165122
  endloop
endfacet
facet normal 0.964326 0.264717 2.13644e-15
  outer loop
    vertex 13.66743230569851 67.05244964191392 18.44740160379789
    vertex 13.83529721137295 66.44094177124273 19.54939269736603
    vertex 14.00526299515096 65.8217807017657 18.45256528165122
  endloop
endfacet
facet normal 0.964326 0.264717 0
  outer loop
    vertex 24.54657684036348 27.42128026563438 16.74999999999998
    vertex 24.54657684036348 27.42128026563438 15.49999999999997
    vertex 24.28221748417604 28.38430363460289 16.06398662094096
  endloop
endfacet
facet normal 0.964326 0.264717 1.44954e-15
  outer loop
    vertex 15.69871005068574 59.65279499946044 16.26705853954643
    vertex 16.03771831033722 58.41783633930146 16.26894035716268
    vertex 15.86802509045499 59.03600449744388 15.16157014966535
  endloop
endfacet
facet normal 0.964326 0.264717 1.44395e-15
  outer loop
    vertex 12.83305948864361 70.0919506183282 6.320174250752314
    vertex 13.00042195008905 69.48227308020552 7.422491913559357
    vertex 13.1702334553728 68.86367402524328 6.321491438296199
  endloop
endfacet
facet normal 0.964326 0.264717 1.77893e-15
  outer loop
    vertex 17.39466817794696 53.47466182158028 18.49343965210776
    vertex 17.05534177692295 54.7107794253106 18.49105492807373
    vertex 17.22463539350863 54.09406696489133 19.59987829470299
  endloop
endfacet
facet normal 0.964326 0.264717 -1.05114e-15
  outer loop
    vertex 13.16836821155813 68.87046884199673 8.52298846208063
    vertex 13.33601338143309 68.25976143745224 9.624417631157025
    vertex 13.50482634962689 67.64479991046053 8.523699066549066
  endloop
endfacet
facet normal 0.964326 0.264717 3.95812e-16
  outer loop
    vertex 22.31472754020404 35.55158843050091 8.583822337890888
    vertex 22.48226637863784 34.94126837620635 9.689614233870854
    vertex 22.65149944747096 34.32477648259999 8.590651403069536
  endloop
endfacet
facet normal 0.964326 0.264717 1.10038e-15
  outer loop
    vertex 22.64721884685041 34.34037009914628 17.40376078492605
    vertex 22.47902158234044 34.95308870557544 18.50855289615257
    vertex 22.81542647860257 33.72761372633482 18.50214859845327
  endloop
endfacet
facet normal 0.964326 0.264717 -7.8891e-16
  outer loop
    vertex 22.31691931640498 35.54360410291179 6.373681212498522
    vertex 22.14899946742057 36.15531212421211 5.265294195523713
    vertex 21.9806074747894 36.76874009736852 6.372305322954285
  endloop
endfacet
facet normal 0.964326 0.264717 1.34087e-15
  outer loop
    vertex 21.8057161249296 37.40584430042924 11.88679349515344
    vertex 22.14358620399979 36.17503186953068 11.89091474619111
    vertex 21.97569182927148 36.78664709175524 10.78605029900623
  endloop
endfacet
facet normal 0.964326 0.264717 1.7633e-15
  outer loop
    vertex 16.03805915958893 58.41659467417023 14.0589326310168
    vertex 15.86927733784506 59.03144273909433 12.94954263768701
    vertex 15.69920746703862 59.65098298274638 14.05357235670624
  endloop
endfacet
facet normal 0.964326 0.264717 -5.72775e-16
  outer loop
    vertex 22.31302789853172 35.55777998230721 10.7899770332642
    vertex 22.14533168254965 36.1686733405276 9.68526031219969
    vertex 21.97569182927148 36.78664709175524 10.78605029900623
  endloop
endfacet
facet normal 0.964326 0.264717 -5.90328e-16
  outer loop
    vertex 14.17490362356001 65.20380412684705 17.34910724041278
    vertex 13.83713134915429 66.43426026932502 17.34515750731268
    vertex 14.00526299515096 65.8217807017657 18.45256528165122
  endloop
endfacet
facet normal 0.964326 0.264717 -8.91297e-16
  outer loop
    vertex 15.87183435505336 59.02212789069266 8.520772943730373
    vertex 15.70161663062753 59.6422067439582 9.626012791081113
    vertex 16.04055517763313 58.40750203700922 9.628768231197341
  endloop
endfacet
facet normal 0.964326 0.264717 -3.78092e-16
  outer loop
    vertex 22.98779803408395 33.09968877422411 8.597163391216151
    vertex 23.156835962427 32.48390774954586 7.501341073624739
    vertex 22.8209502612613 33.7074913752209 7.494526796297766
  endloop
endfacet
facet normal 0.964326 0.264717 1.26696e-15
  outer loop
    vertex 22.47916168374826 34.95257833616125 16.3019534702636
    vertex 22.31105580396829 35.564964041074 15.20028114007305
    vertex 22.14216472716511 36.18021010657129 16.30130090167523
  endloop
endfacet
facet normal 0.964326 0.264717 0
  outer loop
    vertex 15.36272486277596 60.87674104113179 9.623094999424282
    vertex 15.53156615417672 60.26167633674331 10.73190934988487
    vertex 15.70161663062753 59.6422067439582 9.626012791081113
  endloop
endfacet
facet normal 0.964326 0.264717 -4.25233e-16
  outer loop
    vertex 22.31302789853172 35.55777998230721 10.7899770332642
    vertex 22.48226637863784 34.94126837620635 9.689614233870854
    vertex 22.14533168254965 36.1686733405276 9.68526031219969
  endloop
endfacet
facet normal 0.964326 0.264717 9.07151e-16
  outer loop
    vertex 21.80898461100822 37.39393767257138 7.472372928127928
    vertex 22.14705064978395 36.16241138845982 7.476314545011569
    vertex 21.9806074747894 36.76874009736852 6.372305322954285
  endloop
endfacet
facet normal 0.964326 0.264717 -2.42858e-15
  outer loop
    vertex 23.15137400552507 32.50380487826001 18.49924058233777
    vertex 22.98350384072982 33.115331907157 17.40202104749706
    vertex 22.81542647860257 33.72761372633482 18.50214859845327
  endloop
endfacet
facet normal 0.964326 0.264717 3.84837e-15
  outer loop
    vertex 13.66918791885811 67.04605419397535 16.23964658698516
    vertex 14.00672181721884 65.81646642137558 16.24255906453599
    vertex 13.83850206024698 66.42926696463022 15.13811521531571
  endloop
endfacet
facet normal 0.964326 0.264717 0
  outer loop
    vertex 24.54657684036348 27.42128026563438 17.99999999999998
    vertex 24.54657684036348 27.42128026563438 16.74999999999998
    vertex 24.27051235112599 28.42694376214237 17.26500571839861
  endloop
endfacet
facet normal 0.964326 0.264717 4.24141e-16
  outer loop
    vertex 22.14533168254965 36.1686733405276 9.68526031219969
    vertex 22.31472754020404 35.55158843050091 8.583822337890888
    vertex 21.97729182684355 36.78081852917126 8.579224232786514
  endloop
endfacet
facet normal 0.964326 0.264717 2.54009e-16
  outer loop
    vertex 17.73698273615808 52.22765878809692 9.648655312228339
    vertex 17.56828249501368 52.84220966655151 8.537488666535875
    vertex 17.39749722744648 53.46435599840346 9.641591107373966
  endloop
endfacet
facet normal 0.964326 0.264717 -1.94582e-15
  outer loop
    vertex 22.31029905097066 35.5677207841368 19.61540293178167
    vertex 22.14161872308265 36.18219912144311 18.51018122825202
    vertex 21.97481315487243 36.78984797706605 19.61101580986082
  endloop
endfacet
facet normal 0.964326 0.264717 -8.88436e-16
  outer loop
    vertex 22.14161872308265 36.18219912144311 18.51018122825202
    vertex 21.8036447252395 37.41339011358603 18.50960146643251
    vertex 21.97481315487243 36.78984797706605 19.61101580986082
  endloop
endfacet
facet normal 0.964326 0.264717 -4.49167e-16
  outer loop
    vertex 21.9921251192433 36.72678296400075 4.148564809644959
    vertex 21.6581622801467 37.94336187785266 4.131475917450054
    vertex 21.81933308688769 37.35623965329619 5.266283148835465
  endloop
endfacet
facet normal 0.964326 0.264717 -0
  outer loop
    vertex 11.310727751305 75.6375876614903 17.99999999999998
    vertex 11.310727751305 75.6375876614903 19.24999999999999
    vertex 11.63165487728481 74.46849598827809 18.52595937885147
  endloop
endfacet
facet normal 0.964326 0.264717 -1.04557e-16
  outer loop
    vertex 12.020288398147 73.05275959085155 9.55256616777768
    vertex 12.15946441674098 72.54576123740208 10.78060798488451
    vertex 12.32237544654066 71.95229962884606 9.693538214769605
  endloop
endfacet
facet normal 0.964326 0.264717 2.19412e-15
  outer loop
    vertex 12.32331117352871 71.94889090910391 11.87699550379453
    vertex 12.48945625291328 71.34364811991723 12.96772427462982
    vertex 12.65834265412712 70.72841908692398 11.85938799934711
  endloop
endfacet
facet normal 0.964326 0.264717 -4.93816e-16
  outer loop
    vertex 14.17732146985087 65.19499625821605 12.93488121349459
    vertex 13.83996109000181 66.4239519276662 12.9325643352278
    vertex 14.00791309976317 65.81212674924981 14.03630443857776
  endloop
endfacet
facet normal 0.964326 0.264717 7.83666e-16
  outer loop
    vertex 15.53156615417672 60.26167633674331 10.73190934988487
    vertex 15.87037557141865 59.02744203107626 10.73389335218239
    vertex 15.70161663062753 59.6422067439582 9.626012791081113
  endloop
endfacet
facet normal 0.964326 0.264717 1.98758e-17
  outer loop
    vertex 22.98350384072982 33.115331907157 17.40202104749706
    vertex 22.64721884685041 34.34037009914628 17.40376078492605
    vertex 22.81542647860257 33.72761372633482 18.50214859845327
  endloop
endfacet
facet normal 0.964326 0.264717 0
  outer loop
    vertex 24.54657684036348 27.42128026563438 10.49999999999998
    vertex 24.54657684036348 27.42128026563438 9.24999999999998
    vertex 24.24365656074809 28.5247755699476 9.784384293053122
  endloop
endfacet
facet normal 0.964326 0.264717 -6.26786e-16
  outer loop
    vertex 15.53282733326215 60.25708204150351 8.517677366869343
    vertex 15.36272486277596 60.87674104113179 9.623094999424282
    vertex 15.70161663062753 59.6422067439582 9.626012791081113
  endloop
endfacet
facet normal 0.964326 0.264717 1.05749e-15
  outer loop
    vertex 16.21094127564528 57.78680982282211 8.523965395401627
    vertex 15.87183435505336 59.02212789069266 8.520772943730373
    vertex 16.04055517763313 58.40750203700922 9.628768231197341
  endloop
endfacet
facet normal 0.964326 0.264717 1.92357e-15
  outer loop
    vertex 19.77362685478215 44.80845521310924 9.662982096110245
    vertex 19.60295063513517 45.4302042989661 10.76655508398004
    vertex 19.94199224807725 44.19512413753421 10.76754266866209
  endloop
endfacet
facet normal 0.964326 0.264717 -7.563e-16
  outer loop
    vertex 23.3256582584552 31.86891224258598 6.405669694222367
    vertex 23.66161356579673 30.64507505155612 6.409657004646458
    vertex 23.49456522353229 31.25360829837658 5.308819708148945
  endloop
endfacet
facet normal 0.964326 0.264717 -8.24615e-16
  outer loop
    vertex 15.19178085141134 61.49946565396002 12.94441841275258
    vertex 15.02179240275817 62.11870928833943 14.04734943985313
    vertex 15.36051077382693 60.88480665087468 14.05111202249057
  endloop
endfacet
facet normal 0.964326 0.264717 -0
  outer loop
    vertex 11.310727751305 75.6375876614903 6.74999999999999
    vertex 11.310727751305 75.6375876614903 7.999999999999986
    vertex 11.64894862696453 74.40549732873056 7.365948994158741
  endloop
endfacet
facet normal 0.964326 0.264717 1.99836e-15
  outer loop
    vertex 15.36051077382693 60.88480665087468 14.05111202249057
    vertex 15.52934369120843 60.26977245184207 15.15959237084891
    vertex 15.69920746703862 59.65098298274638 14.05357235670624
  endloop
endfacet
facet normal 0.964326 0.264717 -1.18585e-16
  outer loop
    vertex 22.1410497690359 36.18427173975627 20.72129122971234
    vertex 22.31029905097066 35.5677207841368 19.61540293178167
    vertex 21.97481315487243 36.78984797706605 19.61101580986082
  endloop
endfacet
facet normal 0.964326 0.264717 1.06099e-15
  outer loop
    vertex 18.75320848317879 48.52569356680718 14.07273218450483
    vertex 18.92303870539546 47.90702632873215 15.17770339366937
    vertex 19.0923196844573 47.29035990500688 14.07719334010002
  endloop
endfacet
facet normal 0.964326 0.264717 -2.18442e-16
  outer loop
    vertex 22.98350384072982 33.115331907157 17.40202104749706
    vertex 22.81568604261879 33.72666817170432 16.30266585345606
    vertex 22.64721884685041 34.34037009914628 17.40376078492605
  endloop
endfacet
facet normal 0.964326 0.264717 -3.5289e-15
  outer loop
    vertex 13.67066224416582 67.04068343749728 14.03429956497245
    vertex 13.50136973907536 67.65739184889824 15.13522580412035
    vertex 13.83850206024698 66.42926696463022 15.13811521531571
  endloop
endfacet
facet normal 0.964326 0.264717 0
  outer loop
    vertex 22.14269344662225 36.17828405712027 14.09820598349814
    vertex 21.80475455775201 37.40934715229046 14.09860508129446
    vertex 21.9736619549775 36.79404163382614 15.20083553166081
  endloop
endfacet
facet normal 0.964326 0.264717 -2.13318e-15
  outer loop
    vertex 17.22674345969665 54.0863875809207 10.74424305327807
    vertex 17.39565924657407 53.47105150015295 11.85352078970895
    vertex 17.56604475492383 52.85036143402166 10.74985047335385
  endloop
endfacet
facet normal 0.964326 0.264717 2.35092e-16
  outer loop
    vertex 15.70161663062753 59.6422067439582 9.626012791081113
    vertex 15.87037557141865 59.02744203107626 10.73389335218239
    vertex 16.04055517763313 58.40750203700922 9.628768231197341
  endloop
endfacet
facet normal 0.964326 0.264717 1.13677e-15
  outer loop
    vertex 15.19051475066909 61.50407787809253 15.15538113578931
    vertex 15.52934369120843 60.26977245184207 15.15959237084891
    vertex 15.36051077382693 60.88480665087468 14.05111202249057
  endloop
endfacet
facet normal 0.964326 0.264717 1.77807e-16
  outer loop
    vertex 13.83996109000181 66.4239519276662 12.9325643352278
    vertex 13.67066224416582 67.04068343749728 14.03429956497245
    vertex 14.00791309976317 65.81212674924981 14.03630443857776
  endloop
endfacet
facet normal 0.964326 0.264717 3.49733e-15
  outer loop
    vertex 13.50136973907536 67.65739184889824 15.13522580412035
    vertex 13.66918791885811 67.04605419397535 16.23964658698516
    vertex 13.83850206024698 66.42926696463022 15.13811521531571
  endloop
endfacet
facet normal 0.964326 0.264717 3.89838e-17
  outer loop
    vertex 21.48872216306968 38.56060801863323 5.228815809311293
    vertex 21.3221236470555 39.16750261268487 4.111358828029887
    vertex 21.15003629413103 39.79439225548116 5.219681698516487
  endloop
endfacet
facet normal 0.964326 0.264717 0
  outer loop
    vertex 24.54657684036348 27.42128026563438 19.24999999999999
    vertex 24.54657684036348 27.42128026563438 17.99999999999998
    vertex 24.19609558643483 28.69803340494588 18.5601043574543
  endloop
endfacet
facet normal 0.964326 0.264717 4.53947e-16
  outer loop
    vertex 14.17732146985087 65.19499625821605 12.93488121349459
    vertex 14.00791309976317 65.81212674924981 14.03630443857776
    vertex 14.34561806909369 64.58191578954576 14.03813888485488
  endloop
endfacet
facet normal 0.964326 0.264717 5.0591e-16
  outer loop
    vertex 16.73543276339641 55.87616226030012 5.209010072729841
    vertex 16.55809028245592 56.5221955837262 6.322602518898304
    vertex 16.8973491959904 55.28632382727915 6.321496392990779
  endloop
endfacet
facet normal 0.964326 0.264717 2.36615e-15
  outer loop
    vertex 18.58645894105394 49.13313832740484 8.547938361631209
    vertex 18.24692528373903 50.37001093619486 8.544855917964776
    vertex 18.41682460812829 49.75109196877685 9.653002157423249
  endloop
endfacet
facet normal 0.964326 0.264717 8.44617e-16
  outer loop
    vertex 20.98306422562863 40.40264764788276 4.109021819321659
    vertex 20.81337816117276 41.02078973982914 5.22056161464705
    vertex 21.15003629413103 39.79439225548116 5.219681698516487
  endloop
endfacet
facet normal 0.964326 0.264717 -1.3727e-15
  outer loop
    vertex 15.02179240275817 62.11870928833943 14.04734943985313
    vertex 15.19051475066909 61.50407787809253 15.15538113578931
    vertex 15.36051077382693 60.88480665087468 14.05111202249057
  endloop
endfacet
facet normal 0.964326 0.264717 -3.93712e-16
  outer loop
    vertex 21.80731458624135 37.40002133422213 9.680123679846465
    vertex 21.63909440882288 38.0128234091037 8.574803792779711
    vertex 21.46889769182129 38.63282573532381 9.675230035296572
  endloop
endfacet
facet normal 0.964326 0.264717 1.52778e-15
  outer loop
    vertex 16.55010370584593 56.5512895413769 8.527107191679852
    vertex 16.21094127564528 57.78680982282211 8.523965395401627
    vertex 16.37951131273119 57.172733259152 9.631534658391725
  endloop
endfacet
facet normal 0.964326 0.264717 1.58482e-16
  outer loop
    vertex 22.48438915372038 34.93353540983423 7.482879399501636
    vertex 22.65149944747096 34.32477648259999 8.590651403069536
    vertex 22.8209502612613 33.7074913752209 7.494526796297766
  endloop
endfacet
facet normal 0.964326 0.264717 -6.54059e-16
  outer loop
    vertex 13.00042195008905 69.48227308020552 7.422491913559357
    vertex 13.16836821155813 68.87046884199673 8.52298846208063
    vertex 13.33741586627827 68.25465238551621 7.423416797048218
  endloop
endfacet
facet normal 0.964326 0.264717 -1.98973e-16
  outer loop
    vertex 12.32078479975503 71.95809412785088 16.24318158319716
    vertex 12.48746877947256 71.35088820173704 17.33891432593431
    vertex 12.6572333927271 70.73245996773834 16.23953887141579
  endloop
endfacet
facet normal 0.964326 0.264717 -2.39034e-15
  outer loop
    vertex 13.67066224416582 67.04068343749728 14.03429956497245
    vertex 13.83850206024698 66.42926696463022 15.13811521531571
    vertex 14.00791309976317 65.81212674924981 14.03630443857776
  endloop
endfacet
facet normal 0.964326 0.264717 0
  outer loop
    vertex 24.54657684036348 27.42128026563438 7.999999999999986
    vertex 24.54657684036348 27.42128026563438 6.74999999999999
    vertex 24.23848244390375 28.54362413845198 7.426366888561336
  endloop
endfacet
facet normal 0.964326 0.264717 -7.64533e-16
  outer loop
    vertex 23.3256582584552 31.86891224258598 6.405669694222367
    vertex 23.49456522353229 31.25360829837658 5.308819708148945
    vertex 23.15796734286857 32.47978629222296 5.304095261892204
  endloop
endfacet
facet normal 0.964326 0.264717 -2.61726e-16
  outer loop
    vertex 16.55809028245592 56.5221955837262 6.322602518898304
    vertex 16.73543276339641 55.87616226030012 5.209010072729841
    vertex 16.39431673676322 57.11879921446389 5.213985214104683
  endloop
endfacet
facet normal 0.964326 0.264717 2.51283e-15
  outer loop
    vertex 21.47037455422179 38.6274457365791 7.467971689650021
    vertex 21.80898461100822 37.39393767257138 7.472372928127928
    vertex 21.64130219214162 38.00478076987118 6.364894955963805
  endloop
endfacet
facet normal 0.964326 0.264717 -1.27958e-15
  outer loop
    vertex 15.02179240275817 62.11870928833943 14.04734943985313
    vertex 14.85341679278019 62.73207758183064 12.94089445874084
    vertex 14.68358298533273 63.35075788038925 14.04151695897133
  endloop
endfacet
facet normal 0.964326 0.264717 -0
  outer loop
    vertex 11.310727751305 75.6375876614903 5.499999999999995
    vertex 11.310727751305 75.6375876614903 6.74999999999999
    vertex 11.61228370854067 74.53906238870319 6.019725138233325
  endloop
endfacet
facet normal 0.964326 0.264717 2.61616e-15
  outer loop
    vertex 17.22674345969665 54.0863875809207 10.74424305327807
    vertex 17.39749722744648 53.46435599840346 9.641591107373966
    vertex 17.0580978056699 54.70073960630385 9.63755260658748
  endloop
endfacet
facet normal 0.964326 0.264717 2.73916e-16
  outer loop
    vertex 17.39528186083824 53.47242626247634 16.27531097739312
    vertex 17.73492375043062 52.23515937896123 16.2755881594969
    vertex 17.56451828405332 52.85592214933567 15.16979017244514
  endloop
endfacet
facet normal 0.964326 0.264717 -1.15176e-15
  outer loop
    vertex 21.63505771459858 38.02752850949223 17.40539476729743
    vertex 21.80471082932183 37.40950644871465 16.30334171412105
    vertex 21.4663251617789 38.64219709476391 16.30175645952753
  endloop
endfacet
facet normal 0.964326 0.264717 -0
  outer loop
    vertex 11.310727751305 75.6375876614903 19.24999999999999
    vertex 11.310727751305 75.6375876614903 20.49999999999999
    vertex 11.60779143897198 74.55542708498915 19.90911876882355
  endloop
endfacet
facet normal 0.964326 0.264717 0
  outer loop
    vertex 24.54657684036348 27.42128026563438 20.49999999999999
    vertex 24.54657684036348 27.42128026563438 19.24999999999999
    vertex 24.26001230156893 28.46519394267165 19.87499999999998
  endloop
endfacet
facet normal 0.964326 0.264717 1.21445e-15
  outer loop
    vertex 16.55010370584593 56.5512895413769 8.527107191679852
    vertex 16.37951131273119 57.172733259152 9.631534658391725
    vertex 16.71871546454242 55.93706099183968 9.634303073489596
  endloop
endfacet
facet normal 0.964326 0.264717 7.83831e-17
  outer loop
    vertex 15.87037557141865 59.02744203107626 10.73389335218239
    vertex 16.20931993009727 57.79271615303273 10.73607264969179
    vertex 16.04055517763313 58.40750203700922 9.628768231197341
  endloop
endfacet
facet normal 0.964326 0.264717 9.92674e-16
  outer loop
    vertex 13.16836821155813 68.87046884199673 8.52298846208063
    vertex 13.50482634962689 67.64479991046053 8.523699066549066
    vertex 13.33741586627827 68.25465238551621 7.423416797048218
  endloop
endfacet
facet normal 0.964326 0.264717 3.79161e-16
  outer loop
    vertex 14.68527158576025 63.34460655026044 20.69770985787072
    vertex 14.52482369552738 63.92909529325161 21.83836052325437
    vertex 14.86370403528555 62.69460262698971 21.84468627873736
  endloop
endfacet
facet normal 0.964326 0.264717 2.58158e-15
  outer loop
    vertex 19.60460493125052 45.42417793454588 8.557571932101229
    vertex 19.26494157164749 46.66152303024262 8.555018137566698
    vertex 19.43509236673454 46.04168799099693 9.662341082169906
  endloop
endfacet
facet normal 0.964326 0.264717 1.56681e-15
  outer loop
    vertex 12.48746877947256 71.35088820173704 17.33891432593431
    vertex 12.82417681893192 70.12430891513506 17.3406399023297
    vertex 12.6572333927271 70.73245996773834 16.23953887141579
  endloop
endfacet
facet normal 0.964326 0.264717 2.36853e-16
  outer loop
    vertex 13.67185191977983 67.03634961918908 11.82894107976462
    vertex 14.00866312458526 65.80939451596932 11.82896356687005
    vertex 13.8403445514879 66.42255503225257 10.72373279174667
  endloop
endfacet
facet normal 0.964326 0.264717 1.10946e-15
  outer loop
    vertex 22.65408560412228 34.31535548337018 6.382350257708946
    vertex 22.8209502612613 33.7074913752209 7.494526796297766
    vertex 22.99038855008822 33.09025189449425 6.401352409252652
  endloop
endfacet
facet normal 0.964326 0.264717 -4.2902e-16
  outer loop
    vertex 12.48871951060984 71.34633196687979 15.14696716235925
    vertex 12.32078479975503 71.95809412785088 16.24318158319716
    vertex 12.6572333927271 70.73245996773834 16.23953887141579
  endloop
endfacet
facet normal 0.964326 0.264717 2.08693e-15
  outer loop
    vertex 16.21094127564528 57.78680982282211 8.523965395401627
    vertex 16.04055517763313 58.40750203700922 9.628768231197341
    vertex 16.37951131273119 57.172733259152 9.631534658391725
  endloop
endfacet
facet normal 0.964326 0.264717 6.0726e-16
  outer loop
    vertex 16.88935227139921 55.31545548114707 8.530303263424376
    vertex 16.55010370584593 56.5512895413769 8.527107191679852
    vertex 16.71871546454242 55.93706099183968 9.634303073489596
  endloop
endfacet
facet normal 0.964326 0.264717 -3.963e-16
  outer loop
    vertex 22.81542647860257 33.72761372633482 18.50214859845327
    vertex 22.64716205427199 34.34057698639621 19.60980072451385
    vertex 22.98384504806635 33.11408893757394 19.59714635750049
  endloop
endfacet
facet normal 0.964326 0.264717 3.33312e-16
  outer loop
    vertex 18.07413114678232 50.99947529225145 11.85906570818776
    vertex 18.24466766074006 50.37823513426257 10.7563672156495
    vertex 17.90505733730027 51.61538702679323 10.75488555600088
  endloop
endfacet
facet normal 0.964326 0.264717 -3.00238e-16
  outer loop
    vertex 12.15946441674098 72.54576123740208 10.78060798488451
    vertex 12.32331117352871 71.94889090910391 11.87699550379453
    vertex 12.49200745392804 71.33435445907779 10.76546248901989
  endloop
endfacet
facet normal 0.964326 0.264717 0
  outer loop
    vertex 14.00791309976317 65.81212674924981 14.03630443857776
    vertex 14.17622873247229 65.19897694438087 15.13959976064441
    vertex 14.34561806909369 64.58191578954576 14.03813888485488
  endloop
endfacet
facet normal 0.964326 0.264717 2.32582e-15
  outer loop
    vertex 13.1702334553728 68.86367402524328 6.321491438296199
    vertex 13.00042195008905 69.48227308020552 7.422491913559357
    vertex 13.33741586627827 68.25465238551621 7.423416797048218
  endloop
endfacet
facet normal 0.964326 0.264717 -5.96655e-16
  outer loop
    vertex 12.32331117352871 71.94889090910391 11.87699550379453
    vertex 12.65834265412712 70.72841908692398 11.85938799934711
    vertex 12.49200745392804 71.33435445907779 10.76546248901989
  endloop
endfacet
facet normal 0.964326 0.264717 -1.25319e-15
  outer loop
    vertex 18.24692528373903 50.37001093619486 8.544855917964776
    vertex 17.90759638641295 51.606137633597 8.541451654488807
    vertex 18.07487080057075 50.99678083916505 9.648921771301712
  endloop
endfacet
facet normal 0.964326 0.264717 -7.35473e-16
  outer loop
    vertex 23.48665026689858 31.2824413546851 20.69597263522691
    vertex 23.31900899802966 31.89313454842186 19.59717229011792
    vertex 23.15031401074682 32.50766628780935 20.69634975473482
  endloop
endfacet
facet normal 0.964326 0.264717 3.51971e-16
  outer loop
    vertex 18.41317220479599 49.76439715234453 16.2785151350117
    vertex 18.75297525305504 48.52654319082939 16.27922639449295
    vertex 18.58437073796321 49.14074535294965 15.17309063912214
  endloop
endfacet
facet normal 0.964326 0.264717 -3.13804e-16
  outer loop
    vertex 15.86927733784506 59.03144273909433 12.94954263768701
    vertex 15.53040147089971 60.26591911153812 12.94664175448323
    vertex 15.69920746703862 59.65098298274638 14.05357235670624
  endloop
endfacet
facet normal 0.964326 0.264717 3.0496e-15
  outer loop
    vertex 12.6660066150045 70.70050037229926 5.215386469771177
    vertex 12.83305948864361 70.0919506183282 6.320174250752314
    vertex 13.00422106798531 69.46843343644058 5.216675827065041
  endloop
endfacet
facet normal 0.964326 0.264717 -3.94316e-17
  outer loop
    vertex 14.17622873247229 65.19897694438087 15.13959976064441
    vertex 14.51428193309989 63.96749742780889 15.14144033497251
    vertex 14.34561806909369 64.58191578954576 14.03813888485488
  endloop
endfacet
facet normal 0.964326 0.264717 1.7238e-15
  outer loop
    vertex 16.03771831033722 58.41783633930146 16.26894035716268
    vertex 16.37703451689601 57.18175587255158 16.2706037671006
    vertex 16.20715331117611 57.8006088362455 15.1643621293327
  endloop
endfacet
facet normal 0.964326 0.264717 -9.20091e-16
  outer loop
    vertex 17.22880736279117 54.07886907679065 8.533524073873206
    vertex 16.88935227139921 55.31545548114707 8.530303263424376
    vertex 17.0580978056699 54.70073960630385 9.63755260658748
  endloop
endfacet
facet normal 0.964326 0.264717 -2.58267e-15
  outer loop
    vertex 12.83629424696503 70.0801668558716 4.109929810391765
    vertex 12.6660066150045 70.70050037229926 5.215386469771177
    vertex 13.00422106798531 69.46843343644058 5.216675827065041
  endloop
endfacet
facet normal 0.964326 0.264717 -1.19557e-15
  outer loop
    vertex 15.0208606798122 62.12210342192832 16.26021724214357
    vertex 14.68222697757119 63.35569762294917 16.25121169284749
    vertex 14.8508010738291 62.74160627229534 17.3627181197035
  endloop
endfacet
facet normal 0.964326 0.264717 -3.23933e-16
  outer loop
    vertex 14.68222697757119 63.35569762294917 16.25121169284749
    vertex 14.51272245473022 63.97317838472698 17.35365622300234
    vertex 14.8508010738291 62.74160627229534 17.3627181197035
  endloop
endfacet
facet normal 0.964326 0.264717 -4.34608e-16
  outer loop
    vertex 22.31105580396829 35.564964041074 15.20028114007305
    vertex 22.14269344662225 36.17828405712027 14.09820598349814
    vertex 21.9736619549775 36.79404163382614 15.20083553166081
  endloop
endfacet
facet normal 0.964326 0.264717 1.4826e-15
  outer loop
    vertex 24.27051235112599 28.42694376214237 17.26500571839861
    vertex 24.54657684036348 27.42128026563438 16.74999999999998
    vertex 24.28221748417604 28.38430363460289 16.06398662094096
  endloop
endfacet
facet normal 0.964326 0.264717 8.84457e-16
  outer loop
    vertex 18.24466766074006 50.37823513426257 10.7563672156495
    vertex 18.41341282371091 49.7635206120116 11.86151936412978
    vertex 18.58362209569963 49.14347254976696 10.76094136553192
  endloop
endfacet
facet normal 0.964326 0.264717 2.12534e-15
  outer loop
    vertex 17.39749722744648 53.46435599840346 9.641591107373966
    vertex 17.22674345969665 54.0863875809207 10.74424305327807
    vertex 17.56604475492383 52.85036143402166 10.74985047335385
  endloop
endfacet
facet normal 0.964326 0.264717 5.10729e-16
  outer loop
    vertex 20.62244043504651 41.71634859928906 8.567335352231446
    vertex 20.28328793760095 42.95183269712648 8.562375647099211
    vertex 20.45193072393108 42.3374911183524 9.667700044567557
  endloop
endfacet
facet normal 0.964326 0.264717 8.23211e-16
  outer loop
    vertex 16.04055517763313 58.40750203700922 9.628768231197341
    vertex 16.20931993009727 57.79271615303273 10.73607264969179
    vertex 16.37951131273119 57.172733259152 9.631534658391725
  endloop
endfacet
facet normal 0.964326 0.264717 -0
  outer loop
    vertex 11.310727751305 75.6375876614903 20.49999999999999
    vertex 11.310727751305 75.6375876614903 21.75
    vertex 11.5985993237982 74.58891264740789 21.12801336585455
  endloop
endfacet
facet normal 0.964326 0.264717 1.17543e-16
  outer loop
    vertex 17.73698273615808 52.22765878809692 9.648655312228339
    vertex 17.39749722744648 53.46435599840346 9.641591107373966
    vertex 17.56604475492383 52.85036143402166 10.74985047335385
  endloop
endfacet
facet normal 0.964326 0.264717 -1.55668e-15
  outer loop
    vertex 16.88935227139921 55.31545548114707 8.530303263424376
    vertex 16.71871546454242 55.93706099183968 9.634303073489596
    vertex 17.0580978056699 54.70073960630385 9.63755260658748
  endloop
endfacet
facet normal 0.964326 0.264717 2.18894e-15
  outer loop
    vertex 19.0921255926109 47.29106695387592 11.86611662129167
    vertex 19.26264943463116 46.66987295794496 10.76495330927375
    vertex 18.92293442319004 47.90740621390907 10.76391344960876
  endloop
endfacet
facet normal 0.964326 0.264717 -1.8937e-15
  outer loop
    vertex 16.03805915958893 58.41659467417023 14.0589326310168
    vertex 15.86802509045499 59.03600449744388 15.16157014966535
    vertex 16.20715331117611 57.8006088362455 15.1643621293327
  endloop
endfacet
facet normal 0.964326 0.264717 -2.13013e-15
  outer loop
    vertex 21.63505771459858 38.02752850949223 17.40539476729743
    vertex 21.97310836180667 36.79605829466277 17.40522262146576
    vertex 21.80471082932183 37.40950644871465 16.30334171412105
  endloop
endfacet
facet normal 0.964326 0.264717 1.53424e-15
  outer loop
    vertex 11.310727751305 75.6375876614903 7.999999999999986
    vertex 11.57773201081706 74.66492928755349 8.688826038324683
    vertex 11.64894862696453 74.40549732873056 7.365948994158741
  endloop
endfacet
facet normal 0.964326 0.264717 1.41166e-15
  outer loop
    vertex 16.20931993009727 57.79271615303273 10.73607264969179
    vertex 16.54834774741605 56.55768624708574 10.73769347443639
    vertex 16.37951131273119 57.172733259152 9.631534658391725
  endloop
endfacet
facet normal 0.964326 0.264717 -1.72672e-15
  outer loop
    vertex 21.29794232907378 39.25559169961826 15.19944747264733
    vertex 21.12775089817797 39.87557476931016 14.09542288643318
    vertex 20.95805447756063 40.49375458727332 15.19477621739772
  endloop
endfacet
facet normal 0.964326 0.264717 -1.17534e-15
  outer loop
    vertex 14.18223137132052 65.17711018857661 6.314415437600172
    vertex 14.52141510558149 63.94151229948308 6.31449302877482
    vertex 14.35697061174173 64.54056009847076 5.208631770575646
  endloop
endfacet
facet normal 0.964326 0.264717 5.19408e-16
  outer loop
    vertex 21.13148938693985 39.86195598882044 7.46538433869152
    vertex 21.30181562623227 39.24148183139809 6.357217735083615
    vertex 20.96283546851369 40.47633812023005 6.36183565624582
  endloop
endfacet
facet normal 0.964326 0.264717 -5.87065e-16
  outer loop
    vertex 19.26494157164749 46.66152303024262 8.555018137566698
    vertex 18.92518661991937 47.89920178296649 8.551352775255701
    vertex 19.09258320463979 47.28939993862784 9.658257275521603
  endloop
endfacet
facet normal 0.964326 0.264717 1.0065e-15
  outer loop
    vertex 12.83305948864361 70.0919506183282 6.320174250752314
    vertex 13.1702334553728 68.86367402524328 6.321491438296199
    vertex 13.00422106798531 69.46843343644058 5.216675827065041
  endloop
endfacet
facet normal 0.964326 0.264717 -5.11613e-16
  outer loop
    vertex 12.32237544654066 71.95229962884606 9.693538214769605
    vertex 12.15946441674098 72.54576123740208 10.78060798488451
    vertex 12.49200745392804 71.33435445907779 10.76546248901989
  endloop
endfacet
facet normal 0.964326 0.264717 -1.56538e-16
  outer loop
    vertex 17.56828249501368 52.84220966655151 8.537488666535875
    vertex 17.22880736279117 54.07886907679065 8.533524073873206
    vertex 17.39749722744648 53.46435599840346 9.641591107373966
  endloop
endfacet
facet normal 0.964326 0.264717 1.47815e-15
  outer loop
    vertex 12.32134129635609 71.95606689023275 14.05695396679292
    vertex 12.48871951060984 71.34633196687979 15.14696716235925
    vertex 12.65764294137437 70.73096804052329 14.0494514592954
  endloop
endfacet
facet normal 0.964326 0.264717 1.80393e-15
  outer loop
    vertex 16.37703451689601 57.18175587255158 16.2706037671006
    vertex 16.71606176085767 55.94672805526267 16.27292072338152
    vertex 16.54619120968103 56.56554220597761 15.16649912573974
  endloop
endfacet
facet normal 0.964326 0.264717 -1.19201e-15
  outer loop
    vertex 13.50482634962689 67.64479991046053 8.523699066549066
    vertex 13.33601338143309 68.25976143745224 9.624417631157025
    vertex 13.6722495395333 67.03490114723003 9.622817887791669
  endloop
endfacet
facet normal 0.964326 0.264717 1.70574e-15
  outer loop
    vertex 16.37951131273119 57.172733259152 9.631534658391725
    vertex 16.54834774741605 56.55768624708574 10.73769347443639
    vertex 16.71871546454242 55.93706099183968 9.634303073489596
  endloop
endfacet
facet normal 0.964326 0.264717 9.80346e-16
  outer loop
    vertex 20.78941489659124 41.10808448937611 11.88053508600368
    vertex 21.12858332744121 39.87254234842264 11.88178783906283
    vertex 20.9598802873264 40.48710342312662 10.77630529283677
  endloop
endfacet
facet normal 0.964326 0.264717 -3.54496e-16
  outer loop
    vertex 21.97729182684355 36.78081852917126 8.579224232786514
    vertex 21.63909440882288 38.0128234091037 8.574803792779711
    vertex 21.80731458624135 37.40002133422213 9.680123679846465
  endloop
endfacet
facet normal 0.964326 0.264717 1.57878e-16
  outer loop
    vertex 14.34561806909369 64.58191578954576 14.03813888485488
    vertex 14.51428193309989 63.96749742780889 15.14144033497251
    vertex 14.68358298533273 63.35075788038925 14.04151695897133
  endloop
endfacet
facet normal 0.964326 0.264717 2.93501e-16
  outer loop
    vertex 19.26264943463116 46.66987295794496 10.76495330927375
    vertex 19.43149064735167 46.0548085401774 11.86919374248516
    vertex 19.60295063513517 45.4302042989661 10.76655508398004
  endloop
endfacet
facet normal 0.964326 0.264717 6.71348e-16
  outer loop
    vertex 14.51520459971741 63.96413628513078 12.9388575392825
    vertex 14.17732146985087 65.19499625821605 12.93488121349459
    vertex 14.34561806909369 64.58191578954576 14.03813888485488
  endloop
endfacet
facet normal 0.964326 0.264717 -7.7795e-17
  outer loop
    vertex 20.28444780329535 42.94760747209683 6.345204140603188
    vertex 20.45332363815922 42.33241693080703 7.45870253152042
    vertex 20.62535190693498 41.70574252312391 6.355951198995794
  endloop
endfacet
facet normal 0.964326 0.264717 7.91351e-16
  outer loop
    vertex 22.14216472716511 36.18021010657129 16.30130090167523
    vertex 22.31105580396829 35.564964041074 15.20028114007305
    vertex 21.9736619549775 36.79404163382614 15.20083553166081
  endloop
endfacet
facet normal 0.964326 0.264717 -1.35357e-15
  outer loop
    vertex 16.03805915958893 58.41659467417023 14.0589326310168
    vertex 15.69920746703862 59.65098298274638 14.05357235670624
    vertex 15.86802509045499 59.03600449744388 15.16157014966535
  endloop
endfacet
facet normal 0.964326 0.264717 -2.85747e-15
  outer loop
    vertex 20.96121225276265 40.48225126332311 8.569671296185316
    vertex 20.79164917316259 41.09994533900905 9.67178157998449
    vertex 21.13004515725662 39.86721711123795 9.671114552270641
  endloop
endfacet
facet normal 0.964326 0.264717 -0
  outer loop
    vertex 11.310727751305 75.6375876614903 9.24999999999998
    vertex 11.310727751305 75.6375876614903 10.49999999999998
    vertex 11.55924383020554 74.7322790883526 9.903636572296323
  endloop
endfacet
facet normal 0.964326 0.264717 0
  outer loop
    vertex 19.77119794912636 44.81730336942675 11.87304610605787
    vertex 20.11060504981607 43.5808917883428 11.87396316871876
    vertex 19.94199224807725 44.19512413753421 10.76754266866209
  endloop
endfacet
facet normal 0.964326 0.264717 1.00339e-15
  outer loop
    vertex 21.63753998644135 38.0184859477793 10.78119048570795
    vertex 21.80731458624135 37.40002133422213 9.680123679846465
    vertex 21.46889769182129 38.63282573532381 9.675230035296572
  endloop
endfacet
facet normal 0.964326 0.264717 -1.46154e-15
  outer loop
    vertex 24.54657684036348 27.42128026563438 17.99999999999998
    vertex 24.27051235112599 28.42694376214237 17.26500571839861
    vertex 24.19609558643483 28.69803340494588 18.5601043574543
  endloop
endfacet
facet normal 0.964326 0.264717 1.66162e-15
  outer loop
    vertex 13.50393842562063 67.64803449076905 10.72590645755911
    vertex 13.67185191977983 67.03634961918908 11.82894107976462
    vertex 13.8403445514879 66.42255503225257 10.72373279174667
  endloop
endfacet
facet normal 0.964326 0.264717 7.84257e-17
  outer loop
    vertex 15.52934369120843 60.26977245184207 15.15959237084891
    vertex 15.69871005068574 59.65279499946044 16.26705853954643
    vertex 15.86802509045499 59.03600449744388 15.16157014966535
  endloop
endfacet
facet normal 0.964326 0.264717 -1.1173e-15
  outer loop
    vertex 17.39565924657407 53.47105150015295 11.85352078970895
    vertex 17.73487516890001 52.23533635453703 11.85615632072379
    vertex 17.56604475492383 52.85036143402166 10.74985047335385
  endloop
endfacet
facet normal 0.964326 0.264717 -6.98036e-16
  outer loop
    vertex 17.56469148772697 52.85529119309596 12.96172270824596
    vertex 17.39509469869523 53.47310806742586 14.0652484299095
    vertex 17.7338846665423 52.23894461312582 14.06407978867214
  endloop
endfacet
facet normal 0.964326 0.264717 2.25602e-15
  outer loop
    vertex 21.80898461100822 37.39393767257138 7.472372928127928
    vertex 21.9806074747894 36.76874009736852 6.372305322954285
    vertex 21.64130219214162 38.00478076987118 6.364894955963805
  endloop
endfacet
facet normal 0.964326 0.264717 9.82672e-17
  outer loop
    vertex 19.94367097713905 44.18900876738051 8.559664410776683
    vertex 19.77362685478215 44.80845521310924 9.662982096110245
    vertex 20.11253224758574 43.57387128218186 9.662548953517305
  endloop
endfacet
facet normal 0.964326 0.264717 2.43151e-15
  outer loop
    vertex 16.20715331117611 57.8006088362455 15.1643621293327
    vertex 16.37703451689601 57.18175587255158 16.2706037671006
    vertex 16.54619120968103 56.56554220597761 15.16649912573974
  endloop
endfacet
facet normal 0.964326 0.264717 -2.36052e-15
  outer loop
    vertex 11.57773201081706 74.66492928755349 8.688826038324683
    vertex 11.310727751305 75.6375876614903 9.24999999999998
    vertex 11.55924383020554 74.7322790883526 9.903636572296323
  endloop
endfacet
facet normal 0.964326 0.264717 -2.15633e-16
  outer loop
    vertex 16.54834774741605 56.55768624708574 10.73769347443639
    vertex 16.88747104814348 55.32230850872153 10.74135106808567
    vertex 16.71871546454242 55.93706099183968 9.634303073489596
  endloop
endfacet
facet normal 0.964326 0.264717 4.30903e-16
  outer loop
    vertex 16.54619120968103 56.56554220597761 15.16649912573974
    vertex 16.71606176085767 55.94672805526267 16.27292072338152
    vertex 16.88559059580264 55.32915872796315 15.16881937493092
  endloop
endfacet
facet normal 0.964326 0.264717 1.41228e-15
  outer loop
    vertex 21.12743294884853 39.87673301329599 16.29375519605954
    vertex 21.29631378937128 39.26152423710597 17.40304481214768
    vertex 21.4663251617789 38.64219709476391 16.30175645952753
  endloop
endfacet
facet normal 0.964326 0.264717 1.66972e-15
  outer loop
    vertex 13.84036914469304 66.42246544271956 8.518212253368798
    vertex 14.0102789715142 65.80350821644248 7.413024282966823
    vertex 13.67508103444376 67.0245864157705 7.417892816361409
  endloop
endfacet
facet normal 0.964326 0.264717 9.11907e-16
  outer loop
    vertex 13.33601338143309 68.25976143745224 9.624417631157025
    vertex 13.50393842562063 67.64803449076905 10.72590645755911
    vertex 13.6722495395333 67.03490114723003 9.622817887791669
  endloop
endfacet
facet normal 0.964326 0.264717 -1.39516e-15
  outer loop
    vertex 18.41276409272646 49.76588384631212 14.06901934529608
    vertex 18.24319549880513 50.38359800988266 12.96681937649031
    vertex 18.07300311300801 51.00358455814359 14.06562552115069
  endloop
endfacet
facet normal 0.964326 0.264717 -2.97306e-16
  outer loop
    vertex 14.00807929350608 65.81152132918633 9.609204040368942
    vertex 14.17803319538815 65.19240354375881 8.50444356502569
    vertex 13.84036914469304 66.42246544271956 8.518212253368798
  endloop
endfacet
facet normal 0.964326 0.264717 1.43341e-15
  outer loop
    vertex 20.47400639938472 42.2570725863427 5.220577589205399
    vertex 20.30431370614352 42.87523882600711 4.107747165190184
    vertex 20.13221210401777 43.50218037660802 5.214392450511814
  endloop
endfacet
facet normal 0.964326 0.264717 1.00419e-15
  outer loop
    vertex 21.63753998644135 38.0184859477793 10.78119048570795
    vertex 21.97569182927148 36.78664709175524 10.78605029900623
    vertex 21.80731458624135 37.40002133422213 9.680123679846465
  endloop
endfacet
facet normal 0.964326 0.264717 6.4175e-16
  outer loop
    vertex 14.51520459971741 63.96413628513078 12.9388575392825
    vertex 14.34561806909369 64.58191578954576 14.03813888485488
    vertex 14.68358298533273 63.35075788038925 14.04151695897133
  endloop
endfacet
facet normal 0.964326 0.264717 -1.33654e-15
  outer loop
    vertex 19.96493264014376 44.11155556643477 4.108109217715782
    vertex 19.79524178863648 44.72971509692559 5.220567905011521
    vertex 20.13221210401777 43.50218037660802 5.214392450511814
  endloop
endfacet
facet normal 0.964326 0.264717 1.75781e-15
  outer loop
    vertex 20.28107836909685 42.95988183953423 10.76733682397083
    vertex 20.45193072393108 42.3374911183524 9.667700044567557
    vertex 20.11253224758574 43.57387128218186 9.662548953517305
  endloop
endfacet
facet normal 0.964326 0.264717 1.91536e-15
  outer loop
    vertex 23.9926473758121 29.43916617221442 15.37581286633588
    vertex 23.79779843226493 30.14897303799337 16.37361586502865
    vertex 24.05445477890082 29.21401063239121 16.58997996929682
  endloop
endfacet
facet normal 0.964326 0.264717 -1.05836e-15
  outer loop
    vertex 16.71606176085767 55.94672805526267 16.27292072338152
    vertex 17.05546538311899 54.71032914559648 16.27376127093702
    vertex 16.88559059580264 55.32915872796315 15.16881937493092
  endloop
endfacet
facet normal 0.964326 0.264717 1.33029e-15
  outer loop
    vertex 18.07347892724799 51.0018512348408 16.27824608710582
    vertex 18.41317220479599 49.76439715234453 16.2785151350117
    vertex 18.24152891290754 50.38966914422389 15.17275284815722
  endloop
endfacet
facet normal 0.964326 0.264717 2.86324e-16
  outer loop
    vertex 11.63165487728481 74.46849598827809 18.52595937885147
    vertex 11.310727751305 75.6375876614903 19.24999999999999
    vertex 11.60779143897198 74.55542708498915 19.90911876882355
  endloop
endfacet
facet normal 0.964326 0.264717 -2.12235e-16
  outer loop
    vertex 11.61228370854067 74.53906238870319 6.019725138233325
    vertex 11.310727751305 75.6375876614903 6.74999999999999
    vertex 11.64894862696453 74.40549732873056 7.365948994158741
  endloop
endfacet
facet normal 0.964326 0.264717 -1.78891e-15
  outer loop
    vertex 15.02179240275817 62.11870928833943 14.04734943985313
    vertex 14.68358298533273 63.35075788038925 14.04151695897133
    vertex 14.85220995487388 62.73647391991793 15.14951946742956
  endloop
endfacet
facet normal 0.964326 0.264717 -7.88789e-16
  outer loop
    vertex 14.85341679278019 62.73207758183064 12.94089445874084
    vertex 14.51520459971741 63.96413628513078 12.9388575392825
    vertex 14.68358298533273 63.35075788038925 14.04151695897133
  endloop
endfacet
facet normal 0.964326 0.264717 -5.87533e-16
  outer loop
    vertex 16.71871546454242 55.93706099183968 9.634303073489596
    vertex 16.88747104814348 55.32230850872153 10.74135106808567
    vertex 17.0580978056699 54.70073960630385 9.63755260658748
  endloop
endfacet
facet normal 0.964326 0.264717 2.73683e-16
  outer loop
    vertex 17.90505733730027 51.61538702679323 10.75488555600088
    vertex 18.24466766074006 50.37823513426257 10.7563672156495
    vertex 18.07487080057075 50.99678083916505 9.648921771301712
  endloop
endfacet
facet normal 0.964326 0.264717 1.1205e-15
  outer loop
    vertex 18.75460560126415 48.52060406521053 9.655895959547102
    vertex 18.58645894105394 49.13313832740484 8.547938361631209
    vertex 18.41682460812829 49.75109196877685 9.653002157423249
  endloop
endfacet
facet normal 0.964326 0.264717 5.74757e-16
  outer loop
    vertex 13.50393842562063 67.64803449076905 10.72590645755911
    vertex 13.8403445514879 66.42255503225257 10.72373279174667
    vertex 13.6722495395333 67.03490114723003 9.622817887791669
  endloop
endfacet
facet normal 0.964326 0.264717 -2.4479e-15
  outer loop
    vertex 18.58248836113746 49.14760258281486 12.96881696050954
    vertex 18.41276409272646 49.76588384631212 14.06901934529608
    vertex 18.75320848317879 48.52569356680718 14.07273218450483
  endloop
endfacet
facet normal 0.964326 0.264717 5.33896e-16
  outer loop
    vertex 21.80471082932183 37.40950644871465 16.30334171412105
    vertex 21.63545762405089 38.0260716964874 15.20448649233284
    vertex 21.4663251617789 38.64219709476391 16.30175645952753
  endloop
endfacet
facet normal 0.964326 0.264717 -2.7395e-16
  outer loop
    vertex 17.05546538311899 54.71032914559648 16.27376127093702
    vertex 17.39528186083824 53.47242626247634 16.27531097739312
    vertex 17.22522695722834 54.09191198276955 15.16958080348551
  endloop
endfacet
facet normal 0.964326 0.264717 1.64589e-15
  outer loop
    vertex 16.88747104814348 55.32230850872153 10.74135106808567
    vertex 17.22674345969665 54.0863875809207 10.74424305327807
    vertex 17.0580978056699 54.70073960630385 9.63755260658748
  endloop
endfacet
facet normal 0.964326 0.264717 -3.347e-16
  outer loop
    vertex 21.46635398735491 38.64209208730843 14.09918335466313
    vertex 21.12775089817797 39.87557476931016 14.09542288643318
    vertex 21.29794232907378 39.25559169961826 15.19944747264733
  endloop
endfacet
facet normal 0.964326 0.264717 -2.42534e-15
  outer loop
    vertex 23.156835962427 32.48390774954586 7.501341073624739
    vertex 23.3256582584552 31.86891224258598 6.405669694222367
    vertex 22.99038855008822 33.09025189449425 6.401352409252652
  endloop
endfacet
facet normal 0.964326 0.264717 -9.87288e-16
  outer loop
    vertex 24.26001230156893 28.46519394267165 19.87499999999998
    vertex 24.54657684036348 27.42128026563438 19.24999999999999
    vertex 24.19609558643483 28.69803340494588 18.5601043574543
  endloop
endfacet
facet normal 0.964326 0.264717 -1.29658e-15
  outer loop
    vertex 22.8209502612613 33.7074913752209 7.494526796297766
    vertex 23.156835962427 32.48390774954586 7.501341073624739
    vertex 22.99038855008822 33.09025189449425 6.401352409252652
  endloop
endfacet
facet normal 0.964326 0.264717 -8.81577e-16
  outer loop
    vertex 19.26179056111274 46.67300171147635 12.97461730532766
    vertex 18.92235764403443 47.9095073379759 12.96992398599138
    vertex 19.0923196844573 47.29035990500688 14.07719334010002
  endloop
endfacet
facet normal 0.964326 0.264717 2.14402e-16
  outer loop
    vertex 17.22463539350863 54.09406696489133 19.59987829470299
    vertex 16.89175084873391 55.30671780657067 19.63347618751809
    vertex 17.0656236614768 54.67332398872156 20.74833419752129
  endloop
endfacet
facet normal 0.964326 0.264717 -1.76267e-15
  outer loop
    vertex 16.88559059580264 55.32915872796315 15.16881937493092
    vertex 17.05546538311899 54.71032914559648 16.27376127093702
    vertex 17.22522695722834 54.09191198276955 15.16958080348551
  endloop
endfacet
facet normal 0.964326 0.264717 7.61711e-16
  outer loop
    vertex 21.3221236470555 39.16750261268487 4.111358828029887
    vertex 20.98306422562863 40.40264764788276 4.109021819321659
    vertex 21.15003629413103 39.79439225548116 5.219681698516487
  endloop
endfacet
facet normal 0.964326 0.264717 -4.31966e-16
  outer loop
    vertex 17.56604475492383 52.85036143402166 10.74985047335385
    vertex 17.73487516890001 52.23533635453703 11.85615632072379
    vertex 17.90505733730027 51.61538702679323 10.75488555600088
  endloop
endfacet
facet normal 0.964326 0.264717 -1.11573e-15
  outer loop
    vertex 13.51083952293047 67.62289477914037 6.321691571734462
    vertex 13.67508103444376 67.0245864157705 7.417892816361409
    vertex 13.84659727404818 66.39977725721157 6.317331193695992
  endloop
endfacet
facet normal 0.964326 0.264717 -1.58069e-15
  outer loop
    vertex 17.73698273615808 52.22765878809692 9.648655312228339
    vertex 17.56604475492383 52.85036143402166 10.74985047335385
    vertex 17.90505733730027 51.61538702679323 10.75488555600088
  endloop
endfacet
facet normal 0.964326 0.264717 -2.55244e-16
  outer loop
    vertex 16.3771017452387 57.18151096930324 14.06232738749969
    vertex 16.03805915958893 58.41659467417023 14.0589326310168
    vertex 16.20715331117611 57.8006088362455 15.1643621293327
  endloop
endfacet
facet normal 0.964326 0.264717 -1.18202e-16
  outer loop
    vertex 21.97569182927148 36.78664709175524 10.78605029900623
    vertex 22.14533168254965 36.1686733405276 9.68526031219969
    vertex 21.80731458624135 37.40002133422213 9.680123679846465
  endloop
endfacet
facet normal 0.964326 0.264717 2.74371e-16
  outer loop
    vertex 20.11408548089345 43.56821307513235 7.455720731018968
    vertex 20.28444780329535 42.94760747209683 6.345204140603188
    vertex 19.945145890681 44.1836358680491 6.356325924478427
  endloop
endfacet
facet normal 0.964326 0.264717 0
  outer loop
    vertex 18.92303870539546 47.90702632873215 15.17770339366937
    vertex 19.09200921779926 47.29149089068977 16.28256061458282
    vertex 19.26194268074157 46.67244756139992 15.1846688907911
  endloop
endfacet
facet normal 0.964326 0.264717 6.87127e-16
  outer loop
    vertex 20.9598802873264 40.48710342312662 10.77630529283677
    vertex 20.79164917316259 41.09994533900905 9.67178157998449
    vertex 20.62060611323766 41.72303077159273 10.77342218163655
  endloop
endfacet
facet normal 0.964326 0.264717 2.96504e-16
  outer loop
    vertex 22.14216472716511 36.18021010657129 16.30130090167523
    vertex 21.9736619549775 36.79404163382614 15.20083553166081
    vertex 21.80471082932183 37.40950644871465 16.30334171412105
  endloop
endfacet
facet normal 0.964326 0.264717 5.09521e-16
  outer loop
    vertex 15.69920746703862 59.65098298274638 14.05357235670624
    vertex 15.52934369120843 60.26977245184207 15.15959237084891
    vertex 15.86802509045499 59.03600449744388 15.16157014966535
  endloop
endfacet
facet normal 0.964326 0.264717 8.07629e-16
  outer loop
    vertex 22.14533168254965 36.1686733405276 9.68526031219969
    vertex 21.97729182684355 36.78081852917126 8.579224232786514
    vertex 21.80731458624135 37.40002133422213 9.680123679846465
  endloop
endfacet
facet normal 0.964326 0.264717 1.61443e-15
  outer loop
    vertex 18.75460560126415 48.52060406521053 9.655895959547102
    vertex 18.58362209569963 49.14347254976696 10.76094136553192
    vertex 18.92293442319004 47.90740621390907 10.76391344960876
  endloop
endfacet
facet normal 0.964326 0.264717 -1.34243e-15
  outer loop
    vertex 21.97310836180667 36.79605829466277 17.40522262146576
    vertex 22.14216472716511 36.18021010657129 16.30130090167523
    vertex 21.80471082932183 37.40950644871465 16.30334171412105
  endloop
endfacet
facet normal 0.964326 0.264717 2.43838e-15
  outer loop
    vertex 17.73492375043062 52.23515937896123 16.2755881594969
    vertex 17.90384575371731 51.61980065270259 15.17026851463911
    vertex 17.56451828405332 52.85592214933567 15.16979017244514
  endloop
endfacet
facet normal 0.964326 0.264717 1.3097e-15
  outer loop
    vertex 14.51272245473022 63.97317838472698 17.35365622300234
    vertex 14.68140414469375 63.35869508557411 18.46995733812833
    vertex 14.8508010738291 62.74160627229534 17.3627181197035
  endloop
endfacet
facet normal 0.964326 0.264717 1.17978e-15
  outer loop
    vertex 14.51428193309989 63.96749742780889 15.14144033497251
    vertex 14.68222697757119 63.35569762294917 16.25121169284749
    vertex 14.85220995487388 62.73647391991793 15.14951946742956
  endloop
endfacet
facet normal 0.964326 0.264717 5.28807e-16
  outer loop
    vertex 19.27280084367587 46.63289282499638 6.337508634292903
    vertex 19.43543833812026 46.04042766666325 7.449404468367598
    vertex 19.61109325375899 45.40054190255071 6.343663760801283
  endloop
endfacet
facet normal 0.964326 0.264717 1.337e-15
  outer loop
    vertex 21.29895537133402 39.25190133138457 10.7766145687144
    vertex 21.63753998644135 38.0184859477793 10.78119048570795
    vertex 21.46889769182129 38.63282573532381 9.675230035296572
  endloop
endfacet
facet normal 0.964326 0.264717 1.09492e-15
  outer loop
    vertex 18.92293442319004 47.90740621390907 10.76391344960876
    vertex 19.26264943463116 46.66987295794496 10.76495330927375
    vertex 19.09258320463979 47.28939993862784 9.658257275521603
  endloop
endfacet
facet normal 0.964326 0.264717 1.13909e-15
  outer loop
    vertex 19.77362685478215 44.80845521310924 9.662982096110245
    vertex 19.60460493125052 45.42417793454588 8.557571932101229
    vertex 19.43509236673454 46.04168799099693 9.662341082169906
  endloop
endfacet
facet normal 0.964326 0.264717 9.7246e-16
  outer loop
    vertex 16.3771017452387 57.18151096930324 14.06232738749969
    vertex 16.20715331117611 57.8006088362455 15.1643621293327
    vertex 16.54619120968103 56.56554220597761 15.16649912573974
  endloop
endfacet
facet normal 0.964326 0.264717 -2.10749e-15
  outer loop
    vertex 18.41682460812829 49.75109196877685 9.653002157423249
    vertex 18.24466766074006 50.37823513426257 10.7563672156495
    vertex 18.58362209569963 49.14347254976696 10.76094136553192
  endloop
endfacet
facet normal 0.964326 0.264717 -5.9253e-16
  outer loop
    vertex 17.39531508040015 53.47230524835793 20.70660045863192
    vertex 17.22463539350863 54.09406696489133 19.59987829470299
    vertex 17.0656236614768 54.67332398872156 20.74833419752129
  endloop
endfacet
facet normal 0.964326 0.264717 -5.18262e-16
  outer loop
    vertex 23.3256582584552 31.86891224258598 6.405669694222367
    vertex 23.15796734286857 32.47978629222296 5.304095261892204
    vertex 22.99038855008822 33.09025189449425 6.401352409252652
  endloop
endfacet
facet normal 0.964326 0.264717 1.5396e-15
  outer loop
    vertex 16.05675742647676 58.34847955907888 5.20657095347199
    vertex 15.87956998341519 58.99394810166029 6.318868530001051
    vertex 16.21876754641404 57.75829983645022 6.317285130544159
  endloop
endfacet
facet normal 0.964326 0.264717 2.86518e-15
  outer loop
    vertex 20.45193072393108 42.3374911183524 9.667700044567557
    vertex 20.28107836909685 42.95988183953423 10.76733682397083
    vertex 20.62060611323766 41.72303077159273 10.77342218163655
  endloop
endfacet
facet normal 0.964326 0.264717 -2.47564e-15
  outer loop
    vertex 12.48945625291328 71.34364811991723 12.96772427462982
    vertex 12.32134129635609 71.95606689023275 14.05695396679292
    vertex 12.65764294137437 70.73096804052329 14.0494514592954
  endloop
endfacet
facet normal 0.964326 0.264717 1.17838e-16
  outer loop
    vertex 17.73487516890001 52.23533635453703 11.85615632072379
    vertex 18.07413114678232 50.99947529225145 11.85906570818776
    vertex 17.90505733730027 51.61538702679323 10.75488555600088
  endloop
endfacet
facet normal 0.964326 0.264717 1.31052e-15
  outer loop
    vertex 15.87956998341519 58.99394810166029 6.318868530001051
    vertex 16.05675742647676 58.34847955907888 5.20657095347199
    vertex 15.71570514528095 59.59088429772073 5.211739979447978
  endloop
endfacet
facet normal 0.964326 0.264717 -5.89637e-17
  outer loop
    vertex 16.71616906350333 55.9463371670535 14.06565893871391
    vertex 16.3771017452387 57.18151096930324 14.06232738749969
    vertex 16.54619120968103 56.56554220597761 15.16649912573974
  endloop
endfacet
facet normal 0.964326 0.264717 -1.92976e-15
  outer loop
    vertex 19.45586565226406 45.96601387942513 5.220569310549278
    vertex 19.28617525482331 46.58417175581644 4.107243054022341
    vertex 19.11098058637399 47.22238090516753 5.223971344474746
  endloop
endfacet
facet normal 0.964326 0.264717 1.19484e-15
  outer loop
    vertex 11.310727751305 75.6375876614903 20.49999999999999
    vertex 11.5985993237982 74.58891264740789 21.12801336585455
    vertex 11.60779143897198 74.55542708498915 19.90911876882355
  endloop
endfacet
facet normal 0.964326 0.264717 -2.12062e-15
  outer loop
    vertex 18.94679535188127 47.82048425939098 4.106736676445879
    vertex 18.77710614304666 48.43863780585994 5.220571472511059
    vertex 19.11098058637399 47.22238090516753 5.223971344474746
  endloop
endfacet
facet normal 0.964326 0.264717 -1.4896e-15
  outer loop
    vertex 17.7338846665423 52.23894461312582 14.06407978867214
    vertex 17.90384575371731 51.61980065270259 15.17026851463911
    vertex 18.07300311300801 51.00358455814359 14.06562552115069
  endloop
endfacet
facet normal 0.964326 0.264717 7.65322e-16
  outer loop
    vertex 19.77362685478215 44.80845521310924 9.662982096110245
    vertex 19.94199224807725 44.19512413753421 10.76754266866209
    vertex 20.11253224758574 43.57387128218186 9.662548953517305
  endloop
endfacet
facet normal 0.964326 0.264717 -6.08277e-16
  outer loop
    vertex 23.15031401074682 32.50766628780935 20.69634975473482
    vertex 23.31900899802966 31.89313454842186 19.59717229011792
    vertex 22.98384504806635 33.11408893757394 19.59714635750049
  endloop
endfacet
facet normal 0.964326 0.264717 -1.18805e-15
  outer loop
    vertex 17.90759638641295 51.606137633597 8.541451654488807
    vertex 17.73698273615808 52.22765878809692 9.648655312228339
    vertex 18.07487080057075 50.99678083916505 9.648921771301712
  endloop
endfacet
facet normal 0.964326 0.264717 -3.63421e-16
  outer loop
    vertex 16.71616906350333 55.9463371670535 14.06565893871391
    vertex 16.54619120968103 56.56554220597761 15.16649912573974
    vertex 16.88559059580264 55.32915872796315 15.16881937493092
  endloop
endfacet
facet normal 0.964326 0.264717 -8.45993e-16
  outer loop
    vertex 20.79245960593162 41.09699304820759 7.461323324450636
    vertex 21.13148938693985 39.86195598882044 7.46538433869152
    vertex 20.96283546851369 40.47633812023005 6.36183565624582
  endloop
endfacet
facet normal 0.964326 0.264717 -3.44658e-16
  outer loop
    vertex 14.68358298533273 63.35075788038925 14.04151695897133
    vertex 14.51428193309989 63.96749742780889 15.14144033497251
    vertex 14.85220995487388 62.73647391991793 15.14951946742956
  endloop
endfacet
facet normal 0.964326 0.264717 1.68237e-15
  outer loop
    vertex 18.41276409272646 49.76588384631212 14.06901934529608
    vertex 18.07300311300801 51.00358455814359 14.06562552115069
    vertex 18.24152891290754 50.38966914422389 15.17275284815722
  endloop
endfacet
facet normal 0.964326 0.264717 7.45508e-16
  outer loop
    vertex 20.79164917316259 41.09994533900905 9.67178157998449
    vertex 20.62244043504651 41.71634859928906 8.567335352231446
    vertex 20.45193072393108 42.3374911183524 9.667700044567557
  endloop
endfacet
facet normal 0.964326 0.264717 8.84432e-16
  outer loop
    vertex 18.75297525305504 48.52654319082939 16.27922639449295
    vertex 18.92303870539546 47.90702632873215 15.17770339366937
    vertex 18.58437073796321 49.14074535294965 15.17309063912214
  endloop
endfacet
facet normal 0.964326 0.264717 -1.57515e-15
  outer loop
    vertex 19.43509236673454 46.04168799099693 9.662341082169906
    vertex 19.26264943463116 46.66987295794496 10.76495330927375
    vertex 19.60295063513517 45.4302042989661 10.76655508398004
  endloop
endfacet
facet normal 0.964326 0.264717 1.92807e-16
  outer loop
    vertex 19.09605396401265 47.27675645805527 7.446959928815769
    vertex 19.27280084367587 46.63289282499638 6.337508634292903
    vertex 18.92714027255276 47.89208490551628 6.351198919027015
  endloop
endfacet
facet normal 0.964326 0.264717 5.69859e-16
  outer loop
    vertex 21.29895537133402 39.25190133138457 10.7766145687144
    vertex 21.46889769182129 38.63282573532381 9.675230035296572
    vertex 21.13004515725662 39.86721711123795 9.671114552270641
  endloop
endfacet
facet normal 0.964326 0.264717 -3.71768e-16
  outer loop
    vertex 20.44968322931777 42.34567842015803 11.87687426245598
    vertex 20.78941489659124 41.10808448937611 11.88053508600368
    vertex 20.62060611323766 41.72303077159273 10.77342218163655
  endloop
endfacet
facet normal 0.964326 0.264717 9.04367e-16
  outer loop
    vertex 18.41341282371091 49.7635206120116 11.86151936412978
    vertex 18.75271179633222 48.52750292603395 11.86324629078969
    vertex 18.58362209569963 49.14347254976696 10.76094136553192
  endloop
endfacet
facet normal 0.964326 0.264717 7.653e-16
  outer loop
    vertex 17.05541092086161 54.71052754381975 14.06455459529734
    vertex 16.71616906350333 55.9463371670535 14.06565893871391
    vertex 16.88559059580264 55.32915872796315 15.16881937493092
  endloop
endfacet
facet normal 0.964326 0.264717 1.5503e-15
  outer loop
    vertex 17.39509469869523 53.47310806742586 14.0652484299095
    vertex 17.56451828405332 52.85592214933567 15.16979017244514
    vertex 17.7338846665423 52.23894461312582 14.06407978867214
  endloop
endfacet
facet normal 0.964326 0.264717 1.45756e-15
  outer loop
    vertex 23.31900899802966 31.89313454842186 19.59717229011792
    vertex 23.15137400552507 32.50380487826001 18.49924058233777
    vertex 22.98384504806635 33.11408893757394 19.59714635750049
  endloop
endfacet
facet normal 0.964326 0.264717 1.59573e-16
  outer loop
    vertex 23.15137400552507 32.50380487826001 18.49924058233777
    vertex 22.81542647860257 33.72761372633482 18.50214859845327
    vertex 22.98384504806635 33.11408893757394 19.59714635750049
  endloop
endfacet
facet normal 0.964326 0.264717 1.57364e-16
  outer loop
    vertex 18.58362209569963 49.14347254976696 10.76094136553192
    vertex 18.75271179633222 48.52750292603395 11.86324629078969
    vertex 18.92293442319004 47.90740621390907 10.76391344960876
  endloop
endfacet
facet normal 0.964326 0.264717 -8.45026e-16
  outer loop
    vertex 21.13004515725662 39.86721711123795 9.671114552270641
    vertex 20.79164917316259 41.09994533900905 9.67178157998449
    vertex 20.9598802873264 40.48710342312662 10.77630529283677
  endloop
endfacet
facet normal 0.964326 0.264717 -1.00416e-15
  outer loop
    vertex 21.63909440882288 38.0128234091037 8.574803792779711
    vertex 21.30020571265151 39.24734651658511 8.573391505760004
    vertex 21.46889769182129 38.63282573532381 9.675230035296572
  endloop
endfacet
facet normal 0.964326 0.264717 -1.95503e-15
  outer loop
    vertex 20.79245960593162 41.09699304820759 7.461323324450636
    vertex 20.96283546851369 40.47633812023005 6.36183565624582
    vertex 20.62535190693498 41.70574252312391 6.355951198995794
  endloop
endfacet
facet normal 0.964326 0.264717 7.66955e-16
  outer loop
    vertex 18.75271179633222 48.52750292603395 11.86324629078969
    vertex 19.0921255926109 47.29106695387592 11.86611662129167
    vertex 18.92293442319004 47.90740621390907 10.76391344960876
  endloop
endfacet
facet normal 0.964326 0.264717 9.81885e-16
  outer loop
    vertex 19.0923196844573 47.29035990500688 14.07719334010002
    vertex 18.92303870539546 47.90702632873215 15.17770339366937
    vertex 19.26194268074157 46.67244756139992 15.1846688907911
  endloop
endfacet
facet normal 0.964326 0.264717 1.09669e-15
  outer loop
    vertex 17.05541092086161 54.71052754381975 14.06455459529734
    vertex 16.88559059580264 55.32915872796315 15.16881937493092
    vertex 17.22522695722834 54.09191198276955 15.16958080348551
  endloop
endfacet
facet normal 0.964326 0.264717 1.95473e-16
  outer loop
    vertex 18.25474153797985 50.34153743860333 6.331919631331543
    vertex 18.41739817451765 49.74900254835848 7.440271148707495
    vertex 18.59421946851561 49.10486783450875 6.334279986709423
  endloop
endfacet
facet normal 0.964326 0.264717 -5.32323e-16
  outer loop
    vertex 21.46889769182129 38.63282573532381 9.675230035296572
    vertex 21.30020571265151 39.24734651658511 8.573391505760004
    vertex 21.13004515725662 39.86721711123795 9.671114552270641
  endloop
endfacet
facet normal 0.964326 0.264717 2.68087e-16
  outer loop
    vertex 22.64716205427199 34.34057698639621 19.60980072451385
    vertex 22.4819998855046 34.94223917262028 20.72643610677012
    vertex 22.81481419837439 33.7298441757375 20.71649349566132
  endloop
endfacet
facet normal 0.964326 0.264717 2.18363e-16
  outer loop
    vertex 22.48888789204704 34.91714714878712 5.265812902834115
    vertex 22.65408560412228 34.31535548337018 6.382350257708946
    vertex 22.82257909228104 33.70155777650613 5.28067801337134
  endloop
endfacet
facet normal 0.964326 0.264717 -1.62623e-15
  outer loop
    vertex 21.12743294884853 39.87673301329599 16.29375519605954
    vertex 21.29794232907378 39.25559169961826 15.19944747264733
    vertex 20.95805447756063 40.49375458727332 15.19477621739772
  endloop
endfacet
facet normal 0.964326 0.264717 -1.39589e-15
  outer loop
    vertex 18.92518661991937 47.89920178296649 8.551352775255701
    vertex 18.75460560126415 48.52060406521053 9.655895959547102
    vertex 19.09258320463979 47.28939993862784 9.658257275521603
  endloop
endfacet
facet normal 0.964326 0.264717 1.11608e-15
  outer loop
    vertex 17.39509469869523 53.47310806742586 14.0652484299095
    vertex 17.05541092086161 54.71052754381975 14.06455459529734
    vertex 17.22522695722834 54.09191198276955 15.16958080348551
  endloop
endfacet
facet normal 0.964326 0.264717 -2.56614e-15
  outer loop
    vertex 21.12743294884853 39.87673301329599 16.29375519605954
    vertex 21.4663251617789 38.64219709476391 16.30175645952753
    vertex 21.29794232907378 39.25559169961826 15.19944747264733
  endloop
endfacet
facet normal 0.964326 0.264717 6.47303e-16
  outer loop
    vertex 19.43157353691305 46.05450658534666 14.08248876224025
    vertex 19.26194268074157 46.67244756139992 15.1846688907911
    vertex 19.60131660145975 45.43615685021224 15.1877562506397
  endloop
endfacet
facet normal 0.964326 0.264717 -6.68375e-16
  outer loop
    vertex 18.75460560126415 48.52060406521053 9.655895959547102
    vertex 18.41682460812829 49.75109196877685 9.653002157423249
    vertex 18.58362209569963 49.14347254976696 10.76094136553192
  endloop
endfacet
facet normal 0.964326 0.264717 -1.02038e-15
  outer loop
    vertex 20.45332363815922 42.33241693080703 7.45870253152042
    vertex 20.79245960593162 41.09699304820759 7.461323324450636
    vertex 20.62535190693498 41.70574252312391 6.355951198995794
  endloop
endfacet
facet normal 0.964326 0.264717 -8.25686e-16
  outer loop
    vertex 17.73698273615808 52.22765878809692 9.648655312228339
    vertex 17.90505733730027 51.61538702679323 10.75488555600088
    vertex 18.07487080057075 50.99678083916505 9.648921771301712
  endloop
endfacet
facet normal 0.964326 0.264717 -1.96292e-17
  outer loop
    vertex 19.77060424065423 44.81946616457522 14.08491477823136
    vertex 19.43157353691305 46.05450658534666 14.08248876224025
    vertex 19.60131660145975 45.43615685021224 15.1877562506397
  endloop
endfacet
facet normal 0.964326 0.264717 -1.27541e-15
  outer loop
    vertex 17.92850208775844 51.52998115012419 4.105743215822994
    vertex 17.75244383083712 52.17133622890897 5.220719172794464
    vertex 18.0906973161275 50.93912710392259 5.221791805447412
  endloop
endfacet
facet normal 0.964326 0.264717 5.21135e-16
  outer loop
    vertex 18.4322418973685 49.69492898654467 5.219979054381897
    vertex 18.26712198817757 50.29643722716877 4.106308467905726
    vertex 18.0906973161275 50.93912710392259 5.221791805447412
  endloop
endfacet
facet normal 0.964326 0.264717 -9.4613e-16
  outer loop
    vertex 21.30020571265151 39.24734651658511 8.573391505760004
    vertex 20.96121225276265 40.48225126332311 8.569671296185316
    vertex 21.13004515725662 39.86721711123795 9.671114552270641
  endloop
endfacet
facet normal 0.964326 0.264717 3.72034e-16
  outer loop
    vertex 19.43149064735167 46.0548085401774 11.86919374248516
    vertex 19.77119794912636 44.81730336942675 11.87304610605787
    vertex 19.60295063513517 45.4302042989661 10.76655508398004
  endloop
endfacet
facet normal 0.964326 0.264717 2.9406e-17
  outer loop
    vertex 21.12858332744121 39.87254234842264 11.88178783906283
    vertex 21.29895537133402 39.25190133138457 10.7766145687144
    vertex 20.9598802873264 40.48710342312662 10.77630529283677
  endloop
endfacet
facet normal 0.964326 0.264717 -1.37317e-15
  outer loop
    vertex 19.77060424065423 44.81946616457522 14.08491477823136
    vertex 19.60131660145975 45.43615685021224 15.1877562506397
    vertex 19.94062689976828 44.20009790637405 15.18977370313593
  endloop
endfacet
facet normal 0.964326 0.264717 -8.12662e-16
  outer loop
    vertex 20.11060504981607 43.5808917883428 11.87396316871876
    vertex 20.28107836909685 42.95988183953423 10.76733682397083
    vertex 19.94199224807725 44.19512413753421 10.76754266866209
  endloop
endfacet
facet normal 0.964326 0.264717 -5.89546e-16
  outer loop
    vertex 20.10960417617956 43.58453782801865 14.08882199786947
    vertex 19.77060424065423 44.81946616457522 14.08491477823136
    vertex 19.94062689976828 44.20009790637405 15.18977370313593
  endloop
endfacet
facet normal 0.964326 0.264717 9.00707e-16
  outer loop
    vertex 18.41276409272646 49.76588384631212 14.06901934529608
    vertex 18.58437073796321 49.14074535294965 15.17309063912214
    vertex 18.75320848317879 48.52569356680718 14.07273218450483
  endloop
endfacet
facet normal 0.964326 0.264717 1.45682e-15
  outer loop
    vertex 17.90392075617645 51.61952742945858 12.96608150534233
    vertex 17.56469148772697 52.85529119309596 12.96172270824596
    vertex 17.7338846665423 52.23894461312582 14.06407978867214
  endloop
endfacet
facet normal 0.964326 0.264717 1.67731e-15
  outer loop
    vertex 20.44850432900934 42.34997298556733 14.09390777477124
    vertex 20.10960417617956 43.58453782801865 14.08882199786947
    vertex 20.27957385696017 42.96536256231786 15.19004188498319
  endloop
endfacet
facet normal 0.964326 0.264717 -2.53708e-15
  outer loop
    vertex 21.12775089817797 39.87557476931016 14.09542288643318
    vertex 20.78777112806888 41.11407250327898 14.09644753590108
    vertex 20.95805447756063 40.49375458727332 15.19477621739772
  endloop
endfacet
facet normal 0.964326 0.264717 9.05601e-16
  outer loop
    vertex 20.10960417617956 43.58453782801865 14.08882199786947
    vertex 19.94062689976828 44.20009790637405 15.18977370313593
    vertex 20.27957385696017 42.96536256231786 15.19004188498319
  endloop
endfacet
facet normal 0.964326 0.264717 2.39609e-15
  outer loop
    vertex 20.28328793760095 42.95183269712648 8.562375647099211
    vertex 19.94367097713905 44.18900876738051 8.559664410776683
    vertex 20.11253224758574 43.57387128218186 9.662548953517305
  endloop
endfacet
facet normal 0.964326 0.264717 -1.4844e-15
  outer loop
    vertex 18.0780410930832 50.98523191644111 7.437812963703714
    vertex 18.25474153797985 50.34153743860333 6.331919631331543
    vertex 17.91093397718469 51.59397926721427 6.34074829159241
  endloop
endfacet
facet normal 0.964326 0.264717 7.67289e-16
  outer loop
    vertex 21.29631378937128 39.26152423710597 17.40304481214768
    vertex 21.63505771459858 38.02752850949223 17.40539476729743
    vertex 21.4663251617789 38.64219709476391 16.30175645952753
  endloop
endfacet
facet normal 0.964326 0.264717 1.25212e-15
  outer loop
    vertex 17.90392075617645 51.61952742945858 12.96608150534233
    vertex 17.7338846665423 52.23894461312582 14.06407978867214
    vertex 18.07300311300801 51.00358455814359 14.06562552115069
  endloop
endfacet
facet normal 0.964326 0.264717 -1.28286e-15
  outer loop
    vertex 20.95805447756063 40.49375458727332 15.19477621739772
    vertex 20.78777112806888 41.11407250327898 14.09644753590108
    vertex 20.61877162809114 41.7297135389122 15.19261918560361
  endloop
endfacet
facet normal 0.964326 0.264717 -1.15513e-15
  outer loop
    vertex 17.56451828405332 52.85592214933567 15.16979017244514
    vertex 17.90384575371731 51.61980065270259 15.17026851463911
    vertex 17.7338846665423 52.23894461312582 14.06407978867214
  endloop
endfacet
facet normal 0.964326 0.264717 -6.69872e-16
  outer loop
    vertex 18.24319549880513 50.38359800988266 12.96681937649031
    vertex 17.90392075617645 51.61952742945858 12.96608150534233
    vertex 18.07300311300801 51.00358455814359 14.06562552115069
  endloop
endfacet
facet normal 0.964326 0.264717 1.02616e-15
  outer loop
    vertex 20.78777112806888 41.11407250327898 14.09644753590108
    vertex 20.44850432900934 42.34997298556733 14.09390777477124
    vertex 20.61877162809114 41.7297135389122 15.19261918560361
  endloop
endfacet
facet normal 0.964326 0.264717 -1.49176e-15
  outer loop
    vertex 12.48945625291328 71.34364811991723 12.96772427462982
    vertex 12.65764294137437 70.73096804052329 14.0494514592954
    vertex 12.82743038145146 70.11245665167104 12.94511297505944
  endloop
endfacet
facet normal 0.964326 0.264717 2.05277e-15
  outer loop
    vertex 20.61877162809114 41.7297135389122 15.19261918560361
    vertex 20.44850432900934 42.34997298556733 14.09390777477124
    vertex 20.27957385696017 42.96536256231786 15.19004188498319
  endloop
endfacet
facet normal 0.964326 0.264717 -8.21783e-16
  outer loop
    vertex 20.30431370614352 42.87523882600711 4.107747165190184
    vertex 19.96493264014376 44.11155556643477 4.108109217715782
    vertex 20.13221210401777 43.50218037660802 5.214392450511814
  endloop
endfacet
facet normal 0.964326 0.264717 -1.26603e-15
  outer loop
    vertex 17.23671984548566 54.05004503268931 6.326264824681816
    vertex 17.39940480185021 53.45740697736129 7.431002120828219
    vertex 17.57389282362387 52.8217720409001 6.332805542169586
  endloop
endfacet
facet normal 0.964326 0.264717 1.96608e-16
  outer loop
    vertex 19.77362685478215 44.80845521310924 9.662982096110245
    vertex 19.43509236673454 46.04168799099693 9.662341082169906
    vertex 19.60295063513517 45.4302042989661 10.76655508398004
  endloop
endfacet
facet normal 0.964326 0.264717 3.92958e-16
  outer loop
    vertex 14.53271567782258 63.90034592917623 4.105900901660655
    vertex 14.19338196971421 65.13649015157101 4.107274748045281
    vertex 14.35697061174173 64.54056009847076 5.208631770575646
  endloop
endfacet
facet normal 0.964326 0.264717 2.92932e-15
  outer loop
    vertex 17.90384575371731 51.61980065270259 15.17026851463911
    vertex 18.07347892724799 51.0018512348408 16.27824608710582
    vertex 18.24152891290754 50.38966914422389 15.17275284815722
  endloop
endfacet
facet normal 0.964326 0.264717 6.02378e-16
  outer loop
    vertex 15.20121982844876 61.465080809038 6.31503234389551
    vertex 15.37813515895736 60.82060353361382 5.204204248770667
    vertex 15.03679185954611 62.06406841004052 5.210186414618958
  endloop
endfacet
facet normal 0.964326 0.264717 -7.89606e-16
  outer loop
    vertex 21.63545762405089 38.0260716964874 15.20448649233284
    vertex 21.46635398735491 38.64209208730843 14.09918335466313
    vertex 21.29794232907378 39.25559169961826 15.19944747264733
  endloop
endfacet
facet normal 0.964326 0.264717 1.76767e-15
  outer loop
    vertex 18.75460560126415 48.52060406521053 9.655895959547102
    vertex 18.92293442319004 47.90740621390907 10.76391344960876
    vertex 19.09258320463979 47.28939993862784 9.658257275521603
  endloop
endfacet
facet normal 0.964326 0.264717 1.75376e-15
  outer loop
    vertex 12.65834265412712 70.72841908692398 11.85938799934711
    vertex 12.48945625291328 71.34364811991723 12.96772427462982
    vertex 12.82743038145146 70.11245665167104 12.94511297505944
  endloop
endfacet
facet normal 0.964326 0.264717 6.87707e-17
  outer loop
    vertex 16.91051166693738 55.2383748259723 4.105591048586746
    vertex 16.73543276339641 55.87616226030012 5.209010072729841
    vertex 17.07298852074266 54.64649485853879 5.217406859825561
  endloop
endfacet
facet normal 0.964326 0.264717 -1.46667e-15
  outer loop
    vertex 17.41492502170358 53.40086903360972 5.218293227993652
    vertex 17.24911569510613 54.00488872335757 4.104423834021279
    vertex 17.07298852074266 54.64649485853879 5.217406859825561
  endloop
endfacet
facet normal 0.964326 0.264717 -2.73302e-16
  outer loop
    vertex 15.37813515895736 60.82060353361382 5.204204248770667
    vertex 15.20121982844876 61.465080809038 6.31503234389551
    vertex 15.5403251672788 60.22976850330001 6.313248239831879
  endloop
endfacet
facet normal 0.964326 0.264717 6.07386e-16
  outer loop
    vertex 18.92235764403443 47.9095073379759 12.96992398599138
    vertex 18.58248836113746 49.14760258281486 12.96881696050954
    vertex 18.75320848317879 48.52569356680718 14.07273218450483
  endloop
endfacet
facet normal 0.964326 0.264717 1.50247e-15
  outer loop
    vertex 17.0656236614768 54.67332398872156 20.74833419752129
    vertex 16.90580163393663 55.2555328033322 21.88596830607971
    vertex 17.2398974715072 54.03846939503939 21.86385980181953
  endloop
endfacet
facet normal 0.964326 0.264717 9.30941e-16
  outer loop
    vertex 17.06008324548173 54.6935069327036 7.428444597119721
    vertex 17.23671984548566 54.05004503268931 6.326264824681816
    vertex 16.8973491959904 55.28632382727915 6.321496392990779
  endloop
endfacet
facet normal 0.964326 0.264717 -5.30053e-16
  outer loop
    vertex 16.55809028245592 56.5221955837262 6.322602518898304
    vertex 16.72078051838004 55.9295382957169 7.425249484689433
    vertex 16.8973491959904 55.28632382727915 6.321496392990779
  endloop
endfacet
facet normal 0.964326 0.264717 -8.03419e-16
  outer loop
    vertex 19.43157353691305 46.05450658534666 14.08248876224025
    vertex 19.26179056111274 46.67300171147635 12.97461730532766
    vertex 19.0923196844573 47.29035990500688 14.07719334010002
  endloop
endfacet
facet normal 0.964326 0.264717 -7.69544e-16
  outer loop
    vertex 19.77471822839567 44.80447949494568 7.451350497867331
    vertex 20.11408548089345 43.56821307513235 7.455720731018968
    vertex 19.945145890681 44.1836358680491 6.356325924478427
  endloop
endfacet
facet normal 0.964326 0.264717 -1.59502e-15
  outer loop
    vertex 16.23174856646775 57.71101183482595 4.105064657733731
    vertex 16.05675742647676 58.34847955907888 5.20657095347199
    vertex 16.39431673676322 57.11879921446389 5.213985214104683
  endloop
endfacet
facet normal 0.964326 0.264717 -3.30477e-16
  outer loop
    vertex 16.73543276339641 55.87616226030012 5.209010072729841
    vertex 16.57112958046155 56.47469528384855 4.103410949050192
    vertex 16.39431673676322 57.11879921446389 5.213985214104683
  endloop
endfacet
facet normal 0.964326 0.264717 -6.88629e-16
  outer loop
    vertex 18.58437073796321 49.14074535294965 15.17309063912214
    vertex 18.92303870539546 47.90702632873215 15.17770339366937
    vertex 18.75320848317879 48.52569356680718 14.07273218450483
  endloop
endfacet
facet normal 0.964326 0.264717 1.43975e-15
  outer loop
    vertex 19.09200921779926 47.29149089068977 16.28256061458282
    vertex 19.43128759500226 46.05554823087883 16.28282631053335
    vertex 19.26194268074157 46.67244756139992 15.1846688907911
  endloop
endfacet
facet normal 0.964326 0.264717 -9.80557e-17
  outer loop
    vertex 19.94199224807725 44.19512413753421 10.76754266866209
    vertex 20.28107836909685 42.95988183953423 10.76733682397083
    vertex 20.11253224758574 43.57387128218186 9.662548953517305
  endloop
endfacet
facet normal 0.964326 0.264717 5.13301e-16
  outer loop
    vertex 19.26194268074157 46.67244756139992 15.1846688907911
    vertex 19.43128759500226 46.05554823087883 16.28282631053335
    vertex 19.60131660145975 45.43615685021224 15.1877562506397
  endloop
endfacet
facet normal 0.964326 0.264717 6.12148e-16
  outer loop
    vertex 20.78827413657976 41.11224011513222 16.28993376253305
    vertex 21.12743294884853 39.87673301329599 16.29375519605954
    vertex 20.95805447756063 40.49375458727332 15.19477621739772
  endloop
endfacet
facet normal 0.964326 0.264717 -7.28839e-16
  outer loop
    vertex 19.77471822839567 44.80447949494568 7.451350497867331
    vertex 19.945145890681 44.1836358680491 6.356325924478427
    vertex 19.61109325375899 45.40054190255071 6.343663760801283
  endloop
endfacet
facet normal 0.964326 0.264717 1.77942e-16
  outer loop
    vertex 19.43128759500226 46.05554823087883 16.28282631053335
    vertex 19.7706209953557 44.8194051295913 16.28296766677629
    vertex 19.60131660145975 45.43615685021224 15.1877562506397
  endloop
endfacet
facet normal 0.964326 0.264717 -8.82166e-16
  outer loop
    vertex 21.29895537133402 39.25190133138457 10.7766145687144
    vertex 21.13004515725662 39.86721711123795 9.671114552270641
    vertex 20.9598802873264 40.48710342312662 10.77630529283677
  endloop
endfacet
facet normal 0.964326 0.264717 7.90179e-16
  outer loop
    vertex 20.78827413657976 41.11224011513222 16.28993376253305
    vertex 20.95805447756063 40.49375458727332 15.19477621739772
    vertex 20.61877162809114 41.7297135389122 15.19261918560361
  endloop
endfacet
facet normal 0.964326 0.264717 7.08295e-16
  outer loop
    vertex 18.07300311300801 51.00358455814359 14.06562552115069
    vertex 17.90384575371731 51.61980065270259 15.17026851463911
    vertex 18.24152891290754 50.38966914422389 15.17275284815722
  endloop
endfacet
facet normal 0.964326 0.264717 5.14529e-16
  outer loop
    vertex 19.60131660145975 45.43615685021224 15.1877562506397
    vertex 19.7706209953557 44.8194051295913 16.28296766677629
    vertex 19.94062689976828 44.20009790637405 15.18977370313593
  endloop
endfacet
facet normal 0.964326 0.264717 -3.41568e-15
  outer loop
    vertex 16.55832308670468 56.52134751110572 19.6410530388803
    vertex 16.37681856390909 57.18254255843251 18.48291323993129
    vertex 16.21684066287535 57.76531919791258 19.61907618078525
  endloop
endfacet
facet normal 0.964326 0.264717 8.14977e-16
  outer loop
    vertex 16.38153461852568 57.16536264518638 7.422445357035643
    vertex 16.55809028245592 56.5221955837262 6.322602518898304
    vertex 16.21876754641404 57.75829983645022 6.317285130544159
  endloop
endfacet
facet normal 0.964326 0.264717 -1.65277e-15
  outer loop
    vertex 21.4663251617789 38.64219709476391 16.30175645952753
    vertex 21.63545762405089 38.0260716964874 15.20448649233284
    vertex 21.29794232907378 39.25559169961826 15.19944747264733
  endloop
endfacet
facet normal 0.964326 0.264717 1.53181e-16
  outer loop
    vertex 16.03760981033232 58.41823158931931 18.48036281597275
    vertex 15.87628032199724 59.00593186825426 19.5963191897575
    vertex 16.21684066287535 57.76531919791258 19.61907618078525
  endloop
endfacet
facet normal 0.964326 0.264717 0
  outer loop
    vertex 15.87956998341519 58.99394810166029 6.318868530001051
    vertex 16.04233623084744 58.40101391458568 7.419238209753285
    vertex 16.21876754641404 57.75829983645022 6.317285130544159
  endloop
endfacet
facet normal 0.964326 0.264717 -1.22772e-15
  outer loop
    vertex 19.94062689976828 44.20009790637405 15.18977370313593
    vertex 20.10989284728701 43.58348624041294 16.28460500466834
    vertex 20.27957385696017 42.96536256231786 15.19004188498319
  endloop
endfacet
facet normal 0.964326 0.264717 0
  outer loop
    vertex 19.7706209953557 44.8194051295913 16.28296766677629
    vertex 20.10989284728701 43.58348624041294 16.28460500466834
    vertex 19.94062689976828 44.20009790637405 15.18977370313593
  endloop
endfacet
facet normal 0.964326 0.264717 7.79073e-16
  outer loop
    vertex 15.55298707472116 60.18364298333142 4.104569744802617
    vertex 15.37813515895736 60.82060353361382 5.204204248770667
    vertex 15.71570514528095 59.59088429772073 5.211739979447978
  endloop
endfacet
facet normal 0.964326 0.264717 -2.11527e-15
  outer loop
    vertex 20.10989284728701 43.58348624041294 16.28460500466834
    vertex 20.4491646339149 42.34756758912564 16.28642522845233
    vertex 20.27957385696017 42.96536256231786 15.19004188498319
  endloop
endfacet
facet normal 0.964326 0.264717 -3.07673e-15
  outer loop
    vertex 16.05675742647676 58.34847955907888 5.20657095347199
    vertex 15.89236782059445 58.9473274090787 4.102745818821725
    vertex 15.71570514528095 59.59088429772073 5.211739979447978
  endloop
endfacet
facet normal 0.964326 0.264717 -1.56237e-15
  outer loop
    vertex 20.4491646339149 42.34756758912564 16.28642522845233
    vertex 20.78827413657976 41.11224011513222 16.28993376253305
    vertex 20.61877162809114 41.7297135389122 15.19261918560361
  endloop
endfacet
facet normal 0.964326 0.264717 -2.60108e-15
  outer loop
    vertex 20.4491646339149 42.34756758912564 16.28642522845233
    vertex 20.61877162809114 41.7297135389122 15.19261918560361
    vertex 20.27957385696017 42.96536256231786 15.19004188498319
  endloop
endfacet
facet normal 0.964326 0.264717 -3.91341e-16
  outer loop
    vertex 19.43543833812026 46.04042766666325 7.449404468367598
    vertex 19.77471822839567 44.80447949494568 7.451350497867331
    vertex 19.61109325375899 45.40054190255071 6.343663760801283
  endloop
endfacet
facet normal 0.964326 0.264717 2.25352e-15
  outer loop
    vertex 20.79164917316259 41.09994533900905 9.67178157998449
    vertex 20.45193072393108 42.3374911183524 9.667700044567557
    vertex 20.62060611323766 41.72303077159273 10.77342218163655
  endloop
endfacet
facet normal 0.964326 0.264717 -2.93819e-16
  outer loop
    vertex 14.87417104679409 62.65647279935143 4.103984777803522
    vertex 14.69721791546169 63.30108777777662 5.206865799440626
    vertex 15.03679185954611 62.06406841004052 5.210186414618958
  endloop
endfacet
facet normal 0.964326 0.264717 -1.18812e-15
  outer loop
    vertex 14.02035972625688 65.76678546702269 5.213491699966585
    vertex 13.68396326141915 66.99222973178874 5.215131099565141
    vertex 13.84659727404818 66.39977725721157 6.317331193695992
  endloop
endfacet
facet normal 0.964326 0.264717 4.98688e-16
  outer loop
    vertex 11.81167711718729 73.81270068577622 12.88816010727637
    vertex 12.01060078192865 73.08805019278984 11.85171729213639
    vertex 11.75171967018861 74.03111709984285 11.66369165237526
  endloop
endfacet
facet normal 0.964326 0.264717 -3.31169e-16
  outer loop
    vertex 15.37813515895736 60.82060353361382 5.204204248770667
    vertex 15.21359723948445 61.41999166883656 4.102144678880215
    vertex 15.03679185954611 62.06406841004052 5.210186414618958
  endloop
endfacet
facet normal 0.964326 0.264717 9.94133e-16
  outer loop
    vertex 14.34766599662214 64.57445548212068 7.403941953413518
    vertex 14.52141510558149 63.94151229948308 6.31449302877482
    vertex 14.18223137132052 65.17711018857661 6.314415437600172
  endloop
endfacet
facet normal 0.964326 0.264717 -2.08619e-15
  outer loop
    vertex 15.70319281961307 59.63646491265375 7.416399746295167
    vertex 15.87956998341519 58.99394810166029 6.318868530001051
    vertex 15.5403251672788 60.22976850330001 6.313248239831879
  endloop
endfacet
facet normal 0.964326 0.264717 -2.83455e-15
  outer loop
    vertex 14.69721791546169 63.30108777777662 5.206865799440626
    vertex 14.52141510558149 63.94151229948308 6.31449302877482
    vertex 14.8613502905356 62.70317698286453 6.310679048953237
  endloop
endfacet
facet normal 0.964326 0.264717 1.51233e-15
  outer loop
    vertex 23.83252771770591 30.02245921245838 11.9291149716739
    vertex 23.65276750544441 30.67729998569671 13.02645683307996
    vertex 24.01973768909924 29.34048003095411 13.11058051745537
  endloop
endfacet
facet normal 0.964326 0.264717 -2.75994e-16
  outer loop
    vertex 15.20121982844876 61.465080809038 6.31503234389551
    vertex 15.36412806795745 60.87162936511349 7.413244590580904
    vertex 15.5403251672788 60.22976850330001 6.313248239831879
  endloop
endfacet
facet normal 0.964326 0.264717 2.56072e-16
  outer loop
    vertex 15.02515486938828 62.10646030275832 7.41026870237397
    vertex 15.20121982844876 61.465080809038 6.31503234389551
    vertex 14.8613502905356 62.70317698286453 6.310679048953237
  endloop
endfacet
facet normal 0.964326 0.264717 -6.23739e-16
  outer loop
    vertex 13.51083952293047 67.62289477914037 6.321691571734462
    vertex 13.33741586627827 68.25465238551621 7.423416797048218
    vertex 13.67508103444376 67.0245864157705 7.417892816361409
  endloop
endfacet
facet normal 0.964326 0.264717 -2.63594e-15
  outer loop
    vertex 19.28617525482331 46.58417175581644 4.107243054022341
    vertex 18.94679535188127 47.82048425939098 4.106736676445879
    vertex 19.11098058637399 47.22238090516753 5.223971344474746
  endloop
endfacet
facet normal 0.964326 0.264717 -3.0921e-16
  outer loop
    vertex 13.33382302367073 68.26774059787225 20.66883676501054
    vertex 13.51068005820245 67.62347568636385 21.7959842537962
    vertex 13.67269821583361 67.03326668356463 20.67886839767293
  endloop
endfacet
facet normal 0.964326 0.264717 -1.10579e-15
  outer loop
    vertex 14.52141510558149 63.94151229948308 6.31449302877482
    vertex 14.68630216478725 63.34085229809065 7.407228004615534
    vertex 14.8613502905356 62.70317698286453 6.310679048953237
  endloop
endfacet
facet normal 0.964326 0.264717 -3.52846e-16
  outer loop
    vertex 19.43157353691305 46.05450658534666 14.08248876224025
    vertex 19.0923196844573 47.29035990500688 14.07719334010002
    vertex 19.26194268074157 46.67244756139992 15.1846688907911
  endloop
endfacet
facet normal 0.964326 0.264717 9.36535e-16
  outer loop
    vertex 18.24299162352289 50.38434069841082 19.63295255025045
    vertex 17.90117440865505 51.62953198114369 19.62192662248647
    vertex 18.08037866792375 50.97671646523627 20.7523386026679
  endloop
endfacet
facet normal 0.964326 0.264717 -6.19837e-16
  outer loop
    vertex 14.00822463008382 65.810991888796 20.68102005234321
    vertex 13.83529721137295 66.44094177124273 19.54939269736603
    vertex 13.67269821583361 67.03326668356463 20.67886839767293
  endloop
endfacet
facet normal 0.964326 0.264717 1.18831e-15
  outer loop
    vertex 18.75668878562826 48.51301532216982 7.441739694297535
    vertex 19.09605396401265 47.27675645805527 7.446959928815769
    vertex 18.92714027255276 47.89208490551628 6.351198919027015
  endloop
endfacet
facet normal 0.964326 0.264717 2.16839e-15
  outer loop
    vertex 18.75668878562826 48.51301532216982 7.441739694297535
    vertex 18.92714027255276 47.89208490551628 6.351198919027015
    vertex 18.59421946851561 49.10486783450875 6.334279986709423
  endloop
endfacet
facet normal 0.964326 0.264717 -1.31484e-15
  outer loop
    vertex 13.49760611405203 67.67110219719753 19.54412353302116
    vertex 13.33382302367073 68.26774059787225 20.66883676501054
    vertex 13.67269821583361 67.03326668356463 20.67886839767293
  endloop
endfacet
facet normal 0.964326 0.264717 1.73534e-15
  outer loop
    vertex 17.90117440865505 51.62953198114369 19.62192662248647
    vertex 17.73221630873101 52.24502220229552 20.71796571191
    vertex 18.08037866792375 50.97671646523627 20.7523386026679
  endloop
endfacet
facet normal 0.964326 0.264717 1.52617e-15
  outer loop
    vertex 18.41739817451765 49.74900254835848 7.440271148707495
    vertex 18.75668878562826 48.51301532216982 7.441739694297535
    vertex 18.59421946851561 49.10486783450875 6.334279986709423
  endloop
endfacet
facet normal 0.964326 0.264717 -1.56298e-15
  outer loop
    vertex 14.02035972625688 65.76678546702269 5.213491699966585
    vertex 14.18223137132052 65.17711018857661 6.314415437600172
    vertex 14.35697061174173 64.54056009847076 5.208631770575646
  endloop
endfacet
facet normal 0.964326 0.264717 -9.52879e-16
  outer loop
    vertex 18.26712198817757 50.29643722716877 4.106308467905726
    vertex 17.92850208775844 51.52998115012419 4.105743215822994
    vertex 18.0906973161275 50.93912710392259 5.221791805447412
  endloop
endfacet
facet normal 0.964326 0.264717 1.92148e-15
  outer loop
    vertex 16.39552186347958 57.11440910999717 20.77383297508015
    vertex 16.23930035213128 57.68350175848025 21.88161701844537
    vertex 16.57112931234105 56.47469626057323 21.93955003305883
  endloop
endfacet
facet normal 0.964326 0.264717 -5.57279e-16
  outer loop
    vertex 24.23848244390375 28.54362413845198 7.426366888561336
    vertex 24.03041660829692 29.30157825387686 8.601535663471836
    vertex 24.32515555681628 28.2278863699849 8.616040977869462
  endloop
endfacet
facet normal 0.964326 0.264717 -6.09372e-16
  outer loop
    vertex 16.23930035213128 57.68350175848025 21.88161701844537
    vertex 16.4014389394044 57.0928540476996 23
    vertex 16.57112931234105 56.47469626057323 21.93955003305883
  endloop
endfacet
facet normal 0.964326 0.264717 8.17506e-16
  outer loop
    vertex 16.74081968527769 55.85653847344689 23
    vertex 16.90580163393663 55.2555328033322 21.88596830607971
    vertex 16.57112931234105 56.47469626057323 21.93955003305883
  endloop
endfacet
facet normal 0.964326 0.264717 -1.71213e-16
  outer loop
    vertex 15.02155839567373 62.11956174271847 20.69485799153267
    vertex 14.68527158576025 63.34460655026044 20.69770985787072
    vertex 14.86370403528555 62.69460262698971 21.84468627873736
  endloop
endfacet
facet normal 0.964326 0.264717 -5.93637e-16
  outer loop
    vertex 17.7387144056735 52.2213505634336 7.432086504768346
    vertex 18.0780410930832 50.98523191644111 7.437812963703714
    vertex 17.91093397718469 51.59397926721427 6.34074829159241
  endloop
endfacet
facet normal 0.964326 0.264717 2.88566e-16
  outer loop
    vertex 17.7387144056735 52.2213505634336 7.432086504768346
    vertex 17.91093397718469 51.59397926721427 6.34074829159241
    vertex 17.57389282362387 52.8217720409001 6.332805542169586
  endloop
endfacet
facet normal 0.964326 0.264717 -2.16051e-16
  outer loop
    vertex 21.64130219214162 38.00478076987118 6.364894955963805
    vertex 21.9806074747894 36.76874009736852 6.372305322954285
    vertex 21.81933308688769 37.35623965329619 5.266283148835465
  endloop
endfacet
facet normal 0.964326 0.264717 -1.97077e-17
  outer loop
    vertex 17.39940480185021 53.45740697736129 7.431002120828219
    vertex 17.7387144056735 52.2213505634336 7.432086504768346
    vertex 17.57389282362387 52.8217720409001 6.332805542169586
  endloop
endfacet
facet normal 0.964326 0.264717 -8.54153e-16
  outer loop
    vertex 21.48872216306968 38.56060801863323 5.228815809311293
    vertex 21.64130219214162 38.00478076987118 6.364894955963805
    vertex 21.81933308688769 37.35623965329619 5.266283148835465
  endloop
endfacet
facet normal 0.964326 0.264717 -1.17041e-15
  outer loop
    vertex 17.24911569510613 54.00488872335757 4.104423834021279
    vertex 16.91051166693738 55.2383748259723 4.105591048586746
    vertex 17.07298852074266 54.64649485853879 5.217406859825561
  endloop
endfacet
facet normal 0.964326 0.264717 2.11079e-15
  outer loop
    vertex 13.33741586627827 68.25465238551621 7.423416797048218
    vertex 13.50482634962689 67.64479991046053 8.523699066549066
    vertex 13.67508103444376 67.0245864157705 7.417892816361409
  endloop
endfacet
facet normal 0.964326 0.264717 -4.91626e-16
  outer loop
    vertex 11.65010849717829 74.40127208723759 23
    vertex 11.98948924305158 73.16495651298489 23
    vertex 11.8208750062529 73.77919408989433 21.94313011434596
  endloop
endfacet
facet normal 0.964326 0.264717 -7.63983e-16
  outer loop
    vertex 16.72078051838004 55.9295382957169 7.425249484689433
    vertex 17.06008324548173 54.6935069327036 7.428444597119721
    vertex 16.8973491959904 55.28632382727915 6.321496392990779
  endloop
endfacet
facet normal 0.964326 0.264717 2.95792e-15
  outer loop
    vertex 13.50482634962689 67.64479991046053 8.523699066549066
    vertex 13.84036914469304 66.42246544271956 8.518212253368798
    vertex 13.67508103444376 67.0245864157705 7.417892816361409
  endloop
endfacet
facet normal 0.964326 0.264717 -6.24286e-16
  outer loop
    vertex 16.57112958046155 56.47469528384855 4.103410949050192
    vertex 16.23174856646775 57.71101183482595 4.105064657733731
    vertex 16.39431673676322 57.11879921446389 5.213985214104683
  endloop
endfacet
facet normal 0.964326 0.264717 -2.47243e-15
  outer loop
    vertex 14.02035972625688 65.76678546702269 5.213491699966585
    vertex 13.84659727404818 66.39977725721157 6.317331193695992
    vertex 14.18223137132052 65.17711018857661 6.314415437600172
  endloop
endfacet
facet normal 0.964326 0.264717 -2.34245e-15
  outer loop
    vertex 16.37681856390909 57.18254255843251 18.48291323993129
    vertex 16.03760981033232 58.41823158931931 18.48036281597275
    vertex 16.21684066287535 57.76531919791258 19.61907618078525
  endloop
endfacet
facet normal 0.964326 0.264717 8.83224e-16
  outer loop
    vertex 16.04233623084744 58.40101391458568 7.419238209753285
    vertex 16.38153461852568 57.16536264518638 7.422445357035643
    vertex 16.21876754641404 57.75829983645022 6.317285130544159
  endloop
endfacet
facet normal 0.964326 0.264717 1.23419e-15
  outer loop
    vertex 17.39531508040015 53.47230524835793 20.70660045863192
    vertex 17.0656236614768 54.67332398872156 20.74833419752129
    vertex 17.2398974715072 54.03846939503939 21.86385980181953
  endloop
endfacet
facet normal 0.964326 0.264717 1.24591e-15
  outer loop
    vertex 14.19338196971421 65.13649015157101 4.107274748045281
    vertex 14.02035972625688 65.76678546702269 5.213491699966585
    vertex 14.35697061174173 64.54056009847076 5.208631770575646
  endloop
endfacet
facet normal 0.964326 0.264717 1.98159e-16
  outer loop
    vertex 13.68396326141915 66.99222973178874 5.215131099565141
    vertex 13.51083952293047 67.62289477914037 6.321691571734462
    vertex 13.84659727404818 66.39977725721157 6.317331193695992
  endloop
endfacet
facet normal 0.964326 0.264717 -1.50445e-15
  outer loop
    vertex 15.89236782059445 58.9473274090787 4.102745818821725
    vertex 15.55298707472116 60.18364298333142 4.104569744802617
    vertex 15.71570514528095 59.59088429772073 5.211739979447978
  endloop
endfacet
facet normal 0.964326 0.264717 -2.49675e-15
  outer loop
    vertex 21.63603787232337 38.02395793492334 19.61838598442111
    vertex 21.48888600778536 38.56001115574037 20.76962209587174
    vertex 21.81536000715222 37.37071301518969 20.70524282289888
  endloop
endfacet
facet normal 0.964326 0.264717 -2.1673e-15
  outer loop
    vertex 21.97481315487243 36.78984797706605 19.61101580986082
    vertex 21.63603787232337 38.02395793492334 19.61838598442111
    vertex 21.81536000715222 37.37071301518969 20.70524282289888
  endloop
endfacet
facet normal 0.964326 0.264717 1.19439e-15
  outer loop
    vertex 14.0102789715142 65.80350821644248 7.413024282966823
    vertex 14.34766599662214 64.57445548212068 7.403941953413518
    vertex 14.18223137132052 65.17711018857661 6.314415437600172
  endloop
endfacet
facet normal 0.964326 0.264717 -1.6175e-15
  outer loop
    vertex 12.16479670917925 72.5263364578055 8.500870480255735
    vertex 11.97945338544631 73.20151570854692 7.370884042220127
    vertex 11.87579701793356 73.57912104734339 8.380970943297598
  endloop
endfacet
facet normal 0.964326 0.264717 -1.9867e-15
  outer loop
    vertex 15.36412806795745 60.87162936511349 7.413244590580904
    vertex 15.70319281961307 59.63646491265375 7.416399746295167
    vertex 15.5403251672788 60.22976850330001 6.313248239831879
  endloop
endfacet
facet normal 0.964326 0.264717 -1.486e-15
  outer loop
    vertex 15.21359723948445 61.41999166883656 4.102144678880215
    vertex 14.87417104679409 62.65647279935143 4.103984777803522
    vertex 15.03679185954611 62.06406841004052 5.210186414618958
  endloop
endfacet
facet normal 0.964326 0.264717 4.14659e-16
  outer loop
    vertex 14.68630216478725 63.34085229809065 7.407228004615534
    vertex 15.02515486938828 62.10646030275832 7.41026870237397
    vertex 14.8613502905356 62.70317698286453 6.310679048953237
  endloop
endfacet
facet normal 0.964326 0.264717 -0
  outer loop
    vertex 11.310727751305 75.6375876614903 4.249999999999997
    vertex 11.310727751305 75.6375876614903 5.499999999999995
    vertex 11.59115763614199 74.61602165244123 4.86655898779391
  endloop
endfacet
facet normal 0.964326 0.264717 0
  outer loop
    vertex 24.54657684036348 27.42128026563438 21.75
    vertex 24.54657684036348 27.42128026563438 20.49999999999999
    vertex 24.29183424898618 28.34927113422312 21.06995614701623
  endloop
endfacet
facet normal 0.964326 0.264717 -7.88034e-16
  outer loop
    vertex 13.83529721137295 66.44094177124273 19.54939269736603
    vertex 13.49760611405203 67.67110219719753 19.54412353302116
    vertex 13.67269821583361 67.03326668356463 20.67886839767293
  endloop
endfacet
facet normal 0.964326 0.264717 4.64971e-16
  outer loop
    vertex 23.65276750544441 30.67729998569671 13.02645683307996
    vertex 23.8066399387878 30.11676469280293 14.18129378715448
    vertex 24.01973768909924 29.34048003095411 13.11058051745537
  endloop
endfacet
facet normal 0.964326 0.264717 1.46159e-15
  outer loop
    vertex 23.65001338779844 30.68733284283561 19.58727982141836
    vertex 23.822447017506 30.05918176318661 20.69683619269345
    vertex 23.96878296455224 29.52610081323248 19.59774414279975
  endloop
endfacet
facet normal 0.964326 0.264717 -1.04001e-15
  outer loop
    vertex 22.14899946742057 36.15531212421211 5.265294195523713
    vertex 22.32704373763674 35.50672228271034 4.145908032830794
    vertex 21.9921251192433 36.72678296400075 4.148564809644959
  endloop
endfacet
facet normal 0.964326 0.264717 -7.18173e-16
  outer loop
    vertex 22.14899946742057 36.15531212421211 5.265294195523713
    vertex 21.9921251192433 36.72678296400075 4.148564809644959
    vertex 21.81933308688769 37.35623965329619 5.266283148835465
  endloop
endfacet
facet normal 0.964326 0.264717 1.20852e-16
  outer loop
    vertex 21.9806074747894 36.76874009736852 6.372305322954285
    vertex 22.14899946742057 36.15531212421211 5.265294195523713
    vertex 21.81933308688769 37.35623965329619 5.266283148835465
  endloop
endfacet
facet normal 0.964326 0.264717 3.87303e-16
  outer loop
    vertex 24.54657684036348 27.42128026563438 14.24999999999997
    vertex 24.2907439486115 28.35324294273088 13.7018732931448
    vertex 24.28453117585451 28.37587518634561 14.87499999999997
  endloop
endfacet
facet normal 0.964326 0.264717 -8.49059e-16
  outer loop
    vertex 24.28221748417604 28.38430363460289 16.06398662094096
    vertex 24.54657684036348 27.42128026563438 15.49999999999997
    vertex 24.28453117585451 28.37587518634561 14.87499999999997
  endloop
endfacet
facet normal 0.964326 0.264717 2.01528e-15
  outer loop
    vertex 13.84659727404818 66.39977725721157 6.317331193695992
    vertex 14.0102789715142 65.80350821644248 7.413024282966823
    vertex 14.18223137132052 65.17711018857661 6.314415437600172
  endloop
endfacet
facet normal 0.964326 0.264717 -5.19083e-17
  outer loop
    vertex 11.55178392429138 74.75945445989703 12.30207252008574
    vertex 11.81167711718729 73.81270068577622 12.88816010727637
    vertex 11.75171967018861 74.03111709984285 11.66369165237526
  endloop
endfacet
facet normal 0.964326 0.264717 1.14325e-15
  outer loop
    vertex 16.4014389394044 57.0928540476996 23
    vertex 16.74081968527769 55.85653847344689 23
    vertex 16.57112931234105 56.47469626057323 21.93955003305883
  endloop
endfacet
facet normal 0.964326 0.264717 -3.48807e-16
  outer loop
    vertex 12.1604554894354 72.54215090115812 12.97697958988583
    vertex 12.01060078192865 73.08805019278984 11.85171729213639
    vertex 11.81167711718729 73.81270068577622 12.88816010727637
  endloop
endfacet
facet normal 0.964326 0.264717 -4.35612e-16
  outer loop
    vertex 15.20211936880277 61.4618039120341 21.83718929976639
    vertex 15.02155839567373 62.11956174271847 20.69485799153267
    vertex 14.86370403528555 62.69460262698971 21.84468627873736
  endloop
endfacet
facet normal 0.964326 0.264717 5.79208e-16
  outer loop
    vertex 23.79779843226493 30.14897303799337 16.37361586502865
    vertex 23.64885919981425 30.69153738477801 17.41493430957529
    vertex 23.95743550135442 29.56743800059596 17.47193316948037
  endloop
endfacet
facet normal 0.964326 0.264717 -1.41769e-15
  outer loop
    vertex 11.67642856925715 74.30539182466458 14.11136433475689
    vertex 11.99105595796664 73.15924919436573 14.06315328804499
    vertex 11.81167711718729 73.81270068577622 12.88816010727637
  endloop
endfacet
facet normal 0.964326 0.264717 -9.61774e-16
  outer loop
    vertex 17.57286284505436 52.82552410568904 21.84225584868425
    vertex 17.39531508040015 53.47230524835793 20.70660045863192
    vertex 17.2398974715072 54.03846939503939 21.86385980181953
  endloop
endfacet
facet normal 0.964326 0.264717 -4.70805e-16
  outer loop
    vertex 22.1410497690359 36.18427173975627 20.72129122971234
    vertex 21.97481315487243 36.78984797706605 19.61101580986082
    vertex 21.81536000715222 37.37071301518969 20.70524282289888
  endloop
endfacet
facet normal 0.964326 0.264717 2.62656e-15
  outer loop
    vertex 22.1410497690359 36.18427173975627 20.72129122971234
    vertex 21.81536000715222 37.37071301518969 20.70524282289888
    vertex 21.98841962623078 36.74028154568921 21.83892356154361
  endloop
endfacet
facet normal 0.964326 0.264717 1.6719e-15
  outer loop
    vertex 22.32175544380851 35.52598678165607 21.84544495757855
    vertex 22.1410497690359 36.18427173975627 20.72129122971234
    vertex 21.98841962623078 36.74028154568921 21.83892356154361
  endloop
endfacet
facet normal 0.964326 0.264717 1.98282e-16
  outer loop
    vertex 24.03282794714527 29.29279409092929 21.7442504616112
    vertex 24.29183424898618 28.34927113422312 21.06995614701623
    vertex 24.07518089595172 29.13850834884863 20.59675738882413
  endloop
endfacet
facet normal 0.964326 0.264717 -3.52191e-15
  outer loop
    vertex 11.310727751305 75.6375876614903 14.24999999999997
    vertex 11.67642856925715 74.30539182466458 14.11136433475689
    vertex 11.53226902266916 74.83054445866368 13.31031939242379
  endloop
endfacet
facet normal 0.964326 0.264717 8.06764e-16
  outer loop
    vertex 11.98948924305158 73.16495651298489 23
    vertex 12.15865060367743 72.54872584213355 21.8458029175813
    vertex 11.8208750062529 73.77919408989433 21.94313011434596
  endloop
endfacet
facet normal 0.964326 0.264717 1.37929e-16
  outer loop
    vertex 11.65010849717829 74.40127208723759 3
    vertex 11.310727751305 75.6375876614903 3
    vertex 11.56067881935835 74.72705162786737 3.941761453991595
  endloop
endfacet
facet normal 0.964326 0.264717 2.37927e-15
  outer loop
    vertex 24.20719609449018 28.6575958398871 23
    vertex 24.54657684036348 27.42128026563438 23
    vertex 24.29662577231014 28.33181629925726 22.05823854600853
  endloop
endfacet
facet normal 0.964326 0.264717 8.06334e-16
  outer loop
    vertex 16.57112931234105 56.47469626057323 21.93955003305883
    vertex 16.90580163393663 55.2555328033322 21.88596830607971
    vertex 16.73135840111211 55.89100458005009 20.77036912302306
  endloop
endfacet
facet normal 0.964326 0.264717 1.63639e-15
  outer loop
    vertex 24.24365656074809 28.5247755699476 9.784384293053122
    vertex 24.01478752338722 29.35851277747647 10.873290392059
    vertex 24.30329929459767 28.30750561092411 10.96217288437661
  endloop
endfacet
facet normal 0.964326 0.264717 -6.66773e-16
  outer loop
    vertex 11.9335080922052 73.36888784821097 20.62737496380766
    vertex 12.15802089797281 72.55101977005752 19.51318312760668
    vertex 11.86426561184559 73.62112831237812 19.40041456211555
  endloop
endfacet
facet normal 0.964326 0.264717 -0
  outer loop
    vertex 11.310727751305 75.6375876614903 3
    vertex 11.310727751305 75.6375876614903 4.249999999999997
    vertex 11.56067881935835 74.72705162786737 3.941761453991595
  endloop
endfacet
facet normal 0.964326 0.264717 0
  outer loop
    vertex 24.54657684036348 27.42128026563438 23
    vertex 24.54657684036348 27.42128026563438 21.75
    vertex 24.29662577231014 28.33181629925726 22.05823854600853
  endloop
endfacet
facet normal 0.964326 0.264717 1.32001e-16
  outer loop
    vertex 23.99761101739085 29.42108433503466 6.415285118298193
    vertex 24.23848244390375 28.54362413845198 7.426366888561336
    vertex 24.29803751825299 28.32667351046544 6.289849081936726
  endloop
endfacet
facet normal 0.964326 0.264717 1.26542e-15
  outer loop
    vertex 11.310727751305 75.6375876614903 5.499999999999995
    vertex 11.61228370854067 74.53906238870319 6.019725138233325
    vertex 11.59115763614199 74.61602165244123 4.86655898779391
  endloop
endfacet
facet normal 0.964326 0.264717 1.91348e-15
  outer loop
    vertex 24.54657684036348 27.42128026563438 20.49999999999999
    vertex 24.26001230156893 28.46519394267165 19.87499999999998
    vertex 24.29183424898618 28.34927113422312 21.06995614701623
  endloop
endfacet
facet normal 0.964326 0.264717 2.49305e-16
  outer loop
    vertex 11.63165487728481 74.46849598827809 18.52595937885147
    vertex 11.60779143897198 74.55542708498915 19.90911876882355
    vertex 11.86426561184559 73.62112831237812 19.40041456211555
  endloop
endfacet
facet normal 0.964326 0.264717 1.50165e-15
  outer loop
    vertex 16.90580163393663 55.2555328033322 21.88596830607971
    vertex 17.0656236614768 54.67332398872156 20.74833419752129
    vertex 16.73135840111211 55.89100458005009 20.77036912302306
  endloop
endfacet
facet normal 0.964326 0.264717 -9.39472e-16
  outer loop
    vertex 11.310727751305 75.6375876614903 11.74999999999997
    vertex 11.55178392429138 74.75945445989703 12.30207252008574
    vertex 11.5478102671068 74.77392992535513 11.12499999999998
  endloop
endfacet
facet normal 0.964326 0.264717 5.57163e-16
  outer loop
    vertex 11.55924383020554 74.7322790883526 9.903636572296323
    vertex 11.310727751305 75.6375876614903 10.49999999999998
    vertex 11.5478102671068 74.77392992535513 11.12499999999998
  endloop
endfacet
facet normal 0.964326 0.264717 0
  outer loop
    vertex 24.54657684036348 27.42128026563438 6.74999999999999
    vertex 24.54657684036348 27.42128026563438 5.499999999999995
    vertex 24.29803751825299 28.32667351046544 6.289849081936726
  endloop
endfacet
facet normal 0.964326 0.264717 4.7221e-16
  outer loop
    vertex 11.83293722418094 73.73525315315651 10.60600810880275
    vertex 11.55924383020554 74.7322790883526 9.903636572296323
    vertex 11.5478102671068 74.77392992535513 11.12499999999998
  endloop
endfacet
facet normal 0.964326 0.264717 1.18443e-15
  outer loop
    vertex 11.61184989263652 74.54064271806831 16.16992902586723
    vertex 11.310727751305 75.6375876614903 16.74999999999998
    vertex 11.53681829529151 74.81397210839654 17.35479779455029
  endloop
endfacet
facet normal 0.964326 0.264717 -1.62285e-15
  outer loop
    vertex 11.310727751305 75.6375876614903 17.99999999999998
    vertex 11.63165487728481 74.46849598827809 18.52595937885147
    vertex 11.53681829529151 74.81397210839654 17.35479779455029
  endloop
endfacet
facet normal 0.964326 0.264717 0
  outer loop
    vertex 24.54657684036348 27.42128026563438 15.49999999999997
    vertex 24.54657684036348 27.42128026563438 14.24999999999997
    vertex 24.28453117585451 28.37587518634561 14.87499999999997
  endloop
endfacet
facet normal 0.964326 0.264717 3.74772e-16
  outer loop
    vertex 16.39552186347958 57.11440910999717 20.77383297508015
    vertex 16.57112931234105 56.47469626057323 21.93955003305883
    vertex 16.73135840111211 55.89100458005009 20.77036912302306
  endloop
endfacet
facet normal 0.964326 0.264717 -4.14286e-16
  outer loop
    vertex 24.24365656074809 28.5247755699476 9.784384293053122
    vertex 24.54657684036348 27.42128026563438 9.24999999999998
    vertex 24.32515555681628 28.2278863699849 8.616040977869462
  endloop
endfacet
facet normal 0.964326 0.264717 1.48974e-15
  outer loop
    vertex 12.020288398147 73.05275959085155 9.55256616777768
    vertex 11.87579701793356 73.57912104734339 8.380970943297598
    vertex 11.77319969625682 73.95286843345151 9.426401566099807
  endloop
endfacet
facet normal 0.964326 0.264717 -2.31915e-17
  outer loop
    vertex 24.54657684036348 27.42128026563438 7.999999999999986
    vertex 24.23848244390375 28.54362413845198 7.426366888561336
    vertex 24.32515555681628 28.2278863699849 8.616040977869462
  endloop
endfacet
facet normal 0.964326 0.264717 -2.66961e-15
  outer loop
    vertex 23.82779273705518 30.03970807054316 18.52251237203474
    vertex 23.65001338779844 30.68733284283561 19.58727982141836
    vertex 23.96878296455224 29.52610081323248 19.59774414279975
  endloop
endfacet
facet normal 0.964326 0.264717 -0
  outer loop
    vertex 11.310727751305 75.6375876614903 12.99999999999997
    vertex 11.310727751305 75.6375876614903 14.24999999999997
    vertex 11.53226902266916 74.83054445866368 13.31031939242379
  endloop
endfacet
facet normal 0.964326 0.264717 0
  outer loop
    vertex 24.54657684036348 27.42128026563438 12.99999999999997
    vertex 24.54657684036348 27.42128026563438 11.74999999999997
    vertex 24.31387050682698 28.26899619494591 12.72739578240777
  endloop
endfacet
facet normal 0.964326 0.264717 8.57012e-16
  outer loop
    vertex 11.310727751305 75.6375876614903 23
    vertex 11.65010849717829 74.40127208723759 23
    vertex 11.5538244385079 74.75202115810829 22.09058859977179
  endloop
endfacet
facet normal 0.964326 0.264717 2.05851e-15
  outer loop
    vertex 24.54657684036348 27.42128026563438 10.49999999999998
    vertex 24.24365656074809 28.5247755699476 9.784384293053122
    vertex 24.30329929459767 28.30750561092411 10.96217288437661
  endloop
endfacet
facet normal 0.964326 0.264717 -0
  outer loop
    vertex 11.310727751305 75.6375876614903 21.75
    vertex 11.310727751305 75.6375876614903 23
    vertex 11.5538244385079 74.75202115810829 22.09058859977179
  endloop
endfacet
facet normal 0.964326 0.264717 -1.36149e-15
  outer loop
    vertex 24.16489870812608 28.81167917592774 11.90318973677098
    vertex 24.01973768909924 29.34048003095411 13.11058051745537
    vertex 24.31387050682698 28.26899619494591 12.72739578240777
  endloop
endfacet
facet normal 0.964326 0.264717 3.35769e-16
  outer loop
    vertex 11.99105595796664 73.15924919436573 14.06315328804499
    vertex 12.1604554894354 72.54215090115812 12.97697958988583
    vertex 11.81167711718729 73.81270068577622 12.88816010727637
  endloop
endfacet
facet normal 0.964326 0.264717 -4.89561e-16
  outer loop
    vertex 12.16074902721441 72.54108158496314 6.315182497077448
    vertex 11.93549109375145 73.36166405686393 5.2829483258107
    vertex 11.8728088526823 73.59000650647295 6.394859611344734
  endloop
endfacet
facet normal 0.964326 0.264717 1.19105e-15
  outer loop
    vertex 24.2907439486115 28.35324294273088 13.7018732931448
    vertex 24.01973768909924 29.34048003095411 13.11058051745537
    vertex 24.07671549819199 29.13291801211622 14.30473921795567
  endloop
endfacet
facet normal 0.964326 0.264717 1.60698e-15
  outer loop
    vertex 24.01973768909924 29.34048003095411 13.11058051745537
    vertex 23.8066399387878 30.11676469280293 14.18129378715448
    vertex 24.07671549819199 29.13291801211622 14.30473921795567
  endloop
endfacet
facet normal 0.964326 0.264717 2.24946e-15
  outer loop
    vertex 11.67642856925715 74.30539182466458 14.11136433475689
    vertex 11.310727751305 75.6375876614903 14.24999999999997
    vertex 11.54637473024524 74.77915938106511 15.02703109011103
  endloop
endfacet
facet normal 0.964326 0.264717 1.35171e-15
  outer loop
    vertex 23.64885919981425 30.69153738477801 17.41493430957529
    vertex 23.82779273705518 30.03970807054316 18.52251237203474
    vertex 23.95743550135442 29.56743800059596 17.47193316948037
  endloop
endfacet
facet normal 0.964326 0.264717 5.81941e-16
  outer loop
    vertex 24.01973768909924 29.34048003095411 13.11058051745537
    vertex 24.2907439486115 28.35324294273088 13.7018732931448
    vertex 24.31387050682698 28.26899619494591 12.72739578240777
  endloop
endfacet
facet normal 0.964326 0.264717 5.27113e-16
  outer loop
    vertex 11.61184989263652 74.54064271806831 16.16992902586723
    vertex 11.82213968672255 73.77458703961206 15.10386208993109
    vertex 11.54637473024524 74.77915938106511 15.02703109011103
  endloop
endfacet
facet normal 0.964326 0.264717 0
  outer loop
    vertex 24.54657684036348 27.42128026563438 11.74999999999997
    vertex 24.54657684036348 27.42128026563438 10.49999999999998
    vertex 24.30329929459767 28.30750561092411 10.96217288437661
  endloop
endfacet
facet normal 0.964326 0.264717 -6.21351e-16
  outer loop
    vertex 24.01478752338722 29.35851277747647 10.873290392059
    vertex 24.16489870812608 28.81167917592774 11.90318973677098
    vertex 24.30329929459767 28.30750561092411 10.96217288437661
  endloop
endfacet
facet normal 0.964326 0.264717 -1.46806e-16
  outer loop
    vertex 11.310727751305 75.6375876614903 15.49999999999997
    vertex 11.61184989263652 74.54064271806831 16.16992902586723
    vertex 11.54637473024524 74.77915938106511 15.02703109011103
  endloop
endfacet
facet normal 0.964326 0.264717 -0
  outer loop
    vertex 11.310727751305 75.6375876614903 10.49999999999998
    vertex 11.310727751305 75.6375876614903 11.74999999999997
    vertex 11.5478102671068 74.77392992535513 11.12499999999998
  endloop
endfacet
facet normal 0.964326 0.264717 2.42197e-15
  outer loop
    vertex 12.15802089797281 72.55101977005752 19.51318312760668
    vertex 11.99035275279316 73.16181087035486 18.42643657148837
    vertex 11.86426561184559 73.62112831237812 19.40041456211555
  endloop
endfacet
facet normal 0.964326 0.264717 -0
  outer loop
    vertex 11.310727751305 75.6375876614903 14.24999999999997
    vertex 11.310727751305 75.6375876614903 15.49999999999997
    vertex 11.54637473024524 74.77915938106511 15.02703109011103
  endloop
endfacet
facet normal 0.964326 0.264717 -1.2358e-17
  outer loop
    vertex 24.16094044924341 28.82609854757178 5.357593402824113
    vertex 23.99761101739085 29.42108433503466 6.415285118298193
    vertex 24.29803751825299 28.32667351046544 6.289849081936726
  endloop
endfacet
facet normal 0.964326 0.264717 2.03013e-16
  outer loop
    vertex 11.97945338544631 73.20151570854692 7.370884042220127
    vertex 12.16074902721441 72.54108158496314 6.315182497077448
    vertex 11.8728088526823 73.59000650647295 6.394859611344734
  endloop
endfacet
facet normal 0.964326 0.264717 3.67518e-16
  outer loop
    vertex 24.23848244390375 28.54362413845198 7.426366888561336
    vertex 24.54657684036348 27.42128026563438 6.74999999999999
    vertex 24.29803751825299 28.32667351046544 6.289849081936726
  endloop
endfacet
facet normal 0.964326 0.264717 -2.68419e-15
  outer loop
    vertex 11.67642856925715 74.30539182466458 14.11136433475689
    vertex 11.81167711718729 73.81270068577622 12.88816010727637
    vertex 11.53226902266916 74.83054445866368 13.31031939242379
  endloop
endfacet
facet normal 0.964326 0.264717 -0
  outer loop
    vertex 11.310727751305 75.6375876614903 16.74999999999998
    vertex 11.310727751305 75.6375876614903 17.99999999999998
    vertex 11.53681829529151 74.81397210839654 17.35479779455029
  endloop
endfacet
facet normal 0.964326 0.264717 7.96253e-16
  outer loop
    vertex 24.00959670780165 29.37742217710961 4.19978664317812
    vertex 24.16094044924341 28.82609854757178 5.357593402824113
    vertex 24.28717402668809 28.36624765830902 4.433230548470982
  endloop
endfacet
facet normal 0.964326 0.264717 1.53944e-15
  outer loop
    vertex 11.82213968672255 73.77458703961206 15.10386208993109
    vertex 11.67642856925715 74.30539182466458 14.11136433475689
    vertex 11.54637473024524 74.77915938106511 15.02703109011103
  endloop
endfacet
facet normal 0.964326 0.264717 3.93012e-16
  outer loop
    vertex 11.65010849717829 74.40127208723759 23
    vertex 11.8208750062529 73.77919408989433 21.94313011434596
    vertex 11.5538244385079 74.75202115810829 22.09058859977179
  endloop
endfacet
facet normal 0.964326 0.264717 0
  outer loop
    vertex 24.54657684036348 27.42128026563438 9.24999999999998
    vertex 24.54657684036348 27.42128026563438 7.999999999999986
    vertex 24.32515555681628 28.2278863699849 8.616040977869462
  endloop
endfacet
facet normal 0.964326 0.264717 1.0471e-16
  outer loop
    vertex 23.96878296455224 29.52610081323248 19.59774414279975
    vertex 23.822447017506 30.05918176318661 20.69683619269345
    vertex 24.07518089595172 29.13850834884863 20.59675738882413
  endloop
endfacet
facet normal 0.964326 0.264717 1.47351e-15
  outer loop
    vertex 24.27051235112599 28.42694376214237 17.26500571839861
    vertex 24.28221748417604 28.38430363460289 16.06398662094096
    vertex 24.05445477890082 29.21401063239121 16.58997996929682
  endloop
endfacet
facet normal 0.964326 0.264717 -2.57923e-16
  outer loop
    vertex 11.82220896080618 73.77433468402168 4.054484159599652
    vertex 11.65010849717829 74.40127208723759 3
    vertex 11.56067881935835 74.72705162786737 3.941761453991595
  endloop
endfacet
facet normal 0.964326 0.264717 2.232e-15
  outer loop
    vertex 24.03282794714527 29.29279409092929 21.7442504616112
    vertex 24.20719609449018 28.6575958398871 23
    vertex 24.29662577231014 28.33181629925726 22.05823854600853
  endloop
endfacet
facet normal 0.964326 0.264717 -9.16326e-16
  outer loop
    vertex 11.310727751305 75.6375876614903 4.249999999999997
    vertex 11.59115763614199 74.61602165244123 4.86655898779391
    vertex 11.56067881935835 74.72705162786737 3.941761453991595
  endloop
endfacet
facet normal 0.964326 0.264717 -1.98099e-15
  outer loop
    vertex 24.54657684036348 27.42128026563438 21.75
    vertex 24.29183424898618 28.34927113422312 21.06995614701623
    vertex 24.29662577231014 28.33181629925726 22.05823854600853
  endloop
endfacet
facet normal 0.964326 0.264717 -1.37312e-15
  outer loop
    vertex 23.8066399387878 30.11676469280293 14.18129378715448
    vertex 23.9926473758121 29.43916617221442 15.37581286633588
    vertex 24.07671549819199 29.13291801211622 14.30473921795567
  endloop
endfacet
facet normal 0.964326 0.264717 3.00908e-15
  outer loop
    vertex 11.81167711718729 73.81270068577622 12.88816010727637
    vertex 11.55178392429138 74.75945445989703 12.30207252008574
    vertex 11.53226902266916 74.83054445866368 13.31031939242379
  endloop
endfacet
facet normal 0.964326 0.264717 4.14026e-16
  outer loop
    vertex 24.28453117585451 28.37587518634561 14.87499999999997
    vertex 24.2907439486115 28.35324294273088 13.7018732931448
    vertex 24.07671549819199 29.13291801211622 14.30473921795567
  endloop
endfacet
facet normal 0.964326 0.264717 -5.94086e-16
  outer loop
    vertex 23.79779843226493 30.14897303799337 16.37361586502865
    vertex 23.95743550135442 29.56743800059596 17.47193316948037
    vertex 24.05445477890082 29.21401063239121 16.58997996929682
  endloop
endfacet
facet normal 0.964326 0.264717 -9.64268e-16
  outer loop
    vertex 11.5478102671068 74.77392992535513 11.12499999999998
    vertex 11.55178392429138 74.75945445989703 12.30207252008574
    vertex 11.75171967018861 74.03111709984285 11.66369165237526
  endloop
endfacet
facet normal 0.964326 0.264717 -2.93307e-15
  outer loop
    vertex 11.5985993237982 74.58891264740789 21.12801336585455
    vertex 11.310727751305 75.6375876614903 21.75
    vertex 11.5538244385079 74.75202115810829 22.09058859977179
  endloop
endfacet
facet normal 0.964326 0.264717 -2.84561e-15
  outer loop
    vertex 11.8208750062529 73.77919408989433 21.94313011434596
    vertex 11.5985993237982 74.58891264740789 21.12801336585455
    vertex 11.5538244385079 74.75202115810829 22.09058859977179
  endloop
endfacet
facet normal 0.964326 0.264717 1.29621e-15
  outer loop
    vertex 12.01060078192865 73.08805019278984 11.85171729213639
    vertex 11.83293722418094 73.73525315315651 10.60600810880275
    vertex 11.75171967018861 74.03111709984285 11.66369165237526
  endloop
endfacet
facet normal 0.964326 0.264717 4.17695e-16
  outer loop
    vertex 24.2907439486115 28.35324294273088 13.7018732931448
    vertex 24.54657684036348 27.42128026563438 12.99999999999997
    vertex 24.31387050682698 28.26899619494591 12.72739578240777
  endloop
endfacet
facet normal 0.964326 0.264717 -2.63537e-15
  outer loop
    vertex 11.57773201081706 74.66492928755349 8.688826038324683
    vertex 11.55924383020554 74.7322790883526 9.903636572296323
    vertex 11.77319969625682 73.95286843345151 9.426401566099807
  endloop
endfacet
facet normal 0.964326 0.264717 3.15049e-15
  outer loop
    vertex 11.55178392429138 74.75945445989703 12.30207252008574
    vertex 11.310727751305 75.6375876614903 12.99999999999997
    vertex 11.53226902266916 74.83054445866368 13.31031939242379
  endloop
endfacet
facet normal 0.964326 0.264717 -8.43589e-16
  outer loop
    vertex 11.59115763614199 74.61602165244123 4.86655898779391
    vertex 11.82220896080618 73.77433468402168 4.054484159599652
    vertex 11.56067881935835 74.72705162786737 3.941761453991595
  endloop
endfacet
facet normal 0.964326 0.264717 -1.96297e-15
  outer loop
    vertex 24.29183424898618 28.34927113422312 21.06995614701623
    vertex 24.03282794714527 29.29279409092929 21.7442504616112
    vertex 24.29662577231014 28.33181629925726 22.05823854600853
  endloop
endfacet
facet normal 0.964326 0.264717 -8.32179e-16
  outer loop
    vertex 23.95743550135442 29.56743800059596 17.47193316948037
    vertex 24.27051235112599 28.42694376214237 17.26500571839861
    vertex 24.05445477890082 29.21401063239121 16.58997996929682
  endloop
endfacet
facet normal 0.964326 0.264717 3.93445e-16
  outer loop
    vertex 24.26001230156893 28.46519394267165 19.87499999999998
    vertex 23.96878296455224 29.52610081323248 19.59774414279975
    vertex 24.07518089595172 29.13850834884863 20.59675738882413
  endloop
endfacet
facet normal 0.964326 0.264717 1.90967e-15
  outer loop
    vertex 24.29183424898618 28.34927113422312 21.06995614701623
    vertex 24.26001230156893 28.46519394267165 19.87499999999998
    vertex 24.07518089595172 29.13850834884863 20.59675738882413
  endloop
endfacet
facet normal 0.964326 0.264717 -6.92568e-16
  outer loop
    vertex 23.9926473758121 29.43916617221442 15.37581286633588
    vertex 24.28453117585451 28.37587518634561 14.87499999999997
    vertex 24.07671549819199 29.13291801211622 14.30473921795567
  endloop
endfacet
facet normal 0.964326 0.264717 1.44442e-15
  outer loop
    vertex 11.83293722418094 73.73525315315651 10.60600810880275
    vertex 11.5478102671068 74.77392992535513 11.12499999999998
    vertex 11.75171967018861 74.03111709984285 11.66369165237526
  endloop
endfacet
facet normal 0.964326 0.264717 -1.02331e-15
  outer loop
    vertex 11.87579701793356 73.57912104734339 8.380970943297598
    vertex 11.57773201081706 74.66492928755349 8.688826038324683
    vertex 11.77319969625682 73.95286843345151 9.426401566099807
  endloop
endfacet
facet normal -0.964326 -0.264717 -1.23604e-15
  outer loop
    vertex 22.3313600057347 27.93575997910931 13.62499999999996
    vertex 22.33136000573469 27.93575997910931 14.87499999999997
    vertex 21.99324873537029 29.16745103543681 14.22339366732609
  endloop
endfacet
facet normal -0.964326 -0.264717 -3.62288e-17
  outer loop
    vertex 21.94404069980895 29.34670887926737 12.02594405066358
    vertex 22.11365779374546 28.72881803707011 10.97160982141281
    vertex 22.29823173380837 28.05644154112664 12.21562990550796
  endloop
endfacet
facet normal -0.964326 -0.264717 -3.4866e-16
  outer loop
    vertex 22.3105569105668 28.01154268293521 5.009341479028208
    vertex 22.08406593115874 28.83661696506459 6.225886244289555
    vertex 21.93948302251209 29.3633118465631 5.14163872182047
  endloop
endfacet
facet normal -0.964326 -0.264717 8.47385e-16
  outer loop
    vertex 9.922921458939138 73.13792897100743 8.731900492508053
    vertex 10.08093177080682 72.56231997777515 9.814292669563795
    vertex 9.687386232957145 73.99595015137041 9.862148233916894
  endloop
endfacet
facet normal -0.964326 -0.264717 7.56429e-16
  outer loop
    vertex 10.09019713258183 72.52856758845191 16.26139540396219
    vertex 9.71782457388443 73.88506762370672 16.14269841645893
    vertex 9.943464237322706 73.06309456403871 15.17123475181798
  endloop
endfacet
facet normal -0.964326 -0.264717 1.47411e-16
  outer loop
    vertex 10.0538115652467 72.66111501231559 7.501809537467843
    vertex 9.922921458939138 73.13792897100743 8.731900492508053
    vertex 9.695485142415574 73.96644698120041 7.442140478276592
  endloop
endfacet
facet normal -0.964326 -0.264717 1.44285e-15
  outer loop
    vertex 22.39155176420421 27.71649000182754 6.159369103026242
    vertex 22.08406593115874 28.83661696506459 6.225886244289555
    vertex 22.3105569105668 28.01154268293521 5.009341479028208
  endloop
endfacet
facet normal -0.964326 -0.264717 2.44266e-15
  outer loop
    vertex 10.09019713258183 72.52856758845191 16.26139540396219
    vertex 9.913978701658937 73.17050615824245 17.02107893665635
    vertex 9.71782457388443 73.88506762370672 16.14269841645893
  endloop
endfacet
facet normal -0.964326 -0.264717 -1.89913e-15
  outer loop
    vertex 10.08093177080682 72.56231997777515 9.814292669563795
    vertex 9.92355930020619 73.13560540639173 10.97378763998809
    vertex 9.687386232957145 73.99595015137041 9.862148233916894
  endloop
endfacet
facet normal -0.964326 -0.264717 2.68612e-16
  outer loop
    vertex 22.29509336011011 28.06787418817031 16.25303346610007
    vertex 22.10538765711534 28.75894496336555 17.47951130354915
    vertex 21.93868904394738 29.36620419704881 16.39444103933917
  endloop
endfacet
facet normal -0.964326 -0.264717 2.11309e-17
  outer loop
    vertex 21.98907783396994 29.18264503339521 7.282686761456731
    vertex 22.05171502061933 28.95446671060102 8.348675200867643
    vertex 21.68080018415611 30.30565647200274 7.587408393395815
  endloop
endfacet
facet normal -0.964326 -0.264717 1.03966e-15
  outer loop
    vertex 21.68080018415611 30.30565647200274 7.587408393395815
    vertex 22.05171502061933 28.95446671060102 8.348675200867643
    vertex 21.78283970298596 29.93394108197971 8.749494532340183
  endloop
endfacet
facet normal -0.964326 -0.264717 3.08172e-16
  outer loop
    vertex 9.922921458939138 73.13792897100743 8.731900492508053
    vertex 9.613988749050673 74.26332669988683 8.657237840940301
    vertex 9.695485142415574 73.96644698120041 7.442140478276592
  endloop
endfacet
facet normal -0.964326 -0.264717 -9.32465e-16
  outer loop
    vertex 22.11365779374546 28.72881803707011 10.97160982141281
    vertex 22.38977256634099 27.72297136547209 11.12499999999998
    vertex 22.29823173380837 28.05644154112664 12.21562990550796
  endloop
endfacet
facet normal -0.964326 -0.264717 -0
  outer loop
    vertex 22.61792454452924 26.89184630207204 21.75
    vertex 22.30323448843129 28.03821722071459 20.93162711778555
    vertex 22.61792454452924 26.89184630207204 20.49999999999999
  endloop
endfacet
facet normal -0.964326 -0.264717 0
  outer loop
    vertex 9.382075455470758 75.10815369792796 4.249999999999997
    vertex 9.697128058223718 73.9604620736136 5.070983288389423
    vertex 9.382075455470758 75.10815369792796 5.499999999999995
  endloop
endfacet
facet normal -0.964326 -0.264717 3.12532e-17
  outer loop
    vertex 21.44251058797418 31.17371142952262 6.340389680322014
    vertex 21.68080018415611 30.30565647200274 7.587408393395815
    vertex 21.27714720083348 31.77610662553518 7.448167938987895
  endloop
endfacet
facet normal -0.964326 -0.264717 -2.069e-16
  outer loop
    vertex 10.25805465271493 71.91708662225277 8.679712404910294
    vertex 10.0538115652467 72.66111501231559 7.501809537467843
    vertex 10.42831081794952 71.29686773461248 7.57516692644385
  endloop
endfacet
facet normal -0.964326 -0.264717 -8.27669e-16
  outer loop
    vertex 22.33136000573469 27.93575997910931 14.87499999999997
    vertex 22.06491921960681 28.90636570000377 15.41172599797709
    vertex 21.99324873537029 29.16745103543681 14.22339366732609
  endloop
endfacet
facet normal -0.964326 -0.264717 1.69504e-15
  outer loop
    vertex 22.61792454452924 26.89184630207204 21.75
    vertex 22.36809385250127 27.8019438230311 22.06449782324136
    vertex 22.30323448843129 28.03821722071459 20.93162711778555
  endloop
endfacet
facet normal -0.964326 -0.264717 -1.16454e-15
  outer loop
    vertex 10.23929445306014 71.98542734956662 6.391677519121713
    vertex 9.893337352603348 73.24569964408781 6.302919852232851
    vertex 10.06818880109687 72.60874079600427 5.23531591293029
  endloop
endfacet
facet normal -0.964326 -0.264717 1.12797e-15
  outer loop
    vertex 22.29509336011011 28.06787418817031 16.25303346610007
    vertex 22.38710092191739 27.73270378444379 17.37499999999997
    vertex 22.10538765711534 28.75894496336555 17.47951130354915
  endloop
endfacet
facet normal -0.964326 -0.264717 -1.04751e-16
  outer loop
    vertex 22.31443067133899 27.99743112583654 18.60688841395582
    vertex 21.93777312667254 29.36954075283575 18.588775665951
    vertex 22.10538765711534 28.75894496336555 17.47951130354915
  endloop
endfacet
facet normal -0.964326 -0.264717 -3.86462e-16
  outer loop
    vertex 9.382075455470758 75.10815369792796 4.249999999999997
    vertex 9.631906147498741 74.19805617696888 3.935502176758647
    vertex 9.697128058223718 73.9604620736136 5.070983288389423
  endloop
endfacet
facet normal -0.964326 -0.264717 1.82745e-15
  outer loop
    vertex 21.99324873537029 29.16745103543681 14.22339366732609
    vertex 22.07218116804445 28.87991145926664 13.0432171934631
    vertex 22.3313600057347 27.93575997910931 13.62499999999996
  endloop
endfacet
facet normal -0.964326 -0.264717 -1.09175e-15
  outer loop
    vertex 10.06818880109687 72.60874079600427 5.23531591293029
    vertex 10.41333983776483 71.35140487671384 5.286663356674882
    vertex 10.23929445306014 71.98542734956662 6.391677519121713
  endloop
endfacet
facet normal -0.964326 -0.264717 9.06158e-17
  outer loop
    vertex 10.25805465271493 71.91708662225277 8.679712404910294
    vertex 9.922921458939138 73.13792897100743 8.731900492508053
    vertex 10.0538115652467 72.66111501231559 7.501809537467843
  endloop
endfacet
facet normal -0.964326 -0.264717 3.58749e-17
  outer loop
    vertex 22.10588509718191 28.75713286026588 19.68434762203226
    vertex 21.93777312667254 29.36954075283575 18.588775665951
    vertex 22.31443067133899 27.99743112583654 18.60688841395582
  endloop
endfacet
facet normal -0.964326 -0.264717 -2.38923e-15
  outer loop
    vertex 10.76082292115601 70.08557364436024 5.331766812074731
    vertex 10.41333983776483 71.35140487671384 5.286663356674882
    vertex 10.57696429595897 70.75534435043519 4.166261546354511
  endloop
endfacet
facet normal -0.964326 -0.264717 1.33122e-16
  outer loop
    vertex 21.76934434708578 29.98310273561609 6.313629559525234
    vertex 21.68080018415611 30.30565647200274 7.587408393395815
    vertex 21.44251058797418 31.17371142952262 6.340389680322014
  endloop
endfacet
facet normal -0.964326 -0.264717 -1.60521e-15
  outer loop
    vertex 21.4529665956241 31.13562168736935 8.628815080271004
    vertex 21.78283970298596 29.93394108197971 8.749494532340183
    vertex 21.61623244028075 30.54086753897727 9.812471492906633
  endloop
endfacet
facet normal -0.964326 -0.264717 2.15621e-15
  outer loop
    vertex 10.42831081794952 71.29686773461248 7.57516692644385
    vertex 10.0538115652467 72.66111501231559 7.501809537467843
    vertex 10.23929445306014 71.98542734956662 6.391677519121713
  endloop
endfacet
facet normal -0.964326 -0.264717 -1.14579e-15
  outer loop
    vertex 9.893337352603348 73.24569964408781 6.302919852232851
    vertex 10.0538115652467 72.66111501231559 7.501809537467843
    vertex 9.695485142415574 73.96644698120041 7.442140478276592
  endloop
endfacet
facet normal -0.964326 -0.264717 -2.23577e-16
  outer loop
    vertex 21.96062336694893 29.28630059182889 9.935629554233778
    vertex 22.31306170741104 28.00241806585976 9.959335987017775
    vertex 22.11365779374546 28.72881803707011 10.97160982141281
  endloop
endfacet
facet normal -0.964326 -0.264717 -1.90694e-15
  outer loop
    vertex 9.893233394605954 73.24607834822116 21.93799090039376
    vertex 9.699037905121362 73.95350477420075 21.01449830900441
    vertex 10.05229611276465 72.66663558921448 20.90875120610205
  endloop
endfacet
facet normal -0.964326 -0.264717 1.1454e-15
  outer loop
    vertex 21.98907783396994 29.18264503339521 7.282686761456731
    vertex 22.08406593115874 28.83661696506459 6.225886244289555
    vertex 22.29541773255818 28.06669254568092 7.352349848432732
  endloop
endfacet
facet normal -0.964326 -0.264717 -2.23486e-15
  outer loop
    vertex 22.1066810564691 28.75423329429115 4.05429938563193
    vertex 22.3105569105668 28.01154268293521 5.009341479028208
    vertex 21.93948302251209 29.3633118465631 5.14163872182047
  endloop
endfacet
facet normal -0.964326 -0.264717 -5.93479e-16
  outer loop
    vertex 10.08093177080682 72.56231997777515 9.814292669563795
    vertex 10.26787478809013 71.88131327195737 10.91496687522151
    vertex 9.92355930020619 73.13560540639173 10.97378763998809
  endloop
endfacet
facet normal -0.964326 -0.264717 -1.39767e-15
  outer loop
    vertex 21.27714720083348 31.77610662553518 7.448167938987895
    vertex 21.68080018415611 30.30565647200274 7.587408393395815
    vertex 21.4529665956241 31.13562168736935 8.628815080271004
  endloop
endfacet
facet normal -0.964326 -0.264717 6.21743e-16
  outer loop
    vertex 22.29541773255818 28.06669254568092 7.352349848432732
    vertex 22.08406593115874 28.83661696506459 6.225886244289555
    vertex 22.39155176420421 27.71649000182754 6.159369103026242
  endloop
endfacet
facet normal -0.964326 -0.264717 1.1412e-15
  outer loop
    vertex 9.92355930020619 73.13560540639173 10.97378763998809
    vertex 10.26787478809013 71.88131327195737 10.91496687522151
    vertex 10.10601515399683 72.4709447961544 12.02714466307631
  endloop
endfacet
facet normal -0.964326 -0.264717 -1.37781e-15
  outer loop
    vertex 10.57172406726996 70.77443375494515 19.69828553737748
    vertex 10.76385990791554 70.07451033545054 18.58951588469779
    vertex 10.92951663821694 69.47104653220971 19.68738765820342
  endloop
endfacet
facet normal -0.964326 -0.264717 -1.26781e-15
  outer loop
    vertex 10.92951663821694 69.47104653220971 19.68738765820342
    vertex 10.74795091474851 70.13246452484471 20.79434191471813
    vertex 10.57172406726996 70.77443375494515 19.69828553737748
  endloop
endfacet
facet normal -0.964326 -0.264717 3.90959e-17
  outer loop
    vertex 21.61623244028075 30.54086753897727 9.812471492906633
    vertex 21.27931253393447 31.76821862638156 9.672003517621182
    vertex 21.4529665956241 31.13562168736935 8.628815080271004
  endloop
endfacet
facet normal -0.964326 -0.264717 -2.83246e-16
  outer loop
    vertex 11.09864229620846 68.85494592095489 20.79929663428507
    vertex 10.74795091474851 70.13246452484471 20.79434191471813
    vertex 10.92951663821694 69.47104653220971 19.68738765820342
  endloop
endfacet
facet normal -0.964326 -0.264717 2.93513e-16
  outer loop
    vertex 10.23929445306014 71.98542734956662 6.391677519121713
    vertex 10.0538115652467 72.66111501231559 7.501809537467843
    vertex 9.893337352603348 73.24569964408781 6.302919852232851
  endloop
endfacet
facet normal -0.964326 -0.264717 3.98276e-16
  outer loop
    vertex 10.91618186597208 69.51962320253027 21.90141173137978
    vertex 10.74795091474851 70.13246452484471 20.79434191471813
    vertex 11.09864229620846 68.85494592095489 20.79929663428507
  endloop
endfacet
facet normal -0.964326 -0.264717 -4.20126e-16
  outer loop
    vertex 10.57696429595897 70.75534435043519 4.166261546354511
    vertex 10.92047355727617 69.50398918420824 4.156071782632985
    vertex 10.76082292115601 70.08557364436024 5.331766812074731
  endloop
endfacet
facet normal -0.964326 -0.264717 -1.02473e-15
  outer loop
    vertex 11.26062555176197 68.26486406143854 4.176140886423101
    vertex 11.59933714752457 67.0309861054462 4.181356403331192
    vertex 11.44077938415332 67.60858938629862 5.322020799737718
  endloop
endfacet
facet normal -0.964326 -0.264717 1.26766e-16
  outer loop
    vertex 20.93980728653204 33.00498774191897 11.88448219049552
    vertex 21.10923453760394 32.38778847015707 13.03317428469163
    vertex 20.77193190643906 33.61653376940055 12.96991866341458
  endloop
endfacet
facet normal -0.964326 -0.264717 3.19998e-16
  outer loop
    vertex 12.09712142245709 65.2176291039063 3
    vertex 11.93760770923615 65.79871477349687 4.217782665056504
    vertex 11.7577406765838 66.45394467815902 3
  endloop
endfacet
facet normal -0.964326 -0.264717 3.95717e-16
  outer loop
    vertex 11.4183599307105 67.69026025241173 3
    vertex 11.59933714752457 67.0309861054462 4.181356403331192
    vertex 11.26062555176197 68.26486406143854 4.176140886423101
  endloop
endfacet
facet normal -0.964326 -0.264717 2.79101e-15
  outer loop
    vertex 21.10260914707308 32.41192382137662 10.74251288561784
    vertex 21.44409515241086 31.16793908764613 10.8567520649608
    vertex 21.27672361334578 31.77764969424039 11.964817831903
  endloop
endfacet
facet normal -0.964326 -0.264717 1.14175e-16
  outer loop
    vertex 10.76385990791554 70.07451033545054 18.58951588469779
    vertex 10.41610703921946 71.34132435712912 18.60906643066772
    vertex 10.5944420728142 70.69167530617685 17.48873257703733
  endloop
endfacet
facet normal -0.964326 -0.264717 2.14238e-15
  outer loop
    vertex 21.27672361334578 31.77764969424039 11.964817831903
    vertex 20.93980728653204 33.00498774191897 11.88448219049552
    vertex 21.10260914707308 32.41192382137662 10.74251288561784
  endloop
endfacet
facet normal -0.964326 -0.264717 5.13124e-16
  outer loop
    vertex 11.7577406765838 66.45394467815902 3
    vertex 11.59933714752457 67.0309861054462 4.181356403331192
    vertex 11.4183599307105 67.69026025241173 3
  endloop
endfacet
facet normal -0.964326 -0.264717 5.6279e-16
  outer loop
    vertex 12.79407959255409 62.6787100556958 20.77552602227352
    vertex 13.13591465760155 61.43345374730863 20.78390323401563
    vertex 12.95649332957689 62.08706001368418 21.88706481634597
  endloop
endfacet
facet normal -0.964326 -0.264717 1.34944e-15
  outer loop
    vertex 10.5988679160449 70.67555259155074 6.470257845981497
    vertex 10.41333983776483 71.35140487671384 5.286663356674882
    vertex 10.76082292115601 70.08557364436024 5.331766812074731
  endloop
endfacet
facet normal -0.964326 -0.264717 -1.42265e-15
  outer loop
    vertex 9.699037905121362 73.95350477420075 21.01449830900441
    vertex 9.89659015812564 73.2338501382566 20.13665224553167
    vertex 10.05229611276465 72.66663558921448 20.90875120610205
  endloop
endfacet
facet normal -0.964326 -0.264717 -1.61899e-15
  outer loop
    vertex 21.27931253393447 31.76821862638156 9.672003517621182
    vertex 21.44409515241086 31.16793908764613 10.8567520649608
    vertex 21.10260914707308 32.41192382137662 10.74251288561784
  endloop
endfacet
facet normal -0.964326 -0.264717 8.84176e-17
  outer loop
    vertex 21.93868904394738 29.36620419704881 16.39444103933917
    vertex 22.06491921960681 28.90636570000377 15.41172599797709
    vertex 22.29509336011011 28.06787418817031 16.25303346610007
  endloop
endfacet
facet normal -0.964326 -0.264717 7.8532e-16
  outer loop
    vertex 12.62373411666864 63.29925428927854 6.409439050517318
    vertex 12.44629471998381 63.94564066291612 5.277652226428222
    vertex 12.78559471183981 62.70961926401212 5.253675710945789
  endloop
endfacet
facet normal -0.964326 -0.264717 1.24312e-15
  outer loop
    vertex 12.78559471183981 62.70961926401212 5.253675710945789
    vertex 12.44629471998381 63.94564066291612 5.277652226428222
    vertex 12.60811643719438 63.35614726450619 4.116532672092703
  endloop
endfacet
facet normal -0.964326 -0.264717 -9.4499e-16
  outer loop
    vertex 9.766571615139762 73.70748911627658 11.96095007216222
    vertex 9.61204414409201 74.27041061795053 12.74569316317207
    vertex 9.382075455470758 75.10815369792796 11.74999999999997
  endloop
endfacet
facet normal -0.964326 -0.264717 -2.83452e-15
  outer loop
    vertex 20.25087731978116 35.51466119222579 20.72395956226113
    vertex 20.42717771346639 34.87242404380103 19.58885733717834
    vertex 20.5873017728548 34.28911497031463 20.74862197538412
  endloop
endfacet
facet normal -0.964326 -0.264717 2.23372e-15
  outer loop
    vertex 9.687386232957145 73.99595015137041 9.862148233916894
    vertex 9.613988749050673 74.26332669988683 8.657237840940301
    vertex 9.922921458939138 73.13792897100743 8.731900492508053
  endloop
endfacet
facet normal -0.964326 -0.264717 -1.914e-16
  outer loop
    vertex 20.94313904072615 32.99285063735473 14.10854639069549
    vertex 21.10801730332959 32.3922226807279 15.23077843386805
    vertex 20.77265770320595 33.61388979546402 15.15999612145194
  endloop
endfacet
facet normal -0.964326 -0.264717 4.25921e-16
  outer loop
    vertex 11.7577406765838 66.45394467815902 3
    vertex 11.93760770923615 65.79871477349687 4.217782665056504
    vertex 11.59933714752457 67.0309861054462 4.181356403331192
  endloop
endfacet
facet normal -0.964326 -0.264717 1.21559e-15
  outer loop
    vertex 10.23929445306014 71.98542734956662 6.391677519121713
    vertex 10.41333983776483 71.35140487671384 5.286663356674882
    vertex 10.5988679160449 70.67555259155074 6.470257845981497
  endloop
endfacet
facet normal -0.964326 -0.264717 -2.18208e-16
  outer loop
    vertex 9.382075455470758 75.10815369792796 11.74999999999997
    vertex 9.628333611848921 74.21107041397893 11.00937718921343
    vertex 9.766571615139762 73.70748911627658 11.96095007216222
  endloop
endfacet
facet normal -0.964326 -0.264717 1.19717e-15
  outer loop
    vertex 12.28419961873299 64.53612996032983 6.422789243059124
    vertex 12.44629471998381 63.94564066291612 5.277652226428222
    vertex 12.62373411666864 63.29925428927854 6.409439050517318
  endloop
endfacet
facet normal -0.964326 -0.264717 1.31202e-16
  outer loop
    vertex 22.29823173380837 28.05644154112664 12.21562990550796
    vertex 22.07218116804445 28.87991145926664 13.0432171934631
    vertex 21.94404069980895 29.34670887926737 12.02594405066358
  endloop
endfacet
facet normal -0.964326 -0.264717 -1.80824e-16
  outer loop
    vertex 11.10149973655432 68.84453667398068 5.302388601378498
    vertex 11.27498633629996 68.21254977490727 6.444774942663503
    vertex 10.93918795413684 69.43581530993008 6.458607964826316
  endloop
endfacet
facet normal -0.964326 -0.264717 -1.91012e-15
  outer loop
    vertex 11.07897918483722 68.92657582666443 3
    vertex 10.92047355727617 69.50398918420824 4.156071782632985
    vertex 10.73959843896392 70.16289140091715 3
  endloop
endfacet
facet normal -0.964326 -0.264717 2.6546e-15
  outer loop
    vertex 12.78559471183981 62.70961926401212 5.253675710945789
    vertex 12.60811643719438 63.35614726450619 4.116532672092703
    vertex 12.94737792011657 62.12026614814677 4.114741544883996
  endloop
endfacet
facet normal -0.964326 -0.264717 -1.36779e-16
  outer loop
    vertex 21.61623244028075 30.54086753897727 9.812471492906633
    vertex 21.44409515241086 31.16793908764613 10.8567520649608
    vertex 21.27931253393447 31.76821862638156 9.672003517621182
  endloop
endfacet
facet normal -0.964326 -0.264717 -5.91243e-16
  outer loop
    vertex 11.44077938415332 67.60858938629862 5.322020799737718
    vertex 11.10149973655432 68.84453667398068 5.302388601378498
    vertex 11.26062555176197 68.26486406143854 4.176140886423101
  endloop
endfacet
facet normal -0.964326 -0.264717 -1.80055e-15
  outer loop
    vertex 14.99847885415425 54.64839845986664 6.370884312126164
    vertex 14.82094448594622 55.29513080119591 5.230555964648649
    vertex 15.15895924186239 54.06379133321559 5.229590171397438
  endloop
endfacet
facet normal -0.964326 -0.264717 -9.94206e-16
  outer loop
    vertex 12.97412876644007 62.02281663653974 19.6773611215748
    vertex 13.13591465760155 61.43345374730863 20.78390323401563
    vertex 12.79407959255409 62.6787100556958 20.77552602227352
  endloop
endfacet
facet normal -0.964326 -0.264717 2.19448e-15
  outer loop
    vertex 15.15895924186239 54.06379133321559 5.229590171397438
    vertex 14.82094448594622 55.29513080119591 5.230555964648649
    vertex 14.98386763940887 54.70162502786766 4.110800450202157
  endloop
endfacet
facet normal -0.964326 -0.264717 9.35761e-16
  outer loop
    vertex 10.10601515399683 72.4709447961544 12.02714466307631
    vertex 9.766571615139762 73.70748911627658 11.96095007216222
    vertex 9.92355930020619 73.13560540639173 10.97378763998809
  endloop
endfacet
facet normal -0.964326 -0.264717 -1.84962e-15
  outer loop
    vertex 21.27672361334578 31.77764969424039 11.964817831903
    vertex 21.10923453760394 32.38778847015707 13.03317428469163
    vertex 20.93980728653204 33.00498774191897 11.88448219049552
  endloop
endfacet
facet normal -0.964326 -0.264717 -8.29669e-16
  outer loop
    vertex 13.28495403301363 60.89052459402177 4.110288979210818
    vertex 13.62433477888693 59.65420901976903 4.110288979210862
    vertex 13.46829660784532 60.22263378570632 5.25842349328958
  endloop
endfacet
facet normal -0.964326 -0.264717 1.91709e-16
  outer loop
    vertex 14.32239048416377 57.11129180768913 6.38242395523744
    vertex 14.48339600933681 56.52477168027305 5.23262239608934
    vertex 14.65814337790366 55.8881919804938 6.365074916264683
  endloop
endfacet
facet normal -0.964326 -0.264717 3.03609e-16
  outer loop
    vertex 16.0164853787639 50.93994612021721 6.35687725191395
    vertex 15.83714634619336 51.5932525960099 5.226087582360248
    vertex 16.18185128056684 50.33754176364936 5.240510027775843
  endloop
endfacet
facet normal -0.964326 -0.264717 -1.3216e-15
  outer loop
    vertex 10.23590063927207 71.99779052836602 4.124700503586551
    vertex 10.41333983776483 71.35140487671384 5.286663356674882
    vertex 10.06818880109687 72.60874079600427 5.23531591293029
  endloop
endfacet
facet normal -0.964326 -0.264717 -1.11994e-16
  outer loop
    vertex 18.20894800207389 42.95311799244512 20.77546099591845
    vertex 18.40559127297011 42.23677464846603 19.60512726316886
    vertex 18.54802287923773 41.71791665420541 20.75919314073937
  endloop
endfacet
facet normal -0.964326 -0.264717 -2.92815e-15
  outer loop
    vertex 10.57696429595897 70.75534435043519 4.166261546354511
    vertex 10.41333983776483 71.35140487671384 5.286663356674882
    vertex 10.23590063927207 71.99779052836602 4.124700503586551
  endloop
endfacet
facet normal -0.964326 -0.264717 -1.61706e-15
  outer loop
    vertex 16.18185128056684 50.33754176364936 5.240510027775843
    vertex 15.83714634619336 51.5932525960099 5.226087582360248
    vertex 16.00229038556679 50.99165645257813 4.112586846264443
  endloop
endfacet
facet normal -0.964326 -0.264717 -1.96193e-15
  outer loop
    vertex 19.5713006252179 37.99026200813479 20.74599260550595
    vertex 19.75831733220991 37.30898686123533 19.58887329119134
    vertex 19.91355736870858 36.74346958541874 20.73096310443471
  endloop
endfacet
facet normal -0.964326 -0.264717 1.06809e-15
  outer loop
    vertex 18.06937733458478 43.46155399544117 19.61214207930805
    vertex 18.40559127297011 42.23677464846603 19.60512726316886
    vertex 18.20894800207389 42.95311799244512 20.77546099591845
  endloop
endfacet
facet normal -0.964326 -0.264717 -1.07317e-15
  outer loop
    vertex 10.94798779479867 69.40375874751912 17.47831787346694
    vertex 11.11292337289512 68.80292199873921 18.58378580403771
    vertex 10.76385990791554 70.07451033545054 18.58951588469779
  endloop
endfacet
facet normal -0.964326 -0.264717 -2.62413e-15
  outer loop
    vertex 19.42136097482043 38.53647073458271 19.59266509550137
    vertex 19.75831733220991 37.30898686123533 19.58887329119134
    vertex 19.5713006252179 37.99026200813479 20.74599260550595
  endloop
endfacet
facet normal -0.964326 -0.264717 1.34772e-15
  outer loop
    vertex 18.74469992326442 41.00145027953674 19.60359245620852
    vertex 19.08231390176917 39.77157078641233 19.59694224707488
    vertex 18.88960972175795 40.4735645850246 20.76337481941022
  endloop
endfacet
facet normal -0.964326 -0.264717 -1.72125e-16
  outer loop
    vertex 10.76385990791554 70.07451033545054 18.58951588469779
    vertex 11.11292337289512 68.80292199873921 18.58378580403771
    vertex 10.92951663821694 69.47104653220971 19.68738765820342
  endloop
endfacet
facet normal -0.964326 -0.264717 -1.25135e-15
  outer loop
    vertex 9.956601398862396 73.01523776128698 17.99999999999997
    vertex 9.913978701658937 73.17050615824245 17.02107893665635
    vertex 10.22370336047528 72.04222347255433 17.48780869660611
  endloop
endfacet
facet normal -0.964326 -0.264717 -4.23235e-16
  outer loop
    vertex 13.96371552476022 58.41789344551634 4.110288979210817
    vertex 14.30770154058454 57.16480153072774 4.115158283602121
    vertex 14.15008337513185 57.73898199059111 5.273674784500453
  endloop
endfacet
facet normal -0.964326 -0.264717 -1.4309e-15
  outer loop
    vertex 17.86659410230311 44.20026434161009 20.77942204157836
    vertex 17.52721326813066 45.43658023752403 20.78944715065035
    vertex 17.72721796940948 44.70799168286547 19.61853517644164
  endloop
endfacet
facet normal -0.964326 -0.264717 1.94508e-16
  outer loop
    vertex 10.5944420728142 70.69167530617685 17.48873257703733
    vertex 10.41610703921946 71.34132435712912 18.60906643066772
    vertex 10.22370336047528 72.04222347255433 17.48780869660611
  endloop
endfacet
facet normal -0.964326 -0.264717 3.19457e-16
  outer loop
    vertex 18.88960972175795 40.4735645850246 20.76337481941022
    vertex 19.08231390176917 39.77157078641233 19.59694224707488
    vertex 19.22744509744586 39.24287857359008 20.74744356479757
  endloop
endfacet
facet normal -0.964326 -0.264717 -1.55406e-15
  outer loop
    vertex 17.72721796940948 44.70799168286547 19.61853517644164
    vertex 17.52721326813066 45.43658023752403 20.78944715065035
    vertex 17.3910520903753 45.93259595648997 19.62457658949855
  endloop
endfacet
facet normal -0.964326 -0.264717 2.94601e-15
  outer loop
    vertex 12.94737792011657 62.12026614814677 4.114741544883996
    vertex 13.12643695979833 61.46797964644894 5.259041249322417
    vertex 12.78559471183981 62.70961926401212 5.253675710945789
  endloop
endfacet
facet normal -0.964326 -0.264717 6.50742e-16
  outer loop
    vertex 20.25087731978116 35.51466119222579 20.72395956226113
    vertex 19.91355736870858 36.74346958541874 20.73096310443471
    vertex 20.09114127753807 36.09655677468272 19.58922995060991
  endloop
endfacet
facet normal -0.964326 -0.264717 -1.45534e-15
  outer loop
    vertex 21.09944397782119 32.42345408079423 17.4769914415545
    vertex 20.9331513599262 33.02923433169742 18.55561909152881
    vertex 20.76865607315419 33.62846716208118 17.40634227803724
  endloop
endfacet
facet normal -0.964326 -0.264717 -8.89219e-16
  outer loop
    vertex 16.84845186468323 47.90921106436823 20.7794391795537
    vertex 16.51181398560392 49.13553476672859 20.7915662613844
    vertex 16.70808494902351 48.42054768570006 19.63088794242766
  endloop
endfacet
facet normal -0.964326 -0.264717 -4.10479e-16
  outer loop
    vertex 22.29541773255818 28.06669254568092 7.352349848432732
    vertex 22.05171502061933 28.95446671060102 8.348675200867643
    vertex 21.98907783396994 29.18264503339521 7.282686761456731
  endloop
endfacet
facet normal -0.964326 -0.264717 -3.23372e-16
  outer loop
    vertex 16.70808494902351 48.42054768570006 19.63088794242766
    vertex 16.51181398560392 49.13553476672859 20.7915662613844
    vertex 16.37327420688542 49.64021538920312 19.6428516446168
  endloop
endfacet
facet normal -0.964326 -0.264717 1.27117e-15
  outer loop
    vertex 18.06937733458478 43.46155399544117 19.61214207930805
    vertex 18.20894800207389 42.95311799244512 20.77546099591845
    vertex 17.86659410230311 44.20026434161009 20.77942204157836
  endloop
endfacet
facet normal -0.964326 -0.264717 1.58651e-15
  outer loop
    vertex 16.16969430180754 50.38182790055826 20.77943489508466
    vertex 15.8403982641608 51.58140632341423 20.77382291794097
    vertex 16.02893805174622 50.89458281149592 19.63786579606219
  endloop
endfacet
facet normal -0.964326 -0.264717 -3.84859e-17
  outer loop
    vertex 10.57172406726996 70.77443375494515 19.69828553737748
    vertex 10.41610703921946 71.34132435712912 18.60906643066772
    vertex 10.76385990791554 70.07451033545054 18.58951588469779
  endloop
endfacet
facet normal -0.964326 -0.264717 5.41999e-16
  outer loop
    vertex 15.33959132426642 53.40577446160091 6.365629197045649
    vertex 15.49970962980548 52.82248634856575 5.23149989734627
    vertex 15.67604118246388 52.180135692453 6.353089154922856
  endloop
endfacet
facet normal -0.964326 -0.264717 1.0667e-15
  outer loop
    vertex 13.46829660784532 60.22263378570632 5.25842349328958
    vertex 13.12643695979833 61.46797964644894 5.259041249322417
    vertex 13.28495403301363 60.89052459402177 4.110288979210818
  endloop
endfacet
facet normal -0.964326 -0.264717 1.24282e-15
  outer loop
    vertex 16.02893805174622 50.89458281149592 19.63786579606219
    vertex 15.8403982641608 51.58140632341423 20.77382291794097
    vertex 15.68283207239078 52.15539745057642 19.65366148690515
  endloop
endfacet
facet normal -0.964326 -0.264717 -6.09052e-16
  outer loop
    vertex 17.86659410230311 44.20026434161009 20.77942204157836
    vertex 17.72721796940948 44.70799168286547 19.61853517644164
    vertex 18.06937733458478 43.46155399544117 19.61214207930805
  endloop
endfacet
facet normal -0.964326 -0.264717 -1.78062e-15
  outer loop
    vertex 20.76865607315419 33.62846716208118 17.40634227803724
    vertex 20.9331513599262 33.02923433169742 18.55561909152881
    vertex 20.59878140163111 34.24729632262953 18.48964259716062
  endloop
endfacet
facet normal -0.964326 -0.264717 -2.1397e-16
  outer loop
    vertex 15.50030437699195 52.82031976952931 20.78224199805917
    vertex 15.16170192089935 54.05380014529522 20.78125515143417
    vertex 15.3411150162672 53.40022386931234 19.66624643266838
  endloop
endfacet
facet normal -0.964326 -0.264717 -2.03684e-15
  outer loop
    vertex 19.5713006252179 37.99026200813479 20.74599260550595
    vertex 19.22744509744586 39.24287857359008 20.74744356479757
    vertex 19.42136097482043 38.53647073458271 19.59266509550137
  endloop
endfacet
facet normal -0.964326 -0.264717 3.27517e-16
  outer loop
    vertex 20.09114127753807 36.09655677468272 19.58922995060991
    vertex 20.42717771346639 34.87242404380103 19.58885733717834
    vertex 20.25087731978116 35.51466119222579 20.72395956226113
  endloop
endfacet
facet normal -0.964326 -0.264717 -6.9761e-16
  outer loop
    vertex 11.58805030364715 67.0721024652854 21.93525724447519
    vertex 11.77706149394826 66.38356170061705 20.77050713426063
    vertex 11.92922957735574 65.82923511106124 21.89453555271194
  endloop
endfacet
facet normal -0.964326 -0.264717 -2.53468e-16
  outer loop
    vertex 15.3411150162672 53.40022386931234 19.66624643266838
    vertex 15.16170192089935 54.05380014529522 20.78125515143417
    vertex 15.0041307563222 54.62780938768343 19.66013776223107
  endloop
endfacet
facet normal -0.964326 -0.264717 5.46531e-16
  outer loop
    vertex 14.82156510518124 55.29286997398262 20.78674962500205
    vertex 14.48286731495015 56.52669763839589 20.78325543526124
    vertex 14.66240333494692 55.87267356555051 19.67372672378436
  endloop
endfacet
facet normal -0.964326 -0.264717 -6.77449e-16
  outer loop
    vertex 13.46829660784532 60.22263378570632 5.25842349328958
    vertex 13.62433477888693 59.65420901976903 4.110288979210862
    vertex 13.80826988959 58.98415968792213 5.259118266630086
  endloop
endfacet
facet normal -0.964326 -0.264717 1.13305e-15
  outer loop
    vertex 18.88960972175795 40.4735645850246 20.76337481941022
    vertex 18.54802287923773 41.71791665420541 20.75919314073937
    vertex 18.74469992326442 41.00145027953674 19.60359245620852
  endloop
endfacet
facet normal -0.964326 -0.264717 -1.95841e-16
  outer loop
    vertex 14.66240333494692 55.87267356555051 19.67372672378436
    vertex 14.48286731495015 56.52669763839589 20.78325543526124
    vertex 14.32542030171284 57.10025461518894 19.66661121846847
  endloop
endfacet
facet normal -0.964326 -0.264717 3.26065e-16
  outer loop
    vertex 20.93957843231532 33.00582142513705 16.28892245223796
    vertex 21.27268050865074 31.79237814705803 16.36823873734912
    vertex 21.09944397782119 32.42345408079423 17.4769914415545
  endloop
endfacet
facet normal -0.964326 -0.264717 3.5645e-16
  outer loop
    vertex 21.4529665956241 31.13562168736935 8.628815080271004
    vertex 21.68080018415611 30.30565647200274 7.587408393395815
    vertex 21.78283970298596 29.93394108197971 8.749494532340183
  endloop
endfacet
facet normal -0.964326 -0.264717 -1.36732e-15
  outer loop
    vertex 16.84845186468323 47.90921106436823 20.7794391795537
    vertex 17.04876493641419 47.17949916020544 19.62355606475266
    vertex 17.18781772984324 46.6729496984282 20.77945449692507
  endloop
endfacet
facet normal -0.964326 -0.264717 -7.02348e-16
  outer loop
    vertex 14.65814337790366 55.8881919804938 6.365074916264683
    vertex 14.82094448594622 55.29513080119591 5.230555964648649
    vertex 14.99847885415425 54.64839845986664 6.370884312126164
  endloop
endfacet
facet normal -0.964326 -0.264717 -8.9895e-16
  outer loop
    vertex 16.84845186468323 47.90921106436823 20.7794391795537
    vertex 16.70808494902351 48.42054768570006 19.63088794242766
    vertex 17.04876493641419 47.17949916020544 19.62355606475266
  endloop
endfacet
facet normal -0.964326 -0.264717 -1.25878e-15
  outer loop
    vertex 21.10321316305979 32.40972347742506 8.533264093509883
    vertex 21.27931253393447 31.76821862638156 9.672003517621182
    vertex 20.93496440397425 33.02262967123666 9.632893241219744
  endloop
endfacet
facet normal -0.964326 -0.264717 -8.74765e-16
  outer loop
    vertex 10.73959843896392 70.16289140091715 3
    vertex 10.92047355727617 69.50398918420824 4.156071782632985
    vertex 10.57696429595897 70.75534435043519 4.166261546354511
  endloop
endfacet
facet normal -0.964326 -0.264717 -1.42714e-15
  outer loop
    vertex 11.26062555176197 68.26486406143854 4.176140886423101
    vertex 10.92047355727617 69.50398918420824 4.156071782632985
    vertex 11.07897918483722 68.92657582666443 3
  endloop
endfacet
facet normal -0.964326 -0.264717 -2.23241e-16
  outer loop
    vertex 14.15008337513185 57.73898199059111 5.273674784500453
    vertex 13.80826988959 58.98415968792213 5.259118266630086
    vertex 13.96371552476022 58.41789344551634 4.110288979210817
  endloop
endfacet
facet normal -0.964326 -0.264717 -1.6131e-15
  outer loop
    vertex 17.3910520903753 45.93259595648997 19.62457658949855
    vertex 17.52721326813066 45.43658023752403 20.78944715065035
    vertex 17.18781772984324 46.6729496984282 20.77945449692507
  endloop
endfacet
facet normal -0.964326 -0.264717 -8.69947e-16
  outer loop
    vertex 19.91355736870858 36.74346958541874 20.73096310443471
    vertex 19.75831733220991 37.30898686123533 19.58887329119134
    vertex 20.09114127753807 36.09655677468272 19.58922995060991
  endloop
endfacet
facet normal -0.964326 -0.264717 1.03944e-15
  outer loop
    vertex 21.09944397782119 32.42345408079423 17.4769914415545
    vertex 20.76865607315419 33.62846716208118 17.40634227803724
    vertex 20.93957843231532 33.00582142513705 16.28892245223796
  endloop
endfacet
facet normal -0.964326 -0.264717 -1.48617e-15
  outer loop
    vertex 17.18781772984324 46.6729496984282 20.77945449692507
    vertex 17.04876493641419 47.17949916020544 19.62355606475266
    vertex 17.3910520903753 45.93259595648997 19.62457658949855
  endloop
endfacet
facet normal -0.964326 -0.264717 2.06401e-16
  outer loop
    vertex 18.54802287923773 41.71791665420541 20.75919314073937
    vertex 18.40559127297011 42.23677464846603 19.60512726316886
    vertex 18.74469992326442 41.00145027953674 19.60359245620852
  endloop
endfacet
facet normal -0.964326 -0.264717 -7.61639e-16
  outer loop
    vertex 19.22744509744586 39.24287857359008 20.74744356479757
    vertex 19.08231390176917 39.77157078641233 19.59694224707488
    vertex 19.42136097482043 38.53647073458271 19.59266509550137
  endloop
endfacet
facet normal -0.964326 -0.264717 -1.88816e-16
  outer loop
    vertex 10.76082292115601 70.08557364436024 5.331766812074731
    vertex 11.10149973655432 68.84453667398068 5.302388601378498
    vertex 10.93918795413684 69.43581530993008 6.458607964826316
  endloop
endfacet
facet normal -0.964326 -0.264717 -6.19565e-16
  outer loop
    vertex 21.27974186559872 31.76665463246179 14.16992559587385
    vertex 21.10801730332959 32.3922226807279 15.23077843386805
    vertex 20.94313904072615 32.99285063735473 14.10854639069549
  endloop
endfacet
facet normal -0.964326 -0.264717 1.55067e-15
  outer loop
    vertex 15.15895924186239 54.06379133321559 5.229590171397438
    vertex 14.98386763940887 54.70162502786766 4.110800450202157
    vertex 15.32431902414956 53.46140926916947 4.107765865711414
  endloop
endfacet
facet normal -0.964326 -0.264717 -5.1316e-16
  outer loop
    vertex 11.58805030364715 67.0721024652854 21.93525724447519
    vertex 11.25783739106175 68.27502093256075 21.90516720798144
    vertex 11.44681076499511 67.58661792751781 20.79503763774856
  endloop
endfacet
facet normal -0.964326 -0.264717 2.10372e-16
  outer loop
    vertex 11.44077938415332 67.60858938629862 5.322020799737718
    vertex 11.27498633629996 68.21254977490727 6.444774942663503
    vertex 11.10149973655432 68.84453667398068 5.302388601378498
  endloop
endfacet
facet normal -0.964326 -0.264717 -1.0858e-15
  outer loop
    vertex 11.44681076499511 67.58661792751781 20.79503763774856
    vertex 11.25783739106175 68.27502093256075 21.90516720798144
    vertex 11.09864229620846 68.85494592095489 20.79929663428507
  endloop
endfacet
facet normal -0.964326 -0.264717 -2.37656e-16
  outer loop
    vertex 10.25805465271493 71.91708662225277 8.679712404910294
    vertex 10.08093177080682 72.56231997777515 9.814292669563795
    vertex 9.922921458939138 73.13792897100743 8.731900492508053
  endloop
endfacet
facet normal -0.964326 -0.264717 -7.83339e-16
  outer loop
    vertex 22.34883046527581 27.87211759078097 8.683112533477924
    vertex 22.05171502061933 28.95446671060102 8.348675200867643
    vertex 22.29541773255818 28.06669254568092 7.352349848432732
  endloop
endfacet
facet normal -0.964326 -0.264717 -8.9865e-16
  outer loop
    vertex 12.29486916855528 64.49726231454864 19.65816573151994
    vertex 12.63142024697903 63.27125481457638 19.67636912655853
    vertex 12.4469905318138 63.94310591982114 20.78389619896015
  endloop
endfacet
facet normal -0.964326 -0.264717 1.31639e-16
  outer loop
    vertex 12.96627587291919 62.05142360579438 6.410760212079115
    vertex 13.12643695979833 61.46797964644894 5.259041249322417
    vertex 13.30612261305545 60.81341048101228 6.406357555525201
  endloop
endfacet
facet normal -0.964326 -0.264717 2.72289e-16
  outer loop
    vertex 13.62867729808081 59.63838984270564 21.91209824426605
    vertex 13.8103826705783 58.97646312860761 20.77240741064196
    vertex 13.96371552476022 58.41789344551633 21.88971102078918
  endloop
endfacet
facet normal -0.964326 -0.264717 1.36659e-16
  outer loop
    vertex 12.11168900203391 65.16456149259078 20.77660526969019
    vertex 12.29486916855528 64.49726231454864 19.65816573151994
    vertex 12.4469905318138 63.94310591982114 20.78389619896015
  endloop
endfacet
facet normal -0.964326 -0.264717 6.43296e-16
  outer loop
    vertex 14.65814337790366 55.8881919804938 6.365074916264683
    vertex 14.48339600933681 56.52477168027305 5.23262239608934
    vertex 14.82094448594622 55.29513080119591 5.230555964648649
  endloop
endfacet
facet normal -0.964326 -0.264717 1.4082e-15
  outer loop
    vertex 16.37327420688542 49.64021538920312 19.6428516446168
    vertex 16.51181398560392 49.13553476672859 20.7915662613844
    vertex 16.16969430180754 50.38182790055826 20.77943489508466
  endloop
endfacet
facet normal -0.964326 -0.264717 2.36872e-15
  outer loop
    vertex 16.16969430180754 50.38182790055826 20.77943489508466
    vertex 16.02893805174622 50.89458281149592 19.63786579606219
    vertex 16.37327420688542 49.64021538920312 19.6428516446168
  endloop
endfacet
facet normal -0.964326 -0.264717 -2.489e-16
  outer loop
    vertex 12.26681179539374 64.59947131677994 4.110288979210818
    vertex 11.93760770923615 65.79871477349687 4.217782665056504
    vertex 12.09712142245709 65.2176291039063 3
  endloop
endfacet
facet normal -0.964326 -0.264717 2.54349e-15
  outer loop
    vertex 13.28495403301363 60.89052459402177 4.110288979210818
    vertex 13.12643695979833 61.46797964644894 5.259041249322417
    vertex 12.94737792011657 62.12026614814677 4.114741544883996
  endloop
endfacet
facet normal -0.964326 -0.264717 1.36517e-15
  outer loop
    vertex 10.22370336047528 72.04222347255433 17.48780869660611
    vertex 9.913978701658937 73.17050615824245 17.02107893665635
    vertex 10.09019713258183 72.52856758845191 16.26139540396219
  endloop
endfacet
facet normal -0.964326 -0.264717 1.91193e-16
  outer loop
    vertex 15.67604118246388 52.180135692453 6.353089154922856
    vertex 15.83714634619336 51.5932525960099 5.226087582360248
    vertex 16.0164853787639 50.93994612021721 6.35687725191395
  endloop
endfacet
facet normal -0.964326 -0.264717 -3.29782e-16
  outer loop
    vertex 13.80826988959 58.98415968792213 5.259118266630086
    vertex 13.62433477888693 59.65420901976903 4.110288979210862
    vertex 13.96371552476022 58.41789344551634 4.110288979210817
  endloop
endfacet
facet normal -0.964326 -0.264717 4.11875e-16
  outer loop
    vertex 21.76934434708578 29.98310273561609 6.313629559525234
    vertex 21.98907783396994 29.18264503339521 7.282686761456731
    vertex 21.68080018415611 30.30565647200274 7.587408393395815
  endloop
endfacet
facet normal -0.964326 -0.264717 5.93193e-16
  outer loop
    vertex 12.44629471998381 63.94564066291612 5.277652226428222
    vertex 12.11062552208473 65.16843559811991 5.302772362053561
    vertex 12.26681179539374 64.59947131677994 4.110288979210818
  endloop
endfacet
facet normal -0.964326 -0.264717 6.49359e-16
  outer loop
    vertex 22.10538765711534 28.75894496336555 17.47951130354915
    vertex 22.38710092191739 27.73270378444379 17.37499999999997
    vertex 22.31443067133899 27.99743112583654 18.60688841395582
  endloop
endfacet
facet normal -0.964326 -0.264717 2.92811e-16
  outer loop
    vertex 19.73445891138703 37.39589967994726 21.87520923298828
    vertex 19.5713006252179 37.99026200813479 20.74599260550595
    vertex 19.91355736870858 36.74346958541874 20.73096310443471
  endloop
endfacet
facet normal -0.964326 -0.264717 4.69254e-16
  outer loop
    vertex 12.26681179539374 64.59947131677994 4.110288979210818
    vertex 12.11062552208473 65.16843559811991 5.302772362053561
    vertex 11.93760770923615 65.79871477349687 4.217782665056504
  endloop
endfacet
facet normal -0.964326 -0.264717 1.13261e-16
  outer loop
    vertex 16.34340029047622 49.74904179897948 4.116147617887846
    vertex 16.52664801354521 49.08149652208532 5.250115223765298
    vertex 16.18185128056684 50.33754176364936 5.240510027775843
  endloop
endfacet
facet normal -0.964326 -0.264717 -1.07119e-15
  outer loop
    vertex 16.00229038556679 50.99165645257813 4.112586846264443
    vertex 16.34340029047622 49.74904179897948 4.116147617887846
    vertex 16.18185128056684 50.33754176364936 5.240510027775843
  endloop
endfacet
facet normal -0.964326 -0.264717 1.15597e-15
  outer loop
    vertex 16.67876149174658 48.52736885149459 4.110288979210817
    vertex 16.52664801354521 49.08149652208532 5.250115223765298
    vertex 16.34340029047622 49.74904179897948 4.116147617887846
  endloop
endfacet
facet normal -0.964326 -0.264717 8.1683e-16
  outer loop
    vertex 15.68283207239078 52.15539745057642 19.65366148690515
    vertex 15.8403982641608 51.58140632341423 20.77382291794097
    vertex 15.50030437699195 52.82031976952931 20.78224199805917
  endloop
endfacet
facet normal -0.964326 -0.264717 -7.58921e-17
  outer loop
    vertex 19.90287857754289 36.78237089609377 23
    vertex 20.07471586079194 36.15639222140079 21.85894098359971
    vertex 20.24225932341618 35.54605532184105 23
  endloop
endfacet
facet normal -0.964326 -0.264717 2.08876e-16
  outer loop
    vertex 13.64545778493333 59.57726092631431 6.402273335812957
    vertex 13.80826988959 58.98415968792213 5.259118266630086
    vertex 13.98476129502505 58.34122671098017 6.396477247466247
  endloop
endfacet
facet normal -0.964326 -0.264717 -4.33542e-16
  outer loop
    vertex 20.75718164934169 33.6702668488267 6.326332502087975
    vertex 20.42001346962002 34.89852236066993 6.324209165812061
    vertex 20.58401683009603 34.30108154750732 5.219442168447444
  endloop
endfacet
facet normal -0.964326 -0.264717 -1.3403e-15
  outer loop
    vertex 20.75718164934169 33.6702668488267 6.326332502087975
    vertex 20.59330555681748 34.26724404302201 7.430882469068969
    vertex 20.42001346962002 34.89852236066993 6.324209165812061
  endloop
endfacet
facet normal -0.964326 -0.264717 -1.72492e-16
  outer loop
    vertex 15.50030437699195 52.82031976952931 20.78224199805917
    vertex 15.3411150162672 53.40022386931234 19.66624643266838
    vertex 15.68283207239078 52.15539745057642 19.65366148690515
  endloop
endfacet
facet normal -0.964326 -0.264717 -2.11878e-16
  outer loop
    vertex 21.4529665956241 31.13562168736935 8.628815080271004
    vertex 21.27931253393447 31.76821862638156 9.672003517621182
    vertex 21.10321316305979 32.40972347742506 8.533264093509883
  endloop
endfacet
facet normal -0.964326 -0.264717 -3.60887e-16
  outer loop
    vertex 17.35945409117813 46.04770295356537 4.103367340366671
    vertex 17.54063723931503 45.38767862820951 5.227261362125336
    vertex 17.20697308020145 46.60316949355187 5.236322416242799
  endloop
endfacet
facet normal -0.964326 -0.264717 6.84546e-16
  outer loop
    vertex 16.67876149174658 48.52736885149459 4.110288979210817
    vertex 16.86606226099521 47.8450589063746 5.246974891028303
    vertex 16.52664801354521 49.08149652208532 5.250115223765298
  endloop
endfacet
facet normal -0.964326 -0.264717 -2.48474e-15
  outer loop
    vertex 20.93496440397425 33.02262967123666 9.632893241219744
    vertex 21.27931253393447 31.76821862638156 9.672003517621182
    vertex 21.10260914707308 32.41192382137662 10.74251288561784
  endloop
endfacet
facet normal -0.964326 -0.264717 9.93149e-16
  outer loop
    vertex 12.95649332957689 62.08706001368418 21.88706481634597
    vertex 13.13591465760155 61.43345374730863 20.78390323401563
    vertex 13.29675544818399 60.84753372447261 21.89785880412722
  endloop
endfacet
facet normal -0.964326 -0.264717 -3.28084e-15
  outer loop
    vertex 20.5873017728548 34.28911497031463 20.74862197538412
    vertex 20.42717771346639 34.87242404380103 19.58885733717834
    vertex 20.76199192394465 33.65274370563021 19.63628419482546
  endloop
endfacet
facet normal -0.964326 -0.264717 -1.33536e-15
  outer loop
    vertex 17.70322745237261 44.79538570921405 4.11006131866468
    vertex 17.54063723931503 45.38767862820951 5.227261362125336
    vertex 17.35945409117813 46.04770295356537 4.103367340366671
  endloop
endfacet
facet normal -0.964326 -0.264717 -2.09506e-16
  outer loop
    vertex 17.01814223761988 47.29105327724187 4.110288979210817
    vertex 16.86606226099521 47.8450589063746 5.246974891028303
    vertex 16.67876149174658 48.52736885149459 4.110288979210817
  endloop
endfacet
facet normal -0.964326 -0.264717 1.97621e-16
  outer loop
    vertex 21.96062336694893 29.28630059182889 9.935629554233778
    vertex 22.12400894096704 28.69111028647721 9.20818132710912
    vertex 22.31306170741104 28.00241806585976 9.959335987017775
  endloop
endfacet
facet normal -0.964326 -0.264717 -1.90138e-17
  outer loop
    vertex 19.73445891138703 37.39589967994726 21.87520923298828
    vertex 19.91355736870858 36.74346958541874 20.73096310443471
    vertex 20.07471586079194 36.15639222140079 21.85894098359971
  endloop
endfacet
facet normal -0.964326 -0.264717 1.8058e-15
  outer loop
    vertex 11.95334191178235 65.74139732136429 19.67772388228936
    vertex 12.29486916855528 64.49726231454864 19.65816573151994
    vertex 12.11168900203391 65.16456149259078 20.77660526969019
  endloop
endfacet
facet normal -0.964326 -0.264717 -5.75712e-17
  outer loop
    vertex 12.4469905318138 63.94310591982114 20.78389619896015
    vertex 12.63142024697903 63.27125481457638 19.67636912655853
    vertex 12.79407959255409 62.6787100556958 20.77552602227352
  endloop
endfacet
facet normal -0.964326 -0.264717 -4.68986e-16
  outer loop
    vertex 18.89227754632044 40.46384608126125 5.219255305119106
    vertex 19.06818054042019 39.82305660275502 6.323679545597984
    vertex 18.72856105184802 41.06024188255364 6.328864913680461
  endloop
endfacet
facet normal -0.964326 -0.264717 -7.59612e-16
  outer loop
    vertex 11.09864229620846 68.85494592095489 20.79929663428507
    vertex 11.25783739106175 68.27502093256075 21.90516720798144
    vertex 10.91618186597208 69.51962320253027 21.90141173137978
  endloop
endfacet
facet normal -0.964326 -0.264717 5.48276e-16
  outer loop
    vertex 19.23103168359111 39.22981315263237 5.213025532178399
    vertex 19.06818054042019 39.82305660275502 6.323679545597984
    vertex 18.89227754632044 40.46384608126125 5.219255305119106
  endloop
endfacet
facet normal -0.964326 -0.264717 1.56346e-16
  outer loop
    vertex 18.3772409052347 42.34005098807357 4.11039962573623
    vertex 18.2153560752114 42.92977429744417 5.223559658009354
    vertex 18.03981500003385 43.56924535701954 4.108272530528765
  endloop
endfacet
facet normal -0.964326 -0.264717 4.64754e-16
  outer loop
    vertex 15.67604118246388 52.180135692453 6.353089154922856
    vertex 15.49970962980548 52.82248634856575 5.23149989734627
    vertex 15.83714634619336 51.5932525960099 5.226087582360248
  endloop
endfacet
facet normal -0.964326 -0.264717 2.97971e-16
  outer loop
    vertex 15.0041307563222 54.62780938768343 19.66013776223107
    vertex 15.16170192089935 54.05380014529522 20.78125515143417
    vertex 14.82156510518124 55.29286997398262 20.78674962500205
  endloop
endfacet
facet normal -0.964326 -0.264717 9.34792e-16
  outer loop
    vertex 20.24225932341618 35.54605532184105 23
    vertex 20.07471586079194 36.15639222140079 21.85894098359971
    vertex 20.41433469762043 34.9192093158113 21.8732050534327
  endloop
endfacet
facet normal -0.964326 -0.264717 -5.25907e-16
  outer loop
    vertex 20.58401683009603 34.30108154750732 5.219442168447444
    vertex 20.92468464444285 33.06007736667248 5.218682884811328
    vertex 20.75718164934169 33.6702668488267 6.326332502087975
  endloop
endfacet
facet normal -0.964326 -0.264717 1.07566e-15
  outer loop
    vertex 14.82156510518124 55.29286997398262 20.78674962500205
    vertex 14.66240333494692 55.87267356555051 19.67372672378436
    vertex 15.0041307563222 54.62780938768343 19.66013776223107
  endloop
endfacet
facet normal -0.964326 -0.264717 1.2362e-15
  outer loop
    vertex 20.75269961193081 33.68659427082348 4.111205523463513
    vertex 20.92468464444285 33.06007736667248 5.218682884811328
    vertex 20.58401683009603 34.30108154750732 5.219442168447444
  endloop
endfacet
facet normal -0.964326 -0.264717 9.16207e-17
  outer loop
    vertex 10.44074556018299 71.25156974504766 9.787925366062478
    vertex 10.26787478809013 71.88131327195737 10.91496687522151
    vertex 10.08093177080682 72.56231997777515 9.814292669563795
  endloop
endfacet
facet normal -0.964326 -0.264717 7.42566e-16
  outer loop
    vertex 17.20697308020145 46.60316949355187 5.236322416242799
    vertex 16.86606226099521 47.8450589063746 5.246974891028303
    vertex 17.01814223761988 47.29105327724187 4.110288979210817
  endloop
endfacet
facet normal -0.964326 -0.264717 -8.03065e-16
  outer loop
    vertex 12.78559471183981 62.70961926401212 5.253675710945789
    vertex 13.12643695979833 61.46797964644894 5.259041249322417
    vertex 12.96627587291919 62.05142360579438 6.410760212079115
  endloop
endfacet
facet normal -0.964326 -0.264717 2.48138e-15
  outer loop
    vertex 13.30612261305545 60.81341048101228 6.406357555525201
    vertex 13.12643695979833 61.46797964644894 5.259041249322417
    vertex 13.46829660784532 60.22263378570632 5.25842349328958
  endloop
endfacet
facet normal -0.964326 -0.264717 -1.28661e-15
  outer loop
    vertex 19.22411708579629 39.2550020445992 23
    vertex 19.39531452655581 38.63135422468953 21.87261797908339
    vertex 19.56349783166959 38.01868647034648 23
  endloop
endfacet
facet normal -0.964326 -0.264717 1.48611e-15
  outer loop
    vertex 17.01814223761988 47.29105327724187 4.110288979210817
    vertex 17.35945409117813 46.04770295356537 4.103367340366671
    vertex 17.20697308020145 46.60316949355187 5.236322416242799
  endloop
endfacet
facet normal -0.964326 -0.264717 -1.57739e-16
  outer loop
    vertex 20.59878140163111 34.24729632262953 18.48964259716062
    vertex 20.9331513599262 33.02923433169742 18.55561909152881
    vertex 20.76199192394465 33.65274370563021 19.63628419482546
  endloop
endfacet
facet normal -0.964326 -0.264717 -5.52781e-16
  outer loop
    vertex 19.73445891138703 37.39589967994726 21.87520923298828
    vertex 20.07471586079194 36.15639222140079 21.85894098359971
    vertex 19.90287857754289 36.78237089609377 23
  endloop
endfacet
facet normal -0.964326 -0.264717 7.61159e-16
  outer loop
    vertex 10.76385990791554 70.07451033545054 18.58951588469779
    vertex 10.5944420728142 70.69167530617685 17.48873257703733
    vertex 10.94798779479867 69.40375874751912 17.47831787346694
  endloop
endfacet
facet normal -0.964326 -0.264717 3.6548e-16
  outer loop
    vertex 19.0546845705931 39.87222049283942 21.88621143171789
    vertex 18.88960972175795 40.4735645850246 20.76337481941022
    vertex 19.22744509744586 39.24287857359008 20.74744356479757
  endloop
endfacet
facet normal -0.964326 -0.264717 -5.91199e-16
  outer loop
    vertex 21.78283970298596 29.93394108197971 8.749494532340183
    vertex 22.12400894096704 28.69111028647721 9.20818132710912
    vertex 21.96062336694893 29.28630059182889 9.935629554233778
  endloop
endfacet
facet normal -0.964326 -0.264717 7.33637e-16
  outer loop
    vertex 9.71782457388443 73.88506762370672 16.14269841645893
    vertex 9.652405458669845 74.12338011484556 14.85978468092217
    vertex 9.943464237322706 73.06309456403871 15.17123475181798
  endloop
endfacet
facet normal -0.964326 -0.264717 4.61117e-16
  outer loop
    vertex 20.24225932341618 35.54605532184105 23
    vertex 20.41433469762043 34.9192093158113 21.8732050534327
    vertex 20.58164006928947 34.30973974758834 23
  endloop
endfacet
facet normal -0.964326 -0.264717 8.57559e-16
  outer loop
    vertex 19.0546845705931 39.87222049283942 21.88621143171789
    vertex 19.22744509744586 39.24287857359008 20.74744356479757
    vertex 19.39531452655581 38.63135422468953 21.87261797908339
  endloop
endfacet
facet normal -0.964326 -0.264717 -1.42788e-15
  outer loop
    vertex 10.94644206324313 69.40938962675716 10.88148910270569
    vertex 10.78015958482281 70.01513294100261 11.98753343733858
    vertex 10.61083367974324 70.63196302379247 10.8857660440544
  endloop
endfacet
facet normal -0.964326 -0.264717 -3.75927e-16
  outer loop
    vertex 10.61083367974324 70.63196302379247 10.8857660440544
    vertex 10.78015958482281 70.01513294100261 11.98753343733858
    vertex 10.44516326360471 71.23547668258286 12.00088486858399
  endloop
endfacet
facet normal -0.964326 -0.264717 9.67507e-17
  outer loop
    vertex 14.32542030171284 57.10025461518894 19.66661121846847
    vertex 14.48286731495015 56.52669763839589 20.78325543526124
    vertex 14.14224186071956 57.76754750737874 20.77912135339318
  endloop
endfacet
facet normal -0.964326 -0.264717 1.03216e-15
  outer loop
    vertex 19.91925937832108 36.7226979789732 7.42332366194977
    vertex 20.08259407614819 36.12769300831729 6.321643222918857
    vertex 20.25497926029432 35.49971840892783 7.425179129956869
  endloop
endfacet
facet normal -0.964326 -0.264717 5.10293e-16
  outer loop
    vertex 13.46829660784532 60.22263378570632 5.25842349328958
    vertex 13.80826988959 58.98415968792213 5.259118266630086
    vertex 13.64545778493333 59.57726092631431 6.402273335812957
  endloop
endfacet
facet normal -0.964326 -0.264717 8.56125e-17
  outer loop
    vertex 13.98476129502505 58.34122671098017 6.396477247466247
    vertex 13.80826988959 58.98415968792213 5.259118266630086
    vertex 14.15008337513185 57.73898199059111 5.273674784500453
  endloop
endfacet
facet normal -0.964326 -0.264717 -1.00866e-15
  outer loop
    vertex 19.39525583919139 38.63156801437422 4.106610893204747
    vertex 19.57080780698832 37.99205727454255 5.20820022832735
    vertex 19.23103168359111 39.22981315263237 5.213025532178399
  endloop
endfacet
facet normal -0.964326 -0.264717 1.26391e-15
  outer loop
    vertex 14.14224186071956 57.76754750737874 20.77912135339318
    vertex 13.98803451144338 58.32930285117052 19.66875054767452
    vertex 14.32542030171284 57.10025461518894 19.66661121846847
  endloop
endfacet
facet normal -0.964326 -0.264717 1.36724e-15
  outer loop
    vertex 20.76199192394465 33.65274370563021 19.63628419482546
    vertex 20.42717771346639 34.87242404380103 19.58885733717834
    vertex 20.59878140163111 34.24729632262953 18.48964259716062
  endloop
endfacet
facet normal -0.964326 -0.264717 -2.42321e-15
  outer loop
    vertex 18.37566522111306 42.345790980231 21.88971102078918
    vertex 18.20894800207389 42.95311799244512 20.77546099591845
    vertex 18.54802287923773 41.71791665420541 20.75919314073937
  endloop
endfacet
facet normal -0.964326 -0.264717 -5.83167e-17
  outer loop
    vertex 17.87889699871577 44.1554466475354 5.227683473434671
    vertex 17.54063723931503 45.38767862820951 5.227261362125336
    vertex 17.70322745237261 44.79538570921405 4.11006131866468
  endloop
endfacet
facet normal -0.964326 -0.264717 2.57438e-15
  outer loop
    vertex 10.10601515399683 72.4709447961544 12.02714466307631
    vertex 9.912910834619073 73.17439624531625 13.14979032780299
    vertex 9.766571615139762 73.70748911627658 11.96095007216222
  endloop
endfacet
facet normal -0.964326 -0.264717 3.7403e-16
  outer loop
    vertex 20.77193190643906 33.61653376940055 12.96991866341458
    vertex 21.10923453760394 32.38778847015707 13.03317428469163
    vertex 20.94313904072615 32.99285063735473 14.10854639069549
  endloop
endfacet
facet normal -0.964326 -0.264717 3.56052e-16
  outer loop
    vertex 12.29946774677671 64.48051035102769 17.47819005156879
    vertex 12.13021829462167 65.09706192673535 16.37501490692156
    vertex 12.46785554635372 63.86709765256857 16.38110431722521
  endloop
endfacet
facet normal -0.964326 -0.264717 2.73498e-15
  outer loop
    vertex 20.75315205490251 33.68494608571227 21.8827261124591
    vertex 20.92462842857014 33.06028215306591 20.77633045639008
    vertex 21.09229148310675 32.44950959725399 21.88785518980172
  endloop
endfacet
facet normal -0.964326 -0.264717 -3.90307e-16
  outer loop
    vertex 17.70322745237261 44.79538570921405 4.11006131866468
    vertex 18.03981500003385 43.56924535701954 4.108272530528765
    vertex 17.87889699871577 44.1554466475354 5.227683473434671
  endloop
endfacet
facet normal -0.964326 -0.264717 2.77008e-15
  outer loop
    vertex 20.75315205490251 33.68494608571227 21.8827261124591
    vertex 20.5873017728548 34.28911497031463 20.74862197538412
    vertex 20.92462842857014 33.06028215306591 20.77633045639008
  endloop
endfacet
facet normal -0.964326 -0.264717 1.41826e-15
  outer loop
    vertex 19.23103168359111 39.22981315263237 5.213025532178399
    vertex 19.57080780698832 37.99205727454255 5.20820022832735
    vertex 19.40734102294106 38.58754341642898 6.323550484881494
  endloop
endfacet
facet normal -0.964326 -0.264717 -1.03392e-15
  outer loop
    vertex 14.15008337513185 57.73898199059111 5.273674784500453
    vertex 14.48339600933681 56.52477168027305 5.23262239608934
    vertex 14.32239048416377 57.11129180768913 6.38242395523744
  endloop
endfacet
facet normal -0.964326 -0.264717 -1.04244e-15
  outer loop
    vertex 10.94644206324313 69.40938962675716 10.88148910270569
    vertex 11.11590845661803 68.79204776517719 11.97959363264123
    vertex 10.78015958482281 70.01513294100261 11.98753343733858
  endloop
endfacet
facet normal -0.964326 -0.264717 1.92601e-17
  outer loop
    vertex 10.61083367974324 70.63196302379247 10.8857660440544
    vertex 10.26787478809013 71.88131327195737 10.91496687522151
    vertex 10.44074556018299 71.25156974504766 9.787925366062478
  endloop
endfacet
facet normal -0.964326 -0.264717 -6.76691e-16
  outer loop
    vertex 11.44681076499511 67.58661792751781 20.79503763774856
    vertex 11.77706149394826 66.38356170061705 20.77050713426063
    vertex 11.58805030364715 67.0721024652854 21.93525724447519
  endloop
endfacet
facet normal -0.964326 -0.264717 1.16061e-15
  outer loop
    vertex 18.54535559404971 41.72763319310464 23
    vertex 18.71597436279069 41.10609339269106 21.88079292839123
    vertex 18.884736339923 40.49131761885192 23
  endloop
endfacet
facet normal -0.964326 -0.264717 -9.5231e-16
  outer loop
    vertex 20.75315205490251 33.68494608571227 21.8827261124591
    vertex 21.09229148310675 32.44950959725399 21.88785518980172
    vertex 20.92102081516277 33.07342417333562 23
  endloop
endfacet
facet normal -0.964326 -0.264717 2.89787e-16
  outer loop
    vertex 12.28419961873299 64.53612996032983 6.422789243059124
    vertex 12.11062552208473 65.16843559811991 5.302772362053561
    vertex 12.44629471998381 63.94564066291612 5.277652226428222
  endloop
endfacet
facet normal -0.964326 -0.264717 -1.74486e-15
  outer loop
    vertex 18.37566522111306 42.345790980231 21.88971102078918
    vertex 18.54802287923773 41.71791665420541 20.75919314073937
    vertex 18.71597436279069 41.10609339269106 21.88079292839123
  endloop
endfacet
facet normal -0.964326 -0.264717 6.82967e-16
  outer loop
    vertex 19.56349783166959 38.01868647034648 23
    vertex 19.39531452655581 38.63135422468953 21.87261797908339
    vertex 19.73445891138703 37.39589967994726 21.87520923298828
  endloop
endfacet
facet normal -0.964326 -0.264717 -3.13766e-15
  outer loop
    vertex 19.0546845705931 39.87222049283942 21.88621143171789
    vertex 19.39531452655581 38.63135422468953 21.87261797908339
    vertex 19.22411708579629 39.2550020445992 23
  endloop
endfacet
facet normal -0.964326 -0.264717 -1.43448e-15
  outer loop
    vertex 19.41692679546 38.55262381653858 10.74093274748824
    vertex 19.75473784306916 37.3220264288195 10.73873441939825
    vertex 19.58637627302261 37.93534357684621 11.84667253080812
  endloop
endfacet
facet normal -0.964326 -0.264717 -1.12792e-15
  outer loop
    vertex 21.09268760830843 32.44806656973358 4.111330645734087
    vertex 20.75269961193081 33.68659427082348 4.111205523463513
    vertex 20.92102081516277 33.07342417333562 3
  endloop
endfacet
facet normal -0.964326 -0.264717 1.06915e-15
  outer loop
    vertex 20.58164006928947 34.30973974758834 3
    vertex 20.75269961193081 33.68659427082348 4.111205523463513
    vertex 20.41247911041915 34.92596895490166 4.110700148629969
  endloop
endfacet
facet normal -0.964326 -0.264717 -5.64388e-16
  outer loop
    vertex 10.25805465271493 71.91708662225277 8.679712404910294
    vertex 10.44074556018299 71.25156974504766 9.787925366062478
    vertex 10.08093177080682 72.56231997777515 9.814292669563795
  endloop
endfacet
facet normal -0.964326 -0.264717 -1.14527e-16
  outer loop
    vertex 21.60087924945503 30.59679701984238 5.211670652353965
    vertex 21.93948302251209 29.3633118465631 5.14163872182047
    vertex 21.76934434708578 29.98310273561609 6.313629559525234
  endloop
endfacet
facet normal -0.964326 -0.264717 -1.76507e-16
  outer loop
    vertex 21.7694437558348 29.98274060374466 4.098387218280452
    vertex 21.60087924945503 30.59679701984238 5.211670652353965
    vertex 21.43118739531294 31.21496020278856 4.109872493342223
  endloop
endfacet
facet normal -0.964326 -0.264717 -3.3117e-16
  outer loop
    vertex 21.26040156103607 31.8371085990829 3
    vertex 21.09268760830843 32.44806656973358 4.111330645734087
    vertex 20.92102081516277 33.07342417333562 3
  endloop
endfacet
facet normal -0.964326 -0.264717 -1.12579e-15
  outer loop
    vertex 13.47620037096105 60.19384150578473 20.78479428908516
    vertex 13.62867729808081 59.63838984270564 21.91209824426605
    vertex 13.29675544818399 60.84753372447261 21.89785880412722
  endloop
endfacet
facet normal -0.964326 -0.264717 2.02791e-15
  outer loop
    vertex 19.58553317702238 37.93841485513276 9.6297675209413
    vertex 19.75473784306916 37.3220264288195 10.73873441939825
    vertex 19.41692679546 38.55262381653858 10.74093274748824
  endloop
endfacet
facet normal -0.964326 -0.264717 -1.06292e-15
  outer loop
    vertex 20.58164006928947 34.30973974758834 23
    vertex 20.41433469762043 34.9192093158113 21.8732050534327
    vertex 20.75315205490251 33.68494608571227 21.8827261124591
  endloop
endfacet
facet normal -0.964326 -0.264717 1.11673e-15
  outer loop
    vertex 10.23590063927207 71.99779052836602 4.124700503586551
    vertex 10.06818880109687 72.60874079600427 5.23531591293029
    vertex 9.905125892361534 73.20275567782583 4.079025130888835
  endloop
endfacet
facet normal -0.964326 -0.264717 2.15531e-15
  outer loop
    vertex 10.06818880109687 72.60874079600427 5.23531591293029
    vertex 9.697128058223718 73.9604620736136 5.070983288389423
    vertex 9.905125892361534 73.20275567782583 4.079025130888835
  endloop
endfacet
facet normal -0.964326 -0.264717 9.66862e-16
  outer loop
    vertex 21.43108913445346 31.2153181530624 21.89001653106035
    vertex 21.60051818265358 30.59811233461908 20.78671611444233
    vertex 21.76748368191866 29.98988087301058 21.89719490629947
  endloop
endfacet
facet normal -0.964326 -0.264717 3.53213e-16
  outer loop
    vertex 10.06083694721734 72.63552254942255 3
    vertex 10.23590063927207 71.99779052836602 4.124700503586551
    vertex 9.905125892361534 73.20275567782583 4.079025130888835
  endloop
endfacet
facet normal -0.964326 -0.264717 1.28993e-16
  outer loop
    vertex 21.76965051965215 29.98198739269574 19.68432432976975
    vertex 21.93553478278288 29.37769471986235 20.79214197907014
    vertex 21.60051818265358 30.59811233461908 20.78671611444233
  endloop
endfacet
facet normal -0.964326 -0.264717 -7.98775e-16
  outer loop
    vertex 20.75269961193081 33.68659427082348 4.111205523463513
    vertex 20.58401683009603 34.30108154750732 5.219442168447444
    vertex 20.41247911041915 34.92596895490166 4.110700148629969
  endloop
endfacet
facet normal -0.964326 -0.264717 -1.65464e-15
  outer loop
    vertex 20.92102081516277 33.07342417333562 23
    vertex 21.09229148310675 32.44950959725399 21.88785518980172
    vertex 21.26040156103607 31.8371085990829 23
  endloop
endfacet
facet normal -0.964326 -0.264717 6.03634e-17
  outer loop
    vertex 21.7694437558348 29.98274060374466 4.098387218280452
    vertex 21.93948302251209 29.3633118465631 5.14163872182047
    vertex 21.60087924945503 30.59679701984238 5.211670652353965
  endloop
endfacet
facet normal -0.964326 -0.264717 -9.2104e-16
  outer loop
    vertex 13.29675544818399 60.84753372447261 21.89785880412722
    vertex 13.13591465760155 61.43345374730863 20.78390323401563
    vertex 13.47620037096105 60.19384150578473 20.78479428908516
  endloop
endfacet
facet normal -0.964326 -0.264717 -6.51842e-16
  outer loop
    vertex 10.44516326360471 71.23547668258286 12.00088486858399
    vertex 10.26787478809013 71.88131327195737 10.91496687522151
    vertex 10.61083367974324 70.63196302379247 10.8857660440544
  endloop
endfacet
facet normal -0.964326 -0.264717 4.22958e-16
  outer loop
    vertex 21.59978230690936 30.60079302483019 3
    vertex 21.7694437558348 29.98274060374466 4.098387218280452
    vertex 21.43118739531294 31.21496020278856 4.109872493342223
  endloop
endfacet
facet normal -0.964326 -0.264717 -1.24851e-15
  outer loop
    vertex 16.02350036465221 50.91439152876695 8.586734295890398
    vertex 16.19464082877443 50.29095126660742 9.689532683599833
    vertex 15.85416209593771 51.53126665051263 9.696289852274916
  endloop
endfacet
facet normal -0.964326 -0.264717 8.48192e-16
  outer loop
    vertex 21.76965051965215 29.98198739269574 19.68432432976975
    vertex 22.10588509718191 28.75713286026588 19.68434762203226
    vertex 21.93553478278288 29.37769471986235 20.79214197907014
  endloop
endfacet
facet normal -0.964326 -0.264717 -1.0522e-15
  outer loop
    vertex 22.10538765711534 28.75894496336555 17.47951130354915
    vertex 21.93777312667254 29.36954075283575 18.588775665951
    vertex 21.77045382123486 29.97906107978728 17.48808372371483
  endloop
endfacet
facet normal -0.964326 -0.264717 -1.02948e-15
  outer loop
    vertex 21.60051818265358 30.59811233461908 20.78671611444233
    vertex 21.93553478278288 29.37769471986235 20.79214197907014
    vertex 21.76748368191866 29.98988087301058 21.89719490629947
  endloop
endfacet
facet normal -0.964326 -0.264717 1.85506e-15
  outer loop
    vertex 9.721456201344051 73.87183812367525 23
    vertex 9.893233394605954 73.24607834822116 21.93799090039376
    vertex 10.06083694721734 72.63552254942255 23
  endloop
endfacet
facet normal -0.964326 -0.264717 5.56842e-16
  outer loop
    vertex 10.92047355727617 69.50398918420824 4.156071782632985
    vertex 11.10149973655432 68.84453667398068 5.302388601378498
    vertex 10.76082292115601 70.08557364436024 5.331766812074731
  endloop
endfacet
facet normal -0.964326 -0.264717 -5.92241e-16
  outer loop
    vertex 21.43108913445346 31.2153181530624 21.89001653106035
    vertex 21.76748368191866 29.98988087301058 21.89719490629947
    vertex 21.59978230690936 30.60079302483019 23
  endloop
endfacet
facet normal -0.964326 -0.264717 -2.35911e-15
  outer loop
    vertex 19.58637627302261 37.93534357684621 11.84667253080812
    vertex 19.75473784306916 37.3220264288195 10.73873441939825
    vertex 19.92424094037387 36.7045508600666 11.84312917549572
  endloop
endfacet
facet normal -0.964326 -0.264717 -7.74366e-16
  outer loop
    vertex 10.61083367974324 70.63196302379247 10.8857660440544
    vertex 10.44074556018299 71.25156974504766 9.787925366062478
    vertex 10.77696381830235 70.02677466189857 9.782474114098605
  endloop
endfacet
facet normal -0.964326 -0.264717 1.22942e-15
  outer loop
    vertex 21.09268760830843 32.44806656973358 4.111330645734087
    vertex 20.92468464444285 33.06007736667248 5.218682884811328
    vertex 20.75269961193081 33.68659427082348 4.111205523463513
  endloop
endfacet
facet normal -0.964326 -0.264717 3.11271e-16
  outer loop
    vertex 10.06818880109687 72.60874079600427 5.23531591293029
    vertex 9.893337352603348 73.24569964408781 6.302919852232851
    vertex 9.697128058223718 73.9604620736136 5.070983288389423
  endloop
endfacet
facet normal -0.964326 -0.264717 3.98287e-16
  outer loop
    vertex 18.884736339923 40.49131761885192 23
    vertex 18.71597436279069 41.10609339269106 21.88079292839123
    vertex 19.0546845705931 39.87222049283942 21.88621143171789
  endloop
endfacet
facet normal -0.964326 -0.264717 1.78186e-15
  outer loop
    vertex 18.37566522111306 42.345790980231 21.88971102078918
    vertex 18.71597436279069 41.10609339269106 21.88079292839123
    vertex 18.54535559404971 41.72763319310464 23
  endloop
endfacet
facet normal -0.964326 -0.264717 -1.05207e-15
  outer loop
    vertex 20.92102081516277 33.07342417333562 3
    vertex 20.75269961193081 33.68659427082348 4.111205523463513
    vertex 20.58164006928947 34.30973974758834 3
  endloop
endfacet
facet normal -0.964326 -0.264717 -6.4765e-16
  outer loop
    vertex 21.77045382123486 29.97906107978728 17.48808372371483
    vertex 21.93777312667254 29.36954075283575 18.588775665951
    vertex 21.60203706504273 30.59257926305862 18.58375143859589
  endloop
endfacet
facet normal -0.964326 -0.264717 -9.50238e-17
  outer loop
    vertex 21.10260914707308 32.41192382137662 10.74251288561784
    vertex 20.93980728653204 33.00498774191897 11.88448219049552
    vertex 20.76562075480708 33.63952439320276 10.73160076833698
  endloop
endfacet
facet normal -0.964326 -0.264717 -2.93419e-16
  outer loop
    vertex 9.943464237322706 73.06309456403871 15.17123475181798
    vertex 10.12842793442952 72.38929823886387 14.19499300951784
    vertex 10.28103433389269 71.83337492653378 15.28486591415949
  endloop
endfacet
facet normal -0.964326 -0.264717 -8.60716e-16
  outer loop
    vertex 21.93553478278288 29.37769471986235 20.79214197907014
    vertex 22.30323448843129 28.03821722071459 20.93162711778555
    vertex 22.0950041395339 28.79677063455506 21.92055103465254
  endloop
endfacet
facet normal -0.964326 -0.264717 1.33143e-16
  outer loop
    vertex 11.26062555176197 68.26486406143854 4.176140886423101
    vertex 11.10149973655432 68.84453667398068 5.302388601378498
    vertex 10.92047355727617 69.50398918420824 4.156071782632985
  endloop
endfacet
facet normal -0.964326 -0.264717 -1.0224e-15
  outer loop
    vertex 22.1066810564691 28.75423329429115 4.05429938563193
    vertex 21.93948302251209 29.3633118465631 5.14163872182047
    vertex 21.7694437558348 29.98274060374466 4.098387218280452
  endloop
endfacet
facet normal -0.964326 -0.264717 1.27738e-15
  outer loop
    vertex 20.59790049931258 34.25050532393274 11.83380554315875
    vertex 20.93980728653204 33.00498774191897 11.88448219049552
    vertex 20.77193190643906 33.61653376940055 12.96991866341458
  endloop
endfacet
facet normal -0.964326 -0.264717 -1.68904e-15
  outer loop
    vertex 11.28505268353041 68.17587950999635 13.07624951132618
    vertex 10.94911436588806 69.3996548099792 13.08419905938379
    vertex 11.11590845661803 68.79204776517719 11.97959363264123
  endloop
endfacet
facet normal -0.964326 -0.264717 -7.36766e-16
  outer loop
    vertex 10.77696381830235 70.02677466189857 9.782474114098605
    vertex 10.44074556018299 71.25156974504766 9.787925366062478
    vertex 10.60756315252634 70.64387708722549 8.687775077626636
  endloop
endfacet
facet normal -0.964326 -0.264717 -3.91401e-16
  outer loop
    vertex 18.72856105184802 41.06024188255364 6.328864913680461
    vertex 18.39058380103901 42.29144472478647 6.334420967383568
    vertex 18.55068515379956 41.70821836830162 5.220946531661971
  endloop
endfacet
facet normal -0.964326 -0.264717 -1.58655e-15
  outer loop
    vertex 21.76748368191866 29.98988087301058 21.89719490629947
    vertex 21.93553478278288 29.37769471986235 20.79214197907014
    vertex 22.0950041395339 28.79677063455506 21.92055103465254
  endloop
endfacet
facet normal -0.964326 -0.264717 1.38287e-15
  outer loop
    vertex 19.73445891138703 37.39589967994726 21.87520923298828
    vertex 19.39531452655581 38.63135422468953 21.87261797908339
    vertex 19.5713006252179 37.99026200813479 20.74599260550595
  endloop
endfacet
facet normal -0.964326 -0.264717 -8.19814e-16
  outer loop
    vertex 20.76199192394465 33.65274370563021 19.63628419482546
    vertex 21.09747239700691 32.43063626804626 19.67347886804693
    vertex 20.92462842857014 33.06028215306591 20.77633045639008
  endloop
endfacet
facet normal -0.964326 -0.264717 -1.7894e-16
  outer loop
    vertex 11.11590845661803 68.79204776517719 11.97959363264123
    vertex 10.94911436588806 69.3996548099792 13.08419905938379
    vertex 10.78015958482281 70.01513294100261 11.98753343733858
  endloop
endfacet
facet normal -0.964326 -0.264717 -9.31134e-16
  outer loop
    vertex 18.55068515379956 41.70821836830162 5.220946531661971
    vertex 18.89227754632044 40.46384608126125 5.219255305119106
    vertex 18.72856105184802 41.06024188255364 6.328864913680461
  endloop
endfacet
facet normal -0.964326 -0.264717 9.97294e-16
  outer loop
    vertex 21.76965051965215 29.98198739269574 19.68432432976975
    vertex 21.93777312667254 29.36954075283575 18.588775665951
    vertex 22.10588509718191 28.75713286026588 19.68434762203226
  endloop
endfacet
facet normal -0.964326 -0.264717 7.06789e-16
  outer loop
    vertex 10.23107143004342 72.01538264769898 21.89046316322544
    vertex 10.05229611276465 72.66663558921448 20.90875120610205
    vertex 10.4005804253177 71.39788559348553 20.7861125924297
  endloop
endfacet
facet normal -0.964326 -0.264717 1.88378e-15
  outer loop
    vertex 11.282631869072 68.18469819123773 10.8734632567444
    vertex 11.11590845661803 68.79204776517719 11.97959363264123
    vertex 10.94644206324313 69.40938962675716 10.88148910270569
  endloop
endfacet
facet normal -0.964326 -0.264717 1.61443e-15
  outer loop
    vertex 19.41692679546 38.55262381653858 10.74093274748824
    vertex 19.24654608690925 39.17329639768772 9.636933276285623
    vertex 19.58553317702238 37.93841485513276 9.6297675209413
  endloop
endfacet
facet normal -0.964326 -0.264717 -7.25092e-16
  outer loop
    vertex 10.05229611276465 72.66663558921448 20.90875120610205
    vertex 10.19975011678256 72.12948171743498 19.72215967204023
    vertex 10.4005804253177 71.39788559348553 20.7861125924297
  endloop
endfacet
facet normal -0.964326 -0.264717 1.32948e-15
  outer loop
    vertex 19.90287857754289 36.78237089609377 3
    vertex 20.07342051203553 36.16111099187059 4.110493273354393
    vertex 19.7345982272126 37.39539217229695 4.10781372969111
  endloop
endfacet
facet normal -0.964326 -0.264717 5.79242e-16
  outer loop
    vertex 10.73959843896392 70.16289140091715 23
    vertex 10.57106019550593 70.77685214494268 21.89355733463334
    vertex 10.91618186597208 69.51962320253027 21.90141173137978
  endloop
endfacet
facet normal -0.964326 -0.264717 -4.35859e-16
  outer loop
    vertex 10.57172406726996 70.77443375494515 19.69828553737748
    vertex 10.74795091474851 70.13246452484471 20.79434191471813
    vertex 10.4005804253177 71.39788559348553 20.7861125924297
  endloop
endfacet
facet normal -0.964326 -0.264717 1.87478e-16
  outer loop
    vertex 22.10588509718191 28.75713286026588 19.68434762203226
    vertex 22.30323448843129 28.03821722071459 20.93162711778555
    vertex 21.93553478278288 29.37769471986235 20.79214197907014
  endloop
endfacet
facet normal -0.964326 -0.264717 -4.25131e-16
  outer loop
    vertex 22.1066810564691 28.75423329429115 4.05429938563193
    vertex 21.7694437558348 29.98274060374466 4.098387218280452
    vertex 21.93916305278265 29.36447745057747 3
  endloop
endfacet
facet normal -0.964326 -0.264717 5.64151e-16
  outer loop
    vertex 21.60087924945503 30.59679701984238 5.211670652353965
    vertex 21.76934434708578 29.98310273561609 6.313629559525234
    vertex 21.44251058797418 31.17371142952262 6.340389680322014
  endloop
endfacet
facet normal -0.964326 -0.264717 4.21174e-16
  outer loop
    vertex 21.93916305278265 29.36447745057747 23
    vertex 22.0950041395339 28.79677063455506 21.92055103465254
    vertex 22.27854379865595 28.12816187632476 23
  endloop
endfacet
facet normal -0.964326 -0.264717 -1.36434e-15
  outer loop
    vertex 10.06083694721734 72.63552254942255 3
    vertex 9.905125892361534 73.20275567782583 4.079025130888835
    vertex 9.721456201344051 73.87183812367525 3
  endloop
endfacet
facet normal -0.964326 -0.264717 6.90091e-16
  outer loop
    vertex 10.4005804253177 71.39788559348553 20.7861125924297
    vertex 10.74795091474851 70.13246452484471 20.79434191471813
    vertex 10.57106019550593 70.77685214494268 21.89355733463334
  endloop
endfacet
facet normal -0.964326 -0.264717 1.79991e-15
  outer loop
    vertex 21.93916305278265 29.36447745057747 23
    vertex 21.76748368191866 29.98988087301058 21.89719490629947
    vertex 22.0950041395339 28.79677063455506 21.92055103465254
  endloop
endfacet
facet normal -0.964326 -0.264717 1.82756e-15
  outer loop
    vertex 22.27854379865595 28.12816187632476 3
    vertex 22.1066810564691 28.75423329429115 4.05429938563193
    vertex 21.93916305278265 29.36447745057747 3
  endloop
endfacet
facet normal -0.964326 -0.264717 -5.29876e-16
  outer loop
    vertex 16.03096085052428 50.88721404451869 15.21555791697249
    vertex 16.3702853906116 49.6511032199149 15.21136113412306
    vertex 16.19997978678431 50.27150220528572 16.31680036019157
  endloop
endfacet
facet normal -0.964326 -0.264717 9.82354e-17
  outer loop
    vertex 20.07342051203553 36.16111099187059 4.110493273354393
    vertex 19.90861661074063 36.76146806087342 5.212918163222756
    vertex 19.7345982272126 37.39539217229695 4.10781372969111
  endloop
endfacet
facet normal -0.964326 -0.264717 2.10324e-15
  outer loop
    vertex 10.94798779479867 69.40375874751912 17.47831787346694
    vertex 10.5944420728142 70.69167530617685 17.48873257703733
    vertex 10.782765257865 70.00564084634892 16.37652315125409
  endloop
endfacet
facet normal -0.964326 -0.264717 1.42798e-15
  outer loop
    vertex 10.57106019550593 70.77685214494268 21.89355733463334
    vertex 10.74795091474851 70.13246452484471 20.79434191471813
    vertex 10.91618186597208 69.51962320253027 21.90141173137978
  endloop
endfacet
facet normal -0.964326 -0.264717 6.537e-16
  outer loop
    vertex 12.79407959255409 62.6787100556958 20.77552602227352
    vertex 12.63142024697903 63.27125481457638 19.67636912655853
    vertex 12.97412876644007 62.02281663653974 19.6773611215748
  endloop
endfacet
facet normal -0.964326 -0.264717 -3.22952e-16
  outer loop
    vertex 15.15895924186239 54.06379133321559 5.229590171397438
    vertex 15.49970962980548 52.82248634856575 5.23149989734627
    vertex 15.33959132426642 53.40577446160091 6.365629197045649
  endloop
endfacet
facet normal -0.964326 -0.264717 5.18179e-16
  outer loop
    vertex 21.60203706504273 30.59257926305862 18.58375143859589
    vertex 21.93777312667254 29.36954075283575 18.588775665951
    vertex 21.76965051965215 29.98198739269574 19.68432432976975
  endloop
endfacet
facet normal -0.964326 -0.264717 -1.10193e-15
  outer loop
    vertex 20.5873017728548 34.28911497031463 20.74862197538412
    vertex 20.76199192394465 33.65274370563021 19.63628419482546
    vertex 20.92462842857014 33.06028215306591 20.77633045639008
  endloop
endfacet
facet normal -0.964326 -0.264717 -1.02825e-15
  outer loop
    vertex 10.60756315252634 70.64387708722549 8.687775077626636
    vertex 10.44074556018299 71.25156974504766 9.787925366062478
    vertex 10.25805465271493 71.91708662225277 8.679712404910294
  endloop
endfacet
facet normal -0.964326 -0.264717 1.24887e-15
  outer loop
    vertex 20.59790049931258 34.25050532393274 11.83380554315875
    vertex 20.77193190643906 33.61653376940055 12.96991866341458
    vertex 20.43083496118319 34.85910121283267 12.94052028786408
  endloop
endfacet
facet normal -0.964326 -0.264717 -5.33702e-16
  outer loop
    vertex 21.43289336171025 31.20874561091267 19.68157378075615
    vertex 21.76965051965215 29.98198739269574 19.68432432976975
    vertex 21.60051818265358 30.59811233461908 20.78671611444233
  endloop
endfacet
facet normal -0.964326 -0.264717 -1.79227e-15
  outer loop
    vertex 20.76562075480708 33.63952439320276 10.73160076833698
    vertex 20.93980728653204 33.00498774191897 11.88448219049552
    vertex 20.59790049931258 34.25050532393274 11.83380554315875
  endloop
endfacet
facet normal -0.964326 -0.264717 -8.03236e-16
  outer loop
    vertex 20.25955431266893 35.48305214670605 9.63366817883426
    vertex 20.09045581463361 36.09905381812041 8.530687403791379
    vertex 20.42663424690509 34.87440381484573 8.532674766547569
  endloop
endfacet
facet normal -0.964326 -0.264717 1.15915e-16
  outer loop
    vertex 10.28103433389269 71.83337492653378 15.28486591415949
    vertex 10.12842793442952 72.38929823886387 14.19499300951784
    vertex 10.44740839324517 71.22729799603546 14.18860432958998
  endloop
endfacet
facet normal -0.964326 -0.264717 -1.43024e-15
  outer loop
    vertex 10.57696429595897 70.75534435043519 4.166261546354511
    vertex 10.23590063927207 71.99779052836602 4.124700503586551
    vertex 10.40021769309063 71.39920697516985 3
  endloop
endfacet
facet normal -0.964326 -0.264717 1.97123e-16
  outer loop
    vertex 21.60087924945503 30.59679701984238 5.211670652353965
    vertex 21.26350259245648 31.82581198462282 5.217614921656007
    vertex 21.43118739531294 31.21496020278856 4.109872493342223
  endloop
endfacet
facet normal -0.964326 -0.264717 0
  outer loop
    vertex 21.43289336171025 31.20874561091267 19.68157378075615
    vertex 21.60203706504273 30.59257926305862 18.58375143859589
    vertex 21.76965051965215 29.98198739269574 19.68432432976975
  endloop
endfacet
facet normal -0.964326 -0.264717 -3.32203e-16
  outer loop
    vertex 10.23107143004342 72.01538264769898 21.89046316322544
    vertex 10.4005804253177 71.39788559348553 20.7861125924297
    vertex 10.57106019550593 70.77685214494268 21.89355733463334
  endloop
endfacet
facet normal -0.964326 -0.264717 -2.21515e-16
  outer loop
    vertex 21.93868904394738 29.36620419704881 16.39444103933917
    vertex 22.10538765711534 28.75894496336555 17.47951130354915
    vertex 21.77045382123486 29.97906107978728 17.48808372371483
  endloop
endfacet
facet normal -0.964326 -0.264717 6.38293e-16
  outer loop
    vertex 21.60087924945503 30.59679701984238 5.211670652353965
    vertex 21.44251058797418 31.17371142952262 6.340389680322014
    vertex 21.26350259245648 31.82581198462282 5.217614921656007
  endloop
endfacet
facet normal -0.964326 -0.264717 2.8078e-16
  outer loop
    vertex 21.60442924521728 30.58386489242276 16.3897629565454
    vertex 21.93868904394738 29.36620419704881 16.39444103933917
    vertex 21.77045382123486 29.97906107978728 17.48808372371483
  endloop
endfacet
facet normal -0.964326 -0.264717 -2.9652e-15
  outer loop
    vertex 11.78346226021311 66.36024462350939 7.55359207379544
    vertex 11.44600875599515 67.58953953173196 7.564089409502916
    vertex 11.61271396940915 66.98225625429524 6.450134422071633
  endloop
endfacet
facet normal -0.964326 -0.264717 1.64282e-15
  outer loop
    vertex 10.94798779479867 69.40375874751912 17.47831787346694
    vertex 10.782765257865 70.00564084634892 16.37652315125409
    vertex 11.11989416012584 68.77752841668445 16.3779593581042
  endloop
endfacet
facet normal -0.964326 -0.264717 7.80349e-16
  outer loop
    vertex 20.25497926029432 35.49971840892783 7.425179129956869
    vertex 20.08259407614819 36.12769300831729 6.321643222918857
    vertex 20.42001346962002 34.89852236066993 6.324209165812061
  endloop
endfacet
facet normal -0.964326 -0.264717 7.9852e-17
  outer loop
    vertex 21.43538307210888 31.19967595160337 17.48260178559397
    vertex 21.77045382123486 29.97906107978728 17.48808372371483
    vertex 21.60203706504273 30.59257926305862 18.58375143859589
  endloop
endfacet
facet normal -0.964326 -0.264717 1.03293e-15
  outer loop
    vertex 21.43108913445346 31.2153181530624 21.89001653106035
    vertex 21.26292940367115 31.82790002948368 20.78095487872883
    vertex 21.60051818265358 30.59811233461908 20.78671611444233
  endloop
endfacet
facet normal -0.964326 -0.264717 -3.98262e-16
  outer loop
    vertex 10.60756315252634 70.64387708722549 8.687775077626636
    vertex 10.25805465271493 71.91708662225277 8.679712404910294
    vertex 10.42831081794952 71.29686773461248 7.57516692644385
  endloop
endfacet
facet normal -0.964326 -0.264717 -1.84462e-15
  outer loop
    vertex 20.24418564782226 35.5390379972189 5.215900140588698
    vertex 19.90861661074063 36.76146806087342 5.212918163222756
    vertex 20.07342051203553 36.16111099187059 4.110493273354393
  endloop
endfacet
facet normal -0.964326 -0.264717 -5.47231e-16
  outer loop
    vertex 21.43118739531294 31.21496020278856 4.109872493342223
    vertex 21.09268760830843 32.44806656973358 4.111330645734087
    vertex 21.26040156103607 31.8371085990829 3
  endloop
endfacet
facet normal -0.964326 -0.264717 2.53356e-16
  outer loop
    vertex 13.82381362311569 58.92753608722141 14.14889318261383
    vertex 13.48336449783559 60.1677436150275 14.15342373483586
    vertex 13.65338915026975 59.54836809544591 13.04379287240041
  endloop
endfacet
facet normal -0.964326 -0.264717 1.01911e-15
  outer loop
    vertex 12.80565576906966 62.63653969838911 14.16534778594857
    vertex 12.46702543179729 63.87012164130988 14.16845972761777
    vertex 12.63613009544222 63.25409750946049 13.05980121494319
  endloop
endfacet
facet normal -0.964326 -0.264717 -2.19585e-16
  outer loop
    vertex 10.09019713258183 72.52856758845191 16.26139540396219
    vertex 9.943464237322706 73.06309456403871 15.17123475181798
    vertex 10.28103433389269 71.83337492653378 15.28486591415949
  endloop
endfacet
facet normal -0.964326 -0.264717 1.0412e-15
  outer loop
    vertex 10.61560733628156 70.61457327497432 15.28230304218665
    vertex 10.44740839324517 71.22729799603546 14.18860432958998
    vertex 10.7823339020041 70.00721221412792 14.18482318454321
  endloop
endfacet
facet normal -0.964326 -0.264717 -2.58456e-16
  outer loop
    vertex 10.94644206324313 69.40938962675716 10.88148910270569
    vertex 10.61083367974324 70.63196302379247 10.8857660440544
    vertex 10.77696381830235 70.02677466189857 9.782474114098605
  endloop
endfacet
facet normal -0.964326 -0.264717 -2.38012e-15
  outer loop
    vertex 11.28881798212094 68.16216306513085 17.47931991889985
    vertex 11.11292337289512 68.80292199873921 18.58378580403771
    vertex 10.94798779479867 69.40375874751912 17.47831787346694
  endloop
endfacet
facet normal -0.964326 -0.264717 2.2061e-16
  outer loop
    vertex 10.61560733628156 70.61457327497432 15.28230304218665
    vertex 10.28103433389269 71.83337492653378 15.28486591415949
    vertex 10.44740839324517 71.22729799603546 14.18860432958998
  endloop
endfacet
facet normal -0.964326 -0.264717 0
  outer loop
    vertex 11.92922957735574 65.82923511106124 21.89453555271194
    vertex 12.26711539257163 64.59836535563193 21.89805717730433
    vertex 12.09712142245709 65.2176291039063 23
  endloop
endfacet
facet normal -0.964326 -0.264717 -9.75931e-16
  outer loop
    vertex 21.26040156103607 31.8371085990829 23
    vertex 21.09229148310675 32.44950959725399 21.88785518980172
    vertex 21.43108913445346 31.2153181530624 21.89001653106035
  endloop
endfacet
facet normal -0.964326 -0.264717 -9.93312e-16
  outer loop
    vertex 10.44740839324517 71.22729799603546 14.18860432958998
    vertex 10.12842793442952 72.38929823886387 14.19499300951784
    vertex 10.28178442889593 71.83064243759341 13.10203740489936
  endloop
endfacet
facet normal -0.964326 -0.264717 -6.90957e-16
  outer loop
    vertex 11.95925937418916 65.71984085116806 13.06802194254423
    vertex 11.62184195638077 66.94900430175576 13.07180093331701
    vertex 11.78917662591624 66.33942800559083 11.96691140865735
  endloop
endfacet
facet normal -0.964326 -0.264717 1.18976e-15
  outer loop
    vertex 10.23107143004342 72.01538264769898 21.89046316322544
    vertex 10.57106019550593 70.77685214494268 21.89355733463334
    vertex 10.40021769309063 71.39920697516985 23
  endloop
endfacet
facet normal -0.964326 -0.264717 -2.97044e-16
  outer loop
    vertex 11.62184195638077 66.94900430175576 13.07180093331701
    vertex 11.28505268353041 68.17587950999635 13.07624951132618
    vertex 11.45226617193885 67.56674465936561 11.97238998075897
  endloop
endfacet
facet normal -0.964326 -0.264717 -7.97547e-16
  outer loop
    vertex 21.27714720083348 31.77610662553518 7.448167938987895
    vertex 21.4529665956241 31.13562168736935 8.628815080271004
    vertex 21.10321316305979 32.40972347742506 8.533264093509883
  endloop
endfacet
facet normal -0.964326 -0.264717 1.19056e-16
  outer loop
    vertex 11.282631869072 68.18469819123773 10.8734632567444
    vertex 10.94644206324313 69.40938962675716 10.88148910270569
    vertex 11.11291418939289 68.8029554529259 9.776109508965092
  endloop
endfacet
facet normal -0.964326 -0.264717 7.30555e-16
  outer loop
    vertex 21.26292940367115 31.82790002948368 20.78095487872883
    vertex 21.43289336171025 31.20874561091267 19.68157378075615
    vertex 21.60051818265358 30.59811233461908 20.78671611444233
  endloop
endfacet
facet normal -0.964326 -0.264717 -5.85185e-17
  outer loop
    vertex 21.59978230690936 30.60079302483019 3
    vertex 21.43118739531294 31.21496020278856 4.109872493342223
    vertex 21.26040156103607 31.8371085990829 3
  endloop
endfacet
facet normal -0.964326 -0.264717 -7.51426e-16
  outer loop
    vertex 20.60069383668796 34.24032959492244 14.04111017877625
    vertex 20.94313904072615 32.99285063735473 14.10854639069549
    vertex 20.77265770320595 33.61388979546402 15.15999612145194
  endloop
endfacet
facet normal -0.964326 -0.264717 7.07474e-16
  outer loop
    vertex 12.2973250076093 64.48831604370899 13.06411197841934
    vertex 11.95925937418916 65.71984085116806 13.06802194254423
    vertex 12.12701921719958 65.10871570877295 11.96016296528867
  endloop
endfacet
facet normal -0.964326 -0.264717 -6.6341e-16
  outer loop
    vertex 10.06083694721734 72.63552254942255 23
    vertex 10.23107143004342 72.01538264769898 21.89046316322544
    vertex 10.40021769309063 71.39920697516985 23
  endloop
endfacet
facet normal -0.964326 -0.264717 2.9718e-15
  outer loop
    vertex 11.45226617193885 67.56674465936561 11.97238998075897
    vertex 11.11590845661803 68.79204776517719 11.97959363264123
    vertex 11.282631869072 68.18469819123773 10.8734632567444
  endloop
endfacet
facet normal -0.964326 -0.264717 4.74877e-16
  outer loop
    vertex 11.62184195638077 66.94900430175576 13.07180093331701
    vertex 11.45226617193885 67.56674465936561 11.97238998075897
    vertex 11.78917662591624 66.33942800559083 11.96691140865735
  endloop
endfacet
facet normal -0.964326 -0.264717 1.19052e-15
  outer loop
    vertex 10.94644206324313 69.40938962675716 10.88148910270569
    vertex 10.77696381830235 70.02677466189857 9.782474114098605
    vertex 11.11291418939289 68.8029554529259 9.776109508965092
  endloop
endfacet
facet normal -0.964326 -0.264717 2.58243e-15
  outer loop
    vertex 10.95104262947859 69.39263042118513 15.27974676150222
    vertex 10.7823339020041 70.00721221412792 14.18482318454321
    vertex 11.11802915609422 68.78432235994249 14.17957547390208
  endloop
endfacet
facet normal -0.964326 -0.264717 2.06761e-15
  outer loop
    vertex 19.92290191451006 36.70942873999904 9.630125065832743
    vertex 20.09244795802602 36.09179672433377 10.74177947582337
    vertex 19.75473784306916 37.3220264288195 10.73873441939825
  endloop
endfacet
facet normal -0.964326 -0.264717 -9.54972e-16
  outer loop
    vertex 11.95925937418916 65.71984085116806 13.06802194254423
    vertex 11.78917662591624 66.33942800559083 11.96691140865735
    vertex 12.12701921719958 65.10871570877295 11.96016296528867
  endloop
endfacet
facet normal -0.964326 -0.264717 -1.15494e-16
  outer loop
    vertex 10.40021769309063 71.39920697516985 3
    vertex 10.23590063927207 71.99779052836602 4.124700503586551
    vertex 10.06083694721734 72.63552254942255 3
  endloop
endfacet
facet normal -0.964326 -0.264717 2.19797e-15
  outer loop
    vertex 10.95104262947859 69.39263042118513 15.27974676150222
    vertex 10.61560733628156 70.61457327497432 15.28230304218665
    vertex 10.7823339020041 70.00721221412792 14.18482318454321
  endloop
endfacet
facet normal -0.964326 -0.264717 -1.8372e-15
  outer loop
    vertex 11.9619921908296 65.70988559054929 17.4760256958707
    vertex 12.13021829462167 65.09706192673535 16.37501490692156
    vertex 12.29946774677671 64.48051035102769 17.47819005156879
  endloop
endfacet
facet normal -0.964326 -0.264717 2.43341e-16
  outer loop
    vertex 10.44740839324517 71.22729799603546 14.18860432958998
    vertex 10.28178442889593 71.83064243759341 13.10203740489936
    vertex 10.61372080934787 70.6214456230899 13.09204924233591
  endloop
endfacet
facet normal -0.964326 -0.264717 -1.72513e-16
  outer loop
    vertex 21.6061586310297 30.57756498696323 14.2048121544309
    vertex 21.99324873537029 29.16745103543681 14.22339366732609
    vertex 21.76620495287156 29.99453910025359 15.31276181712016
  endloop
endfacet
facet normal -0.964326 -0.264717 -6.33198e-16
  outer loop
    vertex 21.77900312792171 29.94791717685663 10.93108441526254
    vertex 22.11365779374546 28.72881803707011 10.97160982141281
    vertex 21.94404069980895 29.34670887926737 12.02594405066358
  endloop
endfacet
facet normal -0.964326 -0.264717 4.6033e-16
  outer loop
    vertex 21.43538307210888 31.19967595160337 17.48260178559397
    vertex 21.60442924521728 30.58386489242276 16.3897629565454
    vertex 21.77045382123486 29.97906107978728 17.48808372371483
  endloop
endfacet
facet normal -0.964326 -0.264717 -1.4195e-15
  outer loop
    vertex 11.28505268353041 68.17587950999635 13.07624951132618
    vertex 11.11590845661803 68.79204776517719 11.97959363264123
    vertex 11.45226617193885 67.56674465936561 11.97238998075897
  endloop
endfacet
facet normal -0.964326 -0.264717 -3.5243e-16
  outer loop
    vertex 19.24654608690925 39.17329639768772 9.636933276285623
    vertex 19.07791386265464 39.78759950032953 10.74740765178166
    vertex 18.90770876524097 40.4076323551936 9.642925673902241
  endloop
endfacet
facet normal -0.964326 -0.264717 -1.27337e-15
  outer loop
    vertex 11.4580862115127 67.54554308663231 18.58151135420923
    vertex 11.11292337289512 68.80292199873921 18.58378580403771
    vertex 11.28881798212094 68.16216306513085 17.47931991889985
  endloop
endfacet
facet normal -0.964326 -0.264717 -3.02741e-15
  outer loop
    vertex 20.58401683009603 34.30108154750732 5.219442168447444
    vertex 20.24418564782226 35.5390379972189 5.215900140588698
    vertex 20.41247911041915 34.92596895490166 4.110700148629969
  endloop
endfacet
facet normal -0.964326 -0.264717 5.87507e-16
  outer loop
    vertex 18.90770876524097 40.4076323551936 9.642925673902241
    vertex 18.56886633717491 41.64198691457711 9.648257308500332
    vertex 18.73741553011443 41.02798628315456 8.53836293769562
  endloop
endfacet
facet normal -0.964326 -0.264717 6.4684e-16
  outer loop
    vertex 10.28178442889593 71.83064243759341 13.10203740489936
    vertex 10.10601515399683 72.4709447961544 12.02714466307631
    vertex 10.44516326360471 71.23547668258286 12.00088486858399
  endloop
endfacet
facet normal -0.964326 -0.264717 -9.7521e-16
  outer loop
    vertex 21.26040156103607 31.8371085990829 23
    vertex 21.43108913445346 31.2153181530624 21.89001653106035
    vertex 21.59978230690936 30.60079302483019 23
  endloop
endfacet
facet normal -0.964326 -0.264717 1.0288e-15
  outer loop
    vertex 21.6106900519094 30.56105766804434 12.01762224645358
    vertex 21.94404069980895 29.34670887926737 12.02594405066358
    vertex 21.77541800273686 29.96097727574431 13.11435395955249
  endloop
endfacet
facet normal -0.964326 -0.264717 -5.19765e-16
  outer loop
    vertex 10.73959843896392 70.16289140091715 3
    vertex 10.57696429595897 70.75534435043519 4.166261546354511
    vertex 10.40021769309063 71.39920697516985 3
  endloop
endfacet
facet normal -0.964326 -0.264717 5.87205e-16
  outer loop
    vertex 19.41692679546 38.55262381653858 10.74093274748824
    vertex 19.07791386265464 39.78759950032953 10.74740765178166
    vertex 19.24654608690925 39.17329639768772 9.636933276285623
  endloop
endfacet
facet normal -0.964326 -0.264717 -1.31309e-15
  outer loop
    vertex 20.93496440397425 33.02262967123666 9.632893241219744
    vertex 21.10260914707308 32.41192382137662 10.74251288561784
    vertex 20.76562075480708 33.63952439320276 10.73160076833698
  endloop
endfacet
facet normal -0.964326 -0.264717 3.8812e-16
  outer loop
    vertex 13.47620037096105 60.19384150578473 20.78479428908516
    vertex 13.8103826705783 58.97646312860761 20.77240741064196
    vertex 13.62867729808081 59.63838984270564 21.91209824426605
  endloop
endfacet
facet normal -0.964326 -0.264717 -6.11e-16
  outer loop
    vertex 21.60442924521728 30.58386489242276 16.3897629565454
    vertex 21.76620495287156 29.99453910025359 15.31276181712016
    vertex 21.93868904394738 29.36620419704881 16.39444103933917
  endloop
endfacet
facet normal -0.964326 -0.264717 7.25478e-16
  outer loop
    vertex 12.2973250076093 64.48831604370899 13.06411197841934
    vertex 12.12701921719958 65.10871570877295 11.96016296528867
    vertex 12.46568830369033 63.87499260798525 11.95517947127455
  endloop
endfacet
facet normal -0.964326 -0.264717 -1.10449e-15
  outer loop
    vertex 20.58164006928947 34.30973974758834 23
    vertex 20.75315205490251 33.68494608571227 21.8827261124591
    vertex 20.92102081516277 33.07342417333562 23
  endloop
endfacet
facet normal -0.964326 -0.264717 1.80285e-15
  outer loop
    vertex 13.11526366007698 61.50868238114815 23
    vertex 12.95649332957689 62.08706001368418 21.88706481634597
    vertex 13.29675544818399 60.84753372447261 21.89785880412722
  endloop
endfacet
facet normal -0.964326 -0.264717 -2.76107e-16
  outer loop
    vertex 11.4183599307105 67.69026025241173 3
    vertex 11.26062555176197 68.26486406143854 4.176140886423101
    vertex 11.07897918483722 68.92657582666443 3
  endloop
endfacet
facet normal -0.964326 -0.264717 -6.30724e-16
  outer loop
    vertex 21.93916305278265 29.36447745057747 3
    vertex 21.7694437558348 29.98274060374466 4.098387218280452
    vertex 21.59978230690936 30.60079302483019 3
  endloop
endfacet
facet normal -0.964326 -0.264717 -9.79295e-17
  outer loop
    vertex 12.63671580020413 63.25196387068496 15.27470307971684
    vertex 12.46702543179729 63.87012164130988 14.16845972761777
    vertex 12.80565576906966 62.63653969838911 14.16534778594857
  endloop
endfacet
facet normal -0.964326 -0.264717 1.05274e-15
  outer loop
    vertex 20.24225932341618 35.54605532184105 3
    vertex 20.07342051203553 36.16111099187059 4.110493273354393
    vertex 19.90287857754289 36.78237089609377 3
  endloop
endfacet
facet normal -0.964326 -0.264717 -8.89176e-16
  outer loop
    vertex 18.03981500003385 43.56924535701954 4.108272530528765
    vertex 18.2153560752114 42.92977429744417 5.223559658009354
    vertex 17.87889699871577 44.1554466475354 5.227683473434671
  endloop
endfacet
facet normal -0.964326 -0.264717 2.6304e-15
  outer loop
    vertex 20.75315205490251 33.68494608571227 21.8827261124591
    vertex 20.41433469762043 34.9192093158113 21.8732050534327
    vertex 20.5873017728548 34.28911497031463 20.74862197538412
  endloop
endfacet
facet normal -0.964326 -0.264717 8.69461e-16
  outer loop
    vertex 10.4484121621714 71.22364140923275 16.37675140908671
    vertex 10.09019713258183 72.52856758845191 16.26139540396219
    vertex 10.28103433389269 71.83337492653378 15.28486591415949
  endloop
endfacet
facet normal -0.964326 -0.264717 -6.01007e-16
  outer loop
    vertex 10.06083694721734 72.63552254942255 23
    vertex 9.893233394605954 73.24607834822116 21.93799090039376
    vertex 10.23107143004342 72.01538264769898 21.89046316322544
  endloop
endfacet
facet normal -0.964326 -0.264717 -1.16188e-15
  outer loop
    vertex 19.0546845705931 39.87222049283942 21.88621143171789
    vertex 18.71597436279069 41.10609339269106 21.88079292839123
    vertex 18.88960972175795 40.4735645850246 20.76337481941022
  endloop
endfacet
facet normal -0.964326 -0.264717 2.98997e-16
  outer loop
    vertex 21.26686670294757 31.81355701069097 18.58092197498375
    vertex 21.43538307210888 31.19967595160337 17.48260178559397
    vertex 21.60203706504273 30.59257926305862 18.58375143859589
  endloop
endfacet
facet normal -0.964326 -0.264717 1.08386e-15
  outer loop
    vertex 10.73959843896392 70.16289140091715 23
    vertex 10.91618186597208 69.51962320253027 21.90141173137978
    vertex 11.07897918483722 68.92657582666443 23
  endloop
endfacet
facet normal -0.964326 -0.264717 3.02975e-16
  outer loop
    vertex 11.09864229620846 68.85494592095489 20.79929663428507
    vertex 10.92951663821694 69.47104653220971 19.68738765820342
    vertex 11.2892717028059 68.1605102254928 19.68666213474907
  endloop
endfacet
facet normal -0.964326 -0.264717 1.29566e-15
  outer loop
    vertex 21.59978230690936 30.60079302483019 23
    vertex 21.76748368191866 29.98988087301058 21.89719490629947
    vertex 21.93916305278265 29.36447745057747 23
  endloop
endfacet
facet normal -0.964326 -0.264717 1.6373e-15
  outer loop
    vertex 20.58164006928947 34.30973974758834 3
    vertex 20.41247911041915 34.92596895490166 4.110700148629969
    vertex 20.24225932341618 35.54605532184105 3
  endloop
endfacet
facet normal -0.964326 -0.264717 1.40977e-15
  outer loop
    vertex 20.77265770320595 33.61388979546402 15.15999612145194
    vertex 20.93957843231532 33.00582142513705 16.28892245223796
    vertex 20.60318757692061 34.2312452555035 16.24627383450353
  endloop
endfacet
facet normal -0.964326 -0.264717 1.68602e-15
  outer loop
    vertex 20.43083496118319 34.85910121283267 12.94052028786408
    vertex 20.77193190643906 33.61653376940055 12.96991866341458
    vertex 20.60069383668796 34.24032959492244 14.04111017877625
  endloop
endfacet
facet normal -0.964326 -0.264717 -1.23709e-15
  outer loop
    vertex 20.60069383668796 34.24032959492244 14.04111017877625
    vertex 20.77265770320595 33.61388979546402 15.15999612145194
    vertex 20.43346162648858 34.84953264636303 15.14615950783855
  endloop
endfacet
facet normal -0.964326 -0.264717 -6.73849e-16
  outer loop
    vertex 19.92290191451006 36.70942873999904 9.630125065832743
    vertex 20.09045581463361 36.09905381812041 8.530687403791379
    vertex 20.25955431266893 35.48305214670605 9.63366817883426
  endloop
endfacet
facet normal -0.964326 -0.264717 1.43498e-15
  outer loop
    vertex 12.63869054983041 63.24477013990352 17.48779297595389
    vertex 12.29946774677671 64.48051035102769 17.47819005156879
    vertex 12.46785554635372 63.86709765256857 16.38110431722521
  endloop
endfacet
facet normal -0.964326 -0.264717 -2.14941e-16
  outer loop
    vertex 20.58401683009603 34.30108154750732 5.219442168447444
    vertex 20.42001346962002 34.89852236066993 6.324209165812061
    vertex 20.24418564782226 35.5390379972189 5.215900140588698
  endloop
endfacet
facet normal -0.964326 -0.264717 -6.26686e-16
  outer loop
    vertex 11.7577406765838 66.45394467815902 23
    vertex 11.92922957735574 65.82923511106124 21.89453555271194
    vertex 12.09712142245709 65.2176291039063 23
  endloop
endfacet
facet normal -0.964326 -0.264717 -5.86741e-16
  outer loop
    vertex 13.65584711974382 59.53941406379036 17.46875210190483
    vertex 13.48466902735378 60.1629914003541 16.36539883974945
    vertex 13.82407209355361 58.92659451634042 16.3584546546825
  endloop
endfacet
facet normal -0.964326 -0.264717 1.53082e-15
  outer loop
    vertex 21.44251058797418 31.17371142952262 6.340389680322014
    vertex 21.27714720083348 31.77610662553518 7.448167938987895
    vertex 21.09801957452365 32.42864297852099 6.326171547478943
  endloop
endfacet
facet normal -0.964326 -0.264717 -7.60221e-16
  outer loop
    vertex 21.6061586310297 30.57756498696323 14.2048121544309
    vertex 21.77541800273686 29.96097727574431 13.11435395955249
    vertex 21.99324873537029 29.16745103543681 14.22339366732609
  endloop
endfacet
facet normal -0.964326 -0.264717 5.97969e-17
  outer loop
    vertex 10.77696381830235 70.02677466189857 9.782474114098605
    vertex 10.60756315252634 70.64387708722549 8.687775077626636
    vertex 10.94324728581276 69.42102774453922 8.681024853852612
  endloop
endfacet
facet normal -0.964326 -0.264717 1.72526e-15
  outer loop
    vertex 13.48466902735378 60.1629914003541 16.36539883974945
    vertex 13.65364282271739 59.54744400295809 15.2577508769965
    vertex 13.82407209355361 58.92659451634042 16.3584546546825
  endloop
endfacet
facet normal -0.964326 -0.264717 -1.17562e-15
  outer loop
    vertex 12.63613009544222 63.25409750946049 13.05980121494319
    vertex 12.2973250076093 64.48831604370899 13.06411197841934
    vertex 12.46568830369033 63.87499260798525 11.95517947127455
  endloop
endfacet
facet normal -0.964326 -0.264717 2.6265e-15
  outer loop
    vertex 12.43650216833039 63.98131352965359 23
    vertex 12.26711539257163 64.59836535563193 21.89805717730433
    vertex 12.60606504623048 63.36362018873183 21.89009837179875
  endloop
endfacet
facet normal -0.964326 -0.264717 6.50949e-16
  outer loop
    vertex 12.1291301990401 65.10102570349677 14.17239287557308
    vertex 12.46702543179729 63.87012164130988 14.16845972761777
    vertex 12.29820542812304 64.4851087975518 15.27276788567073
  endloop
endfacet
facet normal -0.964326 -0.264717 6.89086e-17
  outer loop
    vertex 19.58261552888244 37.94904343049967 7.419742521437971
    vertex 19.7532009972225 37.32762493868945 8.520932347476128
    vertex 19.41512728782203 38.55917916579119 8.526229223858714
  endloop
endfacet
facet normal -0.964326 -0.264717 -4.46221e-16
  outer loop
    vertex 11.282631869072 68.18469819123773 10.8734632567444
    vertex 11.11291418939289 68.8029554529259 9.776109508965092
    vertex 11.44942381483007 67.57709896026188 9.768981223131235
  endloop
endfacet
facet normal -0.964326 -0.264717 -9.62247e-16
  outer loop
    vertex 19.7532009972225 37.32762493868945 8.520932347476128
    vertex 19.92290191451006 36.70942873999904 9.630125065832743
    vertex 19.58553317702238 37.93841485513276 9.6297675209413
  endloop
endfacet
facet normal -0.964326 -0.264717 3.13999e-15
  outer loop
    vertex 11.45226617193885 67.56674465936561 11.97238998075897
    vertex 11.282631869072 68.18469819123773 10.8734632567444
    vertex 11.61918584684457 66.95868012935192 10.86738376224079
  endloop
endfacet
facet normal -0.964326 -0.264717 -8.33917e-16
  outer loop
    vertex 11.45420265409062 67.55969033152702 14.174424081611
    vertex 11.11802915609422 68.78432235994249 14.17957547390208
    vertex 11.28505268353041 68.17587950999635 13.07624951132618
  endloop
endfacet
facet normal -0.964326 -0.264717 7.6152e-16
  outer loop
    vertex 10.44740839324517 71.22729799603546 14.18860432958998
    vertex 10.61372080934787 70.6214456230899 13.09204924233591
    vertex 10.7823339020041 70.00721221412792 14.18482318454321
  endloop
endfacet
facet normal -0.964326 -0.264717 -5.8666e-16
  outer loop
    vertex 19.7345982272126 37.39539217229695 4.10781372969111
    vertex 19.39525583919139 38.63156801437422 4.106610893204747
    vertex 19.56349783166959 38.01868647034648 3
  endloop
endfacet
facet normal -0.964326 -0.264717 -3.90597e-16
  outer loop
    vertex 12.26711539257163 64.59836535563193 21.89805717730433
    vertex 12.4469905318138 63.94310591982114 20.78389619896015
    vertex 12.60606504623048 63.36362018873183 21.89009837179875
  endloop
endfacet
facet normal -0.964326 -0.264717 5.50286e-16
  outer loop
    vertex 10.19975011678256 72.12948171743498 19.72215967204023
    vertex 10.57172406726996 70.77443375494515 19.69828553737748
    vertex 10.4005804253177 71.39788559348553 20.7861125924297
  endloop
endfacet
facet normal -0.964326 -0.264717 8.75362e-16
  outer loop
    vertex 12.77588291420369 62.74499795540086 23
    vertex 12.95649332957689 62.08706001368418 21.88706481634597
    vertex 13.11526366007698 61.50868238114815 23
  endloop
endfacet
facet normal -0.964326 -0.264717 7.43532e-16
  outer loop
    vertex 10.40021769309063 71.39920697516985 23
    vertex 10.57106019550593 70.77685214494268 21.89355733463334
    vertex 10.73959843896392 70.16289140091715 23
  endloop
endfacet
facet normal -0.964326 -0.264717 5.92685e-16
  outer loop
    vertex 20.43083496118319 34.85910121283267 12.94052028786408
    vertex 20.60069383668796 34.24032959492244 14.04111017877625
    vertex 20.2635371133514 35.46854337279133 14.0460033245031
  endloop
endfacet
facet normal -0.964326 -0.264717 1.98525e-17
  outer loop
    vertex 19.58261552888244 37.94904343049967 7.419742521437971
    vertex 19.91925937832108 36.7226979789732 7.42332366194977
    vertex 19.7532009972225 37.32762493868945 8.520932347476128
  endloop
endfacet
facet normal -0.964326 -0.264717 2.40834e-15
  outer loop
    vertex 11.28706962298304 68.16853208770463 15.27651015621822
    vertex 10.95104262947859 69.39263042118513 15.27974676150222
    vertex 11.11802915609422 68.78432235994249 14.17957547390208
  endloop
endfacet
facet normal -0.964326 -0.264717 -3.456e-16
  outer loop
    vertex 10.23107143004342 72.01538264769898 21.89046316322544
    vertex 9.893233394605954 73.24607834822116 21.93799090039376
    vertex 10.05229611276465 72.66663558921448 20.90875120610205
  endloop
endfacet
facet normal -0.964326 -0.264717 -4.33449e-16
  outer loop
    vertex 12.80944125257607 62.62274972275858 18.58604010175892
    vertex 12.63869054983041 63.24477013990352 17.48779297595389
    vertex 12.97749575824508 62.01055116639291 17.48293761402296
  endloop
endfacet
facet normal -0.964326 -0.264717 -4.01359e-16
  outer loop
    vertex 18.73913258335827 41.02173130348057 10.7531069497846
    vertex 18.56886633717491 41.64198691457711 9.648257308500332
    vertex 18.90770876524097 40.4076323551936 9.642925673902241
  endloop
endfacet
facet normal -0.964326 -0.264717 2.82684e-16
  outer loop
    vertex 10.28178442889593 71.83064243759341 13.10203740489936
    vertex 10.44516326360471 71.23547668258286 12.00088486858399
    vertex 10.61372080934787 70.6214456230899 13.09204924233591
  endloop
endfacet
facet normal -0.964326 -0.264717 -1.33787e-15
  outer loop
    vertex 21.09944397782119 32.42345408079423 17.4769914415545
    vertex 21.27268050865074 31.79237814705803 16.36823873734912
    vertex 21.43538307210888 31.19967595160337 17.48260178559397
  endloop
endfacet
facet normal -0.964326 -0.264717 9.30323e-16
  outer loop
    vertex 12.46901216993487 63.86288423809442 18.57722558326381
    vertex 12.29946774677671 64.48051035102769 17.47819005156879
    vertex 12.63869054983041 63.24477013990352 17.48779297595389
  endloop
endfacet
facet normal -0.964326 -0.264717 -2.35971e-16
  outer loop
    vertex 19.92290191451006 36.70942873999904 9.630125065832743
    vertex 20.25955431266893 35.48305214670605 9.63366817883426
    vertex 20.09244795802602 36.09179672433377 10.74177947582337
  endloop
endfacet
facet normal -0.964326 -0.264717 4.27204e-16
  outer loop
    vertex 20.60069383668796 34.24032959492244 14.04111017877625
    vertex 20.77193190643906 33.61653376940055 12.96991866341458
    vertex 20.94313904072615 32.99285063735473 14.10854639069549
  endloop
endfacet
facet normal -0.964326 -0.264717 1.69193e-15
  outer loop
    vertex 14.50260226064037 56.45480605052435 14.1395070457356
    vertex 14.67358480513438 55.83194106701048 15.23961285337751
    vertex 14.33320412580251 57.07189925600514 15.24651225185814
  endloop
endfacet
facet normal -0.964326 -0.264717 -9.94333e-16
  outer loop
    vertex 21.44251058797418 31.17371142952262 6.340389680322014
    vertex 21.09801957452365 32.42864297852099 6.326171547478943
    vertex 21.26350259245648 31.82581198462282 5.217614921656007
  endloop
endfacet
facet normal -0.964326 -0.264717 1.3949e-15
  outer loop
    vertex 12.09712142245709 65.2176291039063 23
    vertex 12.26711539257163 64.59836535563193 21.89805717730433
    vertex 12.43650216833039 63.98131352965359 23
  endloop
endfacet
facet normal -0.964326 -0.264717 -9.03736e-16
  outer loop
    vertex 19.7532009972225 37.32762493868945 8.520932347476128
    vertex 19.58553317702238 37.93841485513276 9.6297675209413
    vertex 19.41512728782203 38.55917916579119 8.526229223858714
  endloop
endfacet
facet normal -0.964326 -0.264717 6.16625e-16
  outer loop
    vertex 12.63869054983041 63.24477013990352 17.48779297595389
    vertex 12.46785554635372 63.86709765256857 16.38110431722521
    vertex 12.80662733522445 62.63300042168237 16.37863428142013
  endloop
endfacet
facet normal -0.964326 -0.264717 -3.94627e-17
  outer loop
    vertex 12.80944125257607 62.62274972275858 18.58604010175892
    vertex 12.46901216993487 63.86288423809442 18.57722558326381
    vertex 12.63869054983041 63.24477013990352 17.48779297595389
  endloop
endfacet
facet normal -0.964326 -0.264717 -2.41629e-15
  outer loop
    vertex 12.2973250076093 64.48831604370899 13.06411197841934
    vertex 12.1291301990401 65.10102570349677 14.17239287557308
    vertex 11.95925937418916 65.71984085116806 13.06802194254423
  endloop
endfacet
facet normal -0.964326 -0.264717 1.49949e-15
  outer loop
    vertex 10.92951663821694 69.47104653220971 19.68738765820342
    vertex 11.11292337289512 68.80292199873921 18.58378580403771
    vertex 11.2892717028059 68.1605102254928 19.68666213474907
  endloop
endfacet
facet normal -0.964326 -0.264717 4.84977e-16
  outer loop
    vertex 21.6106900519094 30.56105766804434 12.01762224645358
    vertex 21.77900312792171 29.94791717685663 10.93108441526254
    vertex 21.94404069980895 29.34670887926737 12.02594405066358
  endloop
endfacet
facet normal -0.964326 -0.264717 5.86272e-17
  outer loop
    vertex 19.90287857754289 36.78237089609377 3
    vertex 19.7345982272126 37.39539217229695 4.10781372969111
    vertex 19.56349783166959 38.01868647034648 3
  endloop
endfacet
facet normal -0.964326 -0.264717 -1.73888e-15
  outer loop
    vertex 14.33320412580251 57.07189925600514 15.24651225185814
    vertex 14.67358480513438 55.83194106701048 15.23961285337751
    vertex 14.50333869784878 56.45212331497944 16.34787170734516
  endloop
endfacet
facet normal -0.964326 -0.264717 -9.43356e-16
  outer loop
    vertex 19.24437324624523 39.18121174582095 7.425906126171917
    vertex 19.41512728782203 38.55917916579119 8.526229223858714
    vertex 19.07634253726685 39.79332361424218 8.53253982619008
  endloop
endfacet
facet normal -0.964326 -0.264717 8.02868e-16
  outer loop
    vertex 11.28881798212094 68.16216306513085 17.47931991889985
    vertex 10.94798779479867 69.40375874751912 17.47831787346694
    vertex 11.11989416012584 68.77752841668445 16.3779593581042
  endloop
endfacet
facet normal -0.964326 -0.264717 2.92585e-15
  outer loop
    vertex 12.43650216833039 63.98131352965359 23
    vertex 12.60606504623048 63.36362018873183 21.89009837179875
    vertex 12.77588291420369 62.74499795540086 23
  endloop
endfacet
facet normal -0.964326 -0.264717 6.20993e-16
  outer loop
    vertex 20.77265770320595 33.61388979546402 15.15999612145194
    vertex 21.10801730332959 32.3922226807279 15.23077843386805
    vertex 20.93957843231532 33.00582142513705 16.28892245223796
  endloop
endfacet
facet normal -0.964326 -0.264717 -1.07893e-16
  outer loop
    vertex 21.77900312792171 29.94791717685663 10.93108441526254
    vertex 21.96062336694893 29.28630059182889 9.935629554233778
    vertex 22.11365779374546 28.72881803707011 10.97160982141281
  endloop
endfacet
facet normal -0.964326 -0.264717 -1.60149e-15
  outer loop
    vertex 11.11802915609422 68.78432235994249 14.17957547390208
    vertex 10.94911436588806 69.3996548099792 13.08419905938379
    vertex 11.28505268353041 68.17587950999635 13.07624951132618
  endloop
endfacet
facet normal -0.964326 -0.264717 5.88707e-17
  outer loop
    vertex 13.14843827844461 61.38783198566607 18.58882044446607
    vertex 12.80944125257607 62.62274972275858 18.58604010175892
    vertex 12.97749575824508 62.01055116639291 17.48293761402296
  endloop
endfacet
facet normal -0.964326 -0.264717 -1.75814e-16
  outer loop
    vertex 13.14843827844461 61.38783198566607 18.58882044446607
    vertex 12.97749575824508 62.01055116639291 17.48293761402296
    vertex 13.31654499973384 60.77544321525528 17.47610745156305
  endloop
endfacet
facet normal -0.964326 -0.264717 -5.9058e-17
  outer loop
    vertex 19.24437324624523 39.18121174582095 7.425906126171917
    vertex 19.58261552888244 37.94904343049967 7.419742521437971
    vertex 19.41512728782203 38.55917916579119 8.526229223858714
  endloop
endfacet
facet normal -0.964326 -0.264717 2.58902e-16
  outer loop
    vertex 12.60811643719438 63.35614726450619 4.116532672092703
    vertex 12.44629471998381 63.94564066291612 5.277652226428222
    vertex 12.26681179539374 64.59947131677994 4.110288979210818
  endloop
endfacet
facet normal -0.964326 -0.264717 1.20514e-15
  outer loop
    vertex 19.39531452655581 38.63135422468953 21.87261797908339
    vertex 19.22744509744586 39.24287857359008 20.74744356479757
    vertex 19.5713006252179 37.99026200813479 20.74599260550595
  endloop
endfacet
facet normal -0.964326 -0.264717 3.93857e-16
  outer loop
    vertex 10.60756315252634 70.64387708722549 8.687775077626636
    vertex 10.42831081794952 71.29686773461248 7.57516692644385
    vertex 10.77386711158055 70.03805552209941 7.586563970037454
  endloop
endfacet
facet normal -0.964326 -0.264717 2.98554e-15
  outer loop
    vertex 19.92290191451006 36.70942873999904 9.630125065832743
    vertex 19.75473784306916 37.3220264288195 10.73873441939825
    vertex 19.58553317702238 37.93841485513276 9.6297675209413
  endloop
endfacet
facet normal -0.964326 -0.264717 -1.58239e-15
  outer loop
    vertex 19.42203472578771 38.53401635605904 17.37019470611561
    vertex 19.25199344810498 39.15345243904613 16.26837550566859
    vertex 19.59029014654192 37.92108589474014 16.26227752284847
  endloop
endfacet
facet normal -0.964326 -0.264717 1.94263e-15
  outer loop
    vertex 16.87043470716063 47.82913070962911 7.462505918621691
    vertex 17.04180007738505 47.20487114666875 8.567135482517379
    vertex 16.70221130616632 48.44194452753698 8.574180303330039
  endloop
endfacet
facet normal -0.964326 -0.264717 -1.75306e-15
  outer loop
    vertex 19.39525583919139 38.63156801437422 4.106610893204747
    vertex 19.23103168359111 39.22981315263237 5.213025532178399
    vertex 19.05442671285965 39.87315983172557 4.105955216943187
  endloop
endfacet
facet normal -0.964326 -0.264717 -1.7213e-15
  outer loop
    vertex 13.31654499973384 60.77544321525528 17.47610745156305
    vertex 13.48466902735378 60.1629914003541 16.36539883974945
    vertex 13.65584711974382 59.53941406379036 17.46875210190483
  endloop
endfacet
facet normal -0.964326 -0.264717 -7.88043e-17
  outer loop
    vertex 10.10601515399683 72.4709447961544 12.02714466307631
    vertex 10.26787478809013 71.88131327195737 10.91496687522151
    vertex 10.44516326360471 71.23547668258286 12.00088486858399
  endloop
endfacet
facet normal -0.964326 -0.264717 4.1236e-16
  outer loop
    vertex 18.90549869157528 40.41568333783291 7.431474911556526
    vertex 19.07634253726685 39.79332361424218 8.53253982619008
    vertex 18.73741553011443 41.02798628315456 8.53836293769562
  endloop
endfacet
facet normal -0.964326 -0.264717 2.17712e-15
  outer loop
    vertex 21.27714720083348 31.77610662553518 7.448167938987895
    vertex 21.10321316305979 32.40972347742506 8.533264093509883
    vertex 20.9316112488705 33.03484473625744 7.430695387467567
  endloop
endfacet
facet normal -0.964326 -0.264717 -6.05349e-16
  outer loop
    vertex 15.85416209593771 51.53126665051263 9.696289852274916
    vertex 16.19464082877443 50.29095126660742 9.689532683599833
    vertex 16.02652403079033 50.90337674497809 10.79795987606455
  endloop
endfacet
facet normal -0.964326 -0.264717 5.88063e-16
  outer loop
    vertex 11.2892717028059 68.1605102254928 19.68666213474907
    vertex 11.11292337289512 68.80292199873921 18.58378580403771
    vertex 11.4580862115127 67.54554308663231 18.58151135420923
  endloop
endfacet
facet normal -0.964326 -0.264717 -3.6132e-16
  outer loop
    vertex 12.97533075099268 62.01843797852668 13.05548910743865
    vertex 12.80462855431611 62.64028169499133 11.94869618696247
    vertex 13.14366794033857 61.40520964590951 11.94314846608565
  endloop
endfacet
facet normal -0.964326 -0.264717 -3.71118e-16
  outer loop
    vertex 12.97533075099268 62.01843797852668 13.05548910743865
    vertex 12.63613009544222 63.25409750946049 13.05980121494319
    vertex 12.80462855431611 62.64028169499133 11.94869618696247
  endloop
endfacet
facet normal -0.964326 -0.264717 -7.83775e-16
  outer loop
    vertex 12.63869054983041 63.24477013990352 17.48779297595389
    vertex 12.80662733522445 62.63300042168237 16.37863428142013
    vertex 12.97749575824508 62.01055116639291 17.48293761402296
  endloop
endfacet
facet normal -0.964326 -0.264717 1.54685e-15
  outer loop
    vertex 13.14446591491473 61.40230273852491 14.16069551047001
    vertex 12.80565576906966 62.63653969838911 14.16534778594857
    vertex 12.97533075099268 62.01843797852668 13.05548910743865
  endloop
endfacet
facet normal -0.964326 -0.264717 6.6489e-16
  outer loop
    vertex 13.31405223869954 60.78452398759453 13.0492149156838
    vertex 12.97533075099268 62.01843797852668 13.05548910743865
    vertex 13.14366794033857 61.40520964590951 11.94314846608565
  endloop
endfacet
facet normal -0.964326 -0.264717 -1.1153e-15
  outer loop
    vertex 12.63613009544222 63.25409750946049 13.05980121494319
    vertex 12.46568830369033 63.87499260798525 11.95517947127455
    vertex 12.80462855431611 62.64028169499133 11.94869618696247
  endloop
endfacet
facet normal -0.964326 -0.264717 2.40507e-15
  outer loop
    vertex 20.09834996741479 36.07029654727469 17.35885117354511
    vertex 19.92844061784558 36.68925203499109 16.25763079553233
    vertex 20.26602198184917 35.45949135183514 16.252024546139
  endloop
endfacet
facet normal -0.964326 -0.264717 2.06915e-15
  outer loop
    vertex 10.61560733628156 70.61457327497432 15.28230304218665
    vertex 10.4484121621714 71.22364140923275 16.37675140908671
    vertex 10.28103433389269 71.83337492653378 15.28486591415949
  endloop
endfacet
facet normal -0.964326 -0.264717 0
  outer loop
    vertex 18.74458338568827 41.00187480927846 17.38151860134744
    vertex 18.57459998446175 41.62110005660363 16.27935873549038
    vertex 18.91320299274023 40.38761766930345 16.27293913404333
  endloop
endfacet
facet normal -0.964326 -0.264717 -8.92138e-16
  outer loop
    vertex 11.62184195638077 66.94900430175576 13.07180093331701
    vertex 11.45420265409062 67.55969033152702 14.174424081611
    vertex 11.28505268353041 68.17587950999635 13.07624951132618
  endloop
endfacet
facet normal -0.964326 -0.264717 1.03687e-15
  outer loop
    vertex 19.56349783166959 38.01868647034648 3
    vertex 19.39525583919139 38.63156801437422 4.106610893204747
    vertex 19.22411708579629 39.2550020445992 3
  endloop
endfacet
facet normal -0.964326 -0.264717 2.4845e-15
  outer loop
    vertex 19.22411708579629 39.2550020445992 3
    vertex 19.39525583919139 38.63156801437422 4.106610893204747
    vertex 19.05442671285965 39.87315983172557 4.105955216943187
  endloop
endfacet
facet normal -0.964326 -0.264717 3.32e-16
  outer loop
    vertex 13.48764123530841 60.15216407137652 18.58159662385376
    vertex 13.14843827844461 61.38783198566607 18.58882044446607
    vertex 13.31654499973384 60.77544321525528 17.47610745156305
  endloop
endfacet
facet normal -0.964326 -0.264717 1.4275e-15
  outer loop
    vertex 12.97533075099268 62.01843797852668 13.05548910743865
    vertex 12.80565576906966 62.63653969838911 14.16534778594857
    vertex 12.63613009544222 63.25409750946049 13.05980121494319
  endloop
endfacet
facet normal -0.964326 -0.264717 5.85359e-16
  outer loop
    vertex 20.41247911041915 34.92596895490166 4.110700148629969
    vertex 20.07342051203553 36.16111099187059 4.110493273354393
    vertex 20.24225932341618 35.54605532184105 3
  endloop
endfacet
facet normal -0.964326 -0.264717 -1.35081e-15
  outer loop
    vertex 19.58553317702238 37.93841485513276 9.6297675209413
    vertex 19.24654608690925 39.17329639768772 9.636933276285623
    vertex 19.41512728782203 38.55917916579119 8.526229223858714
  endloop
endfacet
facet normal -0.964326 -0.264717 0
  outer loop
    vertex 21.43289336171025 31.20874561091267 19.68157378075615
    vertex 21.26686670294757 31.81355701069097 18.58092197498375
    vertex 21.60203706504273 30.59257926305862 18.58375143859589
  endloop
endfacet
facet normal -0.964326 -0.264717 -2.05928e-16
  outer loop
    vertex 18.56649755544411 41.65061604802503 7.436525991303572
    vertex 18.73741553011443 41.02798628315456 8.53836293769562
    vertex 18.39836348200269 42.26310445841877 8.544522498553201
  endloop
endfacet
facet normal -0.964326 -0.264717 1.84884e-15
  outer loop
    vertex 12.60606504623048 63.36362018873183 21.89009837179875
    vertex 12.95649332957689 62.08706001368418 21.88706481634597
    vertex 12.77588291420369 62.74499795540086 23
  endloop
endfacet
facet normal -0.964326 -0.264717 3.91486e-17
  outer loop
    vertex 19.07634253726685 39.79332361424218 8.53253982619008
    vertex 18.90770876524097 40.4076323551936 9.642925673902241
    vertex 18.73741553011443 41.02798628315456 8.53836293769562
  endloop
endfacet
facet normal -0.964326 -0.264717 1.96415e-17
  outer loop
    vertex 18.90549869157528 40.41568333783291 7.431474911556526
    vertex 19.24437324624523 39.18121174582095 7.425906126171917
    vertex 19.07634253726685 39.79332361424218 8.53253982619008
  endloop
endfacet
facet normal -0.964326 -0.264717 3.31883e-16
  outer loop
    vertex 13.48764123530841 60.15216407137652 18.58159662385376
    vertex 13.31654499973384 60.77544321525528 17.47610745156305
    vertex 13.65584711974382 59.53941406379036 17.46875210190483
  endloop
endfacet
facet normal -0.964326 -0.264717 -1.55623e-15
  outer loop
    vertex 18.71597436279069 41.10609339269106 21.88079292839123
    vertex 18.54802287923773 41.71791665420541 20.75919314073937
    vertex 18.88960972175795 40.4735645850246 20.76337481941022
  endloop
endfacet
facet normal -0.964326 -0.264717 5.6356e-16
  outer loop
    vertex 15.85153472839579 51.5408377751296 7.476888774303868
    vertex 16.02350036465221 50.91439152876695 8.586734295890398
    vertex 15.68367059599439 52.15234282887756 8.592124018931329
  endloop
endfacet
facet normal -0.964326 -0.264717 2.51143e-15
  outer loop
    vertex 17.88826159754578 44.12133275179751 7.444571712645664
    vertex 18.05924176441275 43.49847642963927 8.549819718327576
    vertex 17.72007065598163 44.73402832463834 8.556069546757803
  endloop
endfacet
facet normal -0.964326 -0.264717 -1.20535e-15
  outer loop
    vertex 18.22741549979053 42.88584353647735 7.441747032860398
    vertex 18.39836348200269 42.26310445841877 8.544522498553201
    vertex 18.05924176441275 43.49847642963927 8.549819718327576
  endloop
endfacet
facet normal -0.964326 -0.264717 -1.3756e-16
  outer loop
    vertex 21.10321316305979 32.40972347742506 8.533264093509883
    vertex 20.93496440397425 33.02262967123666 9.632893241219744
    vertex 20.76357618064229 33.64697248480307 8.530830087578291
  endloop
endfacet
facet normal -0.964326 -0.264717 1.63693e-15
  outer loop
    vertex 10.42831081794952 71.29686773461248 7.57516692644385
    vertex 10.23929445306014 71.98542734956662 6.391677519121713
    vertex 10.5988679160449 70.67555259155074 6.470257845981497
  endloop
endfacet
facet normal -0.964326 -0.264717 1.13921e-15
  outer loop
    vertex 19.08339388941055 39.76763654571872 17.37578459286708
    vertex 19.25199344810498 39.15345243904613 16.26837550566859
    vertex 19.42203472578771 38.53401635605904 17.37019470611561
  endloop
endfacet
facet normal -0.964326 -0.264717 1.46604e-15
  outer loop
    vertex 17.20978860109205 46.59291295316466 7.456557361589088
    vertex 17.04180007738505 47.20487114666875 8.567135482517379
    vertex 16.87043470716063 47.82913070962911 7.462505918621691
  endloop
endfacet
facet normal -0.964326 -0.264717 1.24539e-15
  outer loop
    vertex 18.06659152037941 43.47170231861786 17.39304477045744
    vertex 17.89670937405197 44.09055870881066 16.29049003370081
    vertex 18.2354802952953 42.85646463856712 16.28393467547597
  endloop
endfacet
facet normal -0.964326 -0.264717 4.74334e-16
  outer loop
    vertex 20.60069383668796 34.24032959492244 14.04111017877625
    vertex 20.43346162648858 34.84953264636303 15.14615950783855
    vertex 20.2635371133514 35.46854337279133 14.0460033245031
  endloop
endfacet
facet normal -0.964326 -0.264717 9.77001e-16
  outer loop
    vertex 17.88826159754578 44.12133275179751 7.444571712645664
    vertex 17.72007065598163 44.73402832463834 8.556069546757803
    vertex 17.54905310921552 45.35702081642917 7.45059409015817
  endloop
endfacet
facet normal -0.964326 -0.264717 -1.65824e-15
  outer loop
    vertex 11.95925937418916 65.71984085116806 13.06802194254423
    vertex 11.79124271171493 66.33190155018133 14.17295553262794
    vertex 11.62184195638077 66.94900430175576 13.07180093331701
  endloop
endfacet
facet normal -0.964326 -0.264717 -1.56263e-16
  outer loop
    vertex 13.31405223869954 60.78452398759453 13.0492149156838
    vertex 13.14366794033857 61.40520964590951 11.94314846608565
    vertex 13.48292835146633 60.16933243394411 11.93780305226483
  endloop
endfacet
facet normal -0.964326 -0.264717 -1.57e-16
  outer loop
    vertex 18.56649755544411 41.65061604802503 7.436525991303572
    vertex 18.90549869157528 40.41568333783291 7.431474911556526
    vertex 18.73741553011443 41.02798628315456 8.53836293769562
  endloop
endfacet
facet normal -0.964326 -0.264717 -2.08961e-15
  outer loop
    vertex 13.65338915026975 59.54836809544591 13.04379287240041
    vertex 13.31405223869954 60.78452398759453 13.0492149156838
    vertex 13.48292835146633 60.16933243394411 11.93780305226483
  endloop
endfacet
facet normal -0.964326 -0.264717 -1.08267e-15
  outer loop
    vertex 12.1291301990401 65.10102570349677 14.17239287557308
    vertex 11.79124271171493 66.33190155018133 14.17295553262794
    vertex 11.95925937418916 65.71984085116806 13.06802194254423
  endloop
endfacet
facet normal -0.964326 -0.264717 -4.63829e-16
  outer loop
    vertex 20.43542048903921 34.8423967899286 17.35141542016952
    vertex 20.59878140163111 34.24729632262953 18.48964259716062
    vertex 20.26712631464656 35.45546842521609 18.45754907563659
  endloop
endfacet
facet normal -0.964326 -0.264717 6.65419e-16
  outer loop
    vertex 13.31405223869954 60.78452398759453 13.0492149156838
    vertex 13.14446591491473 61.40230273852491 14.16069551047001
    vertex 12.97533075099268 62.01843797852668 13.05548910743865
  endloop
endfacet
facet normal -0.964326 -0.264717 2.73338e-16
  outer loop
    vertex 18.71530858100663 41.10851874061871 4.105310863148706
    vertex 18.55068515379956 41.70821836830162 5.220946531661971
    vertex 18.3772409052347 42.34005098807357 4.11039962573623
  endloop
endfacet
facet normal -0.964326 -0.264717 -6.55205e-16
  outer loop
    vertex 17.71726609585645 44.74424493652293 6.340134372671918
    vertex 17.88826159754578 44.12133275179751 7.444571712645664
    vertex 17.54905310921552 45.35702081642917 7.45059409015817
  endloop
endfacet
facet normal -0.964326 -0.264717 -8.11553e-16
  outer loop
    vertex 13.14366794033857 61.40520964590951 11.94314846608565
    vertex 12.97277943600703 62.02773205454581 10.83998599115067
    vertex 13.31211704866352 60.79157360844005 10.8319414205977
  endloop
endfacet
facet normal -0.964326 -0.264717 -1.17589e-15
  outer loop
    vertex 17.38829029765579 45.94265677282534 17.40482024423499
    vertex 17.21846530703462 46.56130495294533 16.30181368192702
    vertex 17.55734233424193 45.32682435383296 16.29524139830175
  endloop
endfacet
facet normal -0.964326 -0.264717 3.6601e-15
  outer loop
    vertex 11.45226617193885 67.56674465936561 11.97238998075897
    vertex 11.61918584684457 66.95868012935192 10.86738376224079
    vertex 11.78917662591624 66.33942800559083 11.96691140865735
  endloop
endfacet
facet normal -0.964326 -0.264717 1.17605e-15
  outer loop
    vertex 14.83356924303427 55.24914061466087 7.49415195739442
    vertex 15.00581730234171 54.62166554146947 8.60178493622673
    vertex 14.66621028589205 55.85880538710754 8.612314726692544
  endloop
endfacet
facet normal -0.964326 -0.264717 2.42534e-15
  outer loop
    vertex 14.33455341917608 57.06698397300144 17.45702829333741
    vertex 14.16357482250319 57.68983457516694 16.35500369234677
    vertex 14.50333869784878 56.45212331497944 16.34787170734516
  endloop
endfacet
facet normal -0.964326 -0.264717 -1.20919e-15
  outer loop
    vertex 13.99309839357097 58.31085585199146 13.03976851386645
    vertex 13.65338915026975 59.54836809544591 13.04379287240041
    vertex 13.82227891348539 58.93312681516036 11.93281784929813
  endloop
endfacet
facet normal -0.964326 -0.264717 3.72718e-16
  outer loop
    vertex 18.40563609723699 42.23661136006527 17.3872367400715
    vertex 18.57459998446175 41.62110005660363 16.27935873549038
    vertex 18.74458338568827 41.00187480927846 17.38151860134744
  endloop
endfacet
facet normal -0.964326 -0.264717 -3.03236e-15
  outer loop
    vertex 13.28495403301363 60.89052459402177 4.110288979210818
    vertex 12.94737792011657 62.12026614814677 4.114741544883996
    vertex 13.11526366007698 61.50868238114815 3
  endloop
endfacet
facet normal -0.964326 -0.264717 -3.30156e-15
  outer loop
    vertex 13.11526366007698 61.50868238114815 3
    vertex 12.94737792011657 62.12026614814677 4.114741544883996
    vertex 12.77588291420369 62.74499795540086 3
  endloop
endfacet
facet normal -0.964326 -0.264717 1.36229e-15
  outer loop
    vertex 16.19098640518131 50.30426380969664 7.472240951592281
    vertex 16.02350036465221 50.91439152876695 8.586734295890398
    vertex 15.85153472839579 51.5408377751296 7.476888774303868
  endloop
endfacet
facet normal -0.964326 -0.264717 -1.10474e-15
  outer loop
    vertex 17.37800571756579 45.98012202886748 6.345999251371282
    vertex 17.54905310921552 45.35702081642917 7.45059409015817
    vertex 17.20978860109205 46.59291295316466 7.456557361589088
  endloop
endfacet
facet normal -0.964326 -0.264717 1.14914e-15
  outer loop
    vertex 17.69690048975099 44.81843393019284 21.89137483892213
    vertex 17.86659410230311 44.20026434161009 20.77942204157836
    vertex 18.03628393530385 43.58210852139312 21.89053141515629
  endloop
endfacet
facet normal -0.964326 -0.264717 3.13118e-16
  outer loop
    vertex 13.8269280697998 58.91619060287215 18.56892790649573
    vertex 13.48764123530841 60.15216407137652 18.58159662385376
    vertex 13.65584711974382 59.53941406379036 17.46875210190483
  endloop
endfacet
facet normal -0.964326 -0.264717 2.18537e-15
  outer loop
    vertex 16.87043470716063 47.82913070962911 7.462505918621691
    vertex 16.70221130616632 48.44194452753698 8.574180303330039
    vertex 16.53088874316432 49.06604814990141 7.467929377273283
  endloop
endfacet
facet normal -0.964326 -0.264717 -2.59087e-15
  outer loop
    vertex 12.43650216833039 63.98131352965359 3
    vertex 12.60811643719438 63.35614726450619 4.116532672092703
    vertex 12.26681179539374 64.59947131677994 4.110288979210818
  endloop
endfacet
facet normal -0.964326 -0.264717 2.93874e-16
  outer loop
    vertex 17.72007065598163 44.73402832463834 8.556069546757803
    vertex 17.55219219388574 45.34558557941621 9.665464915394253
    vertex 17.38107242983751 45.96895043416335 8.562363417874515
  endloop
endfacet
facet normal -0.964326 -0.264717 -1.40626e-15
  outer loop
    vertex 17.54905310921552 45.35702081642917 7.45059409015817
    vertex 17.38107242983751 45.96895043416335 8.562363417874515
    vertex 17.20978860109205 46.59291295316466 7.456557361589088
  endloop
endfacet
facet normal -0.964326 -0.264717 -7.8324e-16
  outer loop
    vertex 19.07634253726685 39.79332361424218 8.53253982619008
    vertex 19.24654608690925 39.17329639768772 9.636933276285623
    vertex 18.90770876524097 40.4076323551936 9.642925673902241
  endloop
endfacet
facet normal -0.964326 -0.264717 -1.69916e-15
  outer loop
    vertex 17.03870234331191 47.21615574936375 6.350981924671039
    vertex 17.20978860109205 46.59291295316466 7.456557361589088
    vertex 16.87043470716063 47.82913070962911 7.462505918621691
  endloop
endfacet
facet normal -0.964326 -0.264717 -5.88757e-16
  outer loop
    vertex 13.8269280697998 58.91619060287215 18.56892790649573
    vertex 13.65584711974382 59.53941406379036 17.46875210190483
    vertex 13.99522127983623 58.3031224805966 17.46283287367448
  endloop
endfacet
facet normal -0.964326 -0.264717 -1.34536e-15
  outer loop
    vertex 14.84260518021198 55.21622398637064 14.13781893097894
    vertex 14.50260226064037 56.45480605052435 14.1395070457356
    vertex 14.67175820641828 55.83859510519055 13.03035808166419
  endloop
endfacet
facet normal -0.964326 -0.264717 1.76383e-15
  outer loop
    vertex 17.72746810116986 44.7070804885955 17.39892520697069
    vertex 17.89670937405197 44.09055870881066 16.29049003370081
    vertex 18.06659152037941 43.47170231861786 17.39304477045744
  endloop
endfacet
facet normal -0.964326 -0.264717 1.33114e-15
  outer loop
    vertex 17.88826159754578 44.12133275179751 7.444571712645664
    vertex 18.22741549979053 42.88584353647735 7.441747032860398
    vertex 18.05924176441275 43.49847642963927 8.549819718327576
  endloop
endfacet
facet normal -0.964326 -0.264717 5.69092e-16
  outer loop
    vertex 18.91320299274023 40.38761766930345 16.27293913404333
    vertex 19.25199344810498 39.15345243904613 16.26837550566859
    vertex 19.08339388941055 39.76763654571872 17.37578459286708
  endloop
endfacet
facet normal -0.964326 -0.264717 -1.33446e-15
  outer loop
    vertex 12.46785554635372 63.86709765256857 16.38110431722521
    vertex 12.63671580020413 63.25196387068496 15.27470307971684
    vertex 12.80662733522445 62.63300042168237 16.37863428142013
  endloop
endfacet
facet normal -0.964326 -0.264717 4.58232e-16
  outer loop
    vertex 12.798186672294 62.663748550929 7.531332320465642
    vertex 12.96989089490124 62.03825459714548 8.640116242434397
    vertex 12.63067758243945 63.27396023539916 8.644127326897248
  endloop
endfacet
facet normal -0.964326 -0.264717 -2.85357e-15
  outer loop
    vertex 12.94737792011657 62.12026614814677 4.114741544883996
    vertex 12.60811643719438 63.35614726450619 4.116532672092703
    vertex 12.77588291420369 62.74499795540086 3
  endloop
endfacet
facet normal -0.964326 -0.264717 2.07105e-15
  outer loop
    vertex 11.61628416780183 66.96925053157904 8.662657978391271
    vertex 11.44600875599515 67.58953953173196 7.564089409502916
    vertex 11.78346226021311 66.36024462350939 7.55359207379544
  endloop
endfacet
facet normal -0.964326 -0.264717 4.49456e-16
  outer loop
    vertex 17.38107242983751 45.96895043416335 8.562363417874515
    vertex 17.04180007738505 47.20487114666875 8.567135482517379
    vertex 17.20978860109205 46.59291295316466 7.456557361589088
  endloop
endfacet
facet normal -0.964326 -0.264717 -2.19737e-15
  outer loop
    vertex 13.65338915026975 59.54836809544591 13.04379287240041
    vertex 13.48292835146633 60.16933243394411 11.93780305226483
    vertex 13.82227891348539 58.93312681516036 11.93281784929813
  endloop
endfacet
facet normal -0.964326 -0.264717 -7.06042e-16
  outer loop
    vertex 18.74458338568827 41.00187480927846 17.38151860134744
    vertex 18.91320299274023 40.38761766930345 16.27293913404333
    vertex 19.08339388941055 39.76763654571872 17.37578459286708
  endloop
endfacet
facet normal -0.964326 -0.264717 -1.29525e-15
  outer loop
    vertex 14.166248591838 57.68009441544729 18.56321526720345
    vertex 13.99522127983623 58.3031224805966 17.46283287367448
    vertex 14.33455341917608 57.06698397300144 17.45702829333741
  endloop
endfacet
facet normal -0.964326 -0.264717 -5.30038e-16
  outer loop
    vertex 17.88826159754578 44.12133275179751 7.444571712645664
    vertex 18.05491459244554 43.51423969894839 6.339634819310916
    vertex 18.22741549979053 42.88584353647735 7.441747032860398
  endloop
endfacet
facet normal -0.964326 -0.264717 1.24868e-15
  outer loop
    vertex 14.33242264770853 57.07474606906177 13.03538326268139
    vertex 13.99309839357097 58.31085585199146 13.03976851386645
    vertex 14.16158832918736 57.69707108653174 11.92778713818678
  endloop
endfacet
facet normal -0.964326 -0.264717 -2.5529e-16
  outer loop
    vertex 12.29820542812304 64.4851087975518 15.27276788567073
    vertex 12.46702543179729 63.87012164130988 14.16845972761777
    vertex 12.63671580020413 63.25196387068496 15.27470307971684
  endloop
endfacet
facet normal -0.964326 -0.264717 8.19005e-16
  outer loop
    vertex 16.84845186468323 47.90921106436823 20.7794391795537
    vertex 17.18781772984324 46.6729496984282 20.77945449692507
    vertex 17.01813653260204 47.29107405980685 21.88971225296381
  endloop
endfacet
facet normal -0.964326 -0.264717 6.14774e-16
  outer loop
    vertex 16.69933097685895 48.45243715572809 6.356501911660126
    vertex 16.87043470716063 47.82913070962911 7.462505918621691
    vertex 16.53088874316432 49.06604814990141 7.467929377273283
  endloop
endfacet
facet normal -0.964326 -0.264717 9.16274e-16
  outer loop
    vertex 13.47724474679754 60.19003699380895 7.521576685255853
    vertex 13.64827382462281 59.5670024960169 8.628903291604319
    vertex 13.30900913105364 60.80289530830458 8.63594647385535
  endloop
endfacet
facet normal -0.964326 -0.264717 -1.79172e-15
  outer loop
    vertex 16.70981331968576 48.41425147828756 17.41657942397424
    vertex 16.53995399796187 49.03302472171033 16.31297471739553
    vertex 16.8789708158863 47.79803488498563 16.30663423000553
  endloop
endfacet
facet normal -0.964326 -0.264717 -1.11875e-15
  outer loop
    vertex 15.86099484577186 51.50637591897392 16.32297404139156
    vertex 16.03096085052428 50.88721404451869 15.21555791697249
    vertex 16.19997978678431 50.27150220528572 16.31680036019157
  endloop
endfacet
facet normal -0.964326 -0.264717 2.19087e-15
  outer loop
    vertex 16.03122707666625 50.88624422071582 17.42790753987944
    vertex 15.86099484577186 51.50637591897392 16.32297404139156
    vertex 16.19997978678431 50.27150220528572 16.31680036019157
  endloop
endfacet
facet normal -0.964326 -0.264717 -1.15653e-15
  outer loop
    vertex 18.22741549979053 42.88584353647735 7.441747032860398
    vertex 18.56649755544411 41.65061604802503 7.436525991303572
    vertex 18.39836348200269 42.26310445841877 8.544522498553201
  endloop
endfacet
facet normal -0.964326 -0.264717 7.20411e-16
  outer loop
    vertex 16.67876120154443 48.52736990865959 21.89300547907894
    vertex 16.84845186468323 47.90921106436823 20.7794391795537
    vertex 17.01813653260204 47.29107405980685 21.88971225296381
  endloop
endfacet
facet normal -0.964326 -0.264717 -1.12301e-15
  outer loop
    vertex 17.52721335642982 45.4365799158628 23
    vertex 17.35751899788555 46.05475222198837 21.89166478991023
    vertex 17.69690048975099 44.81843393019284 21.89137483892213
  endloop
endfacet
facet normal -0.964326 -0.264717 -1.38286e-15
  outer loop
    vertex 16.35925245987032 49.6912946104724 6.360269822702421
    vertex 16.53088874316432 49.06604814990141 7.467929377273283
    vertex 16.19098640518131 50.30426380969664 7.472240951592281
  endloop
endfacet
facet normal -0.964326 -0.264717 1.30679e-15
  outer loop
    vertex 15.17297560980812 54.01273170712757 7.48969182253092
    vertex 15.00581730234171 54.62166554146947 8.60178493622673
    vertex 14.83356924303427 55.24914061466087 7.49415195739442
  endloop
endfacet
facet normal -0.964326 -0.264717 1.35061e-15
  outer loop
    vertex 17.55734233424193 45.32682435383296 16.29524139830175
    vertex 17.89670937405197 44.09055870881066 16.29049003370081
    vertex 17.72746810116986 44.7070804885955 17.39892520697069
  endloop
endfacet
facet normal -0.964326 -0.264717 2.14756e-15
  outer loop
    vertex 13.14843827844461 61.38783198566607 18.58882044446607
    vertex 12.97412876644007 62.02281663653974 19.6773611215748
    vertex 12.80944125257607 62.62274972275858 18.58604010175892
  endloop
endfacet
facet normal -0.964326 -0.264717 1.349e-15
  outer loop
    vertex 13.65584711974382 59.53941406379036 17.46875210190483
    vertex 13.82407209355361 58.92659451634042 16.3584546546825
    vertex 13.99522127983623 58.3031224805966 17.46283287367448
  endloop
endfacet
facet normal -0.964326 -0.264717 3.12581e-16
  outer loop
    vertex 13.14366794033857 61.40520964590951 11.94314846608565
    vertex 13.31211704866352 60.79157360844005 10.8319414205977
    vertex 13.48292835146633 60.16933243394411 11.93780305226483
  endloop
endfacet
facet normal -0.964326 -0.264717 1.56137e-16
  outer loop
    vertex 13.99309839357097 58.31085585199146 13.03976851386645
    vertex 13.82227891348539 58.93312681516036 11.93281784929813
    vertex 14.16158832918736 57.69707108653174 11.92778713818678
  endloop
endfacet
facet normal -0.964326 -0.264717 5.85579e-17
  outer loop
    vertex 13.6514471314156 59.55544259270033 10.8255196643908
    vertex 13.99073629346383 58.31946064523891 10.82129727533023
    vertex 13.82227891348539 58.93312681516036 11.93281784929813
  endloop
endfacet
facet normal -0.964326 -0.264717 -2.1301e-16
  outer loop
    vertex 16.0164853787639 50.93994612021721 6.35687725191395
    vertex 16.19098640518131 50.30426380969664 7.472240951592281
    vertex 15.85153472839579 51.5408377751296 7.476888774303868
  endloop
endfacet
facet normal -0.964326 -0.264717 -2.36938e-15
  outer loop
    vertex 16.00000130962994 50.99999522920521 21.89405763002272
    vertex 16.16969430180754 50.38182790055826 20.77943489508466
    vertex 16.33938157640575 49.76368140023619 21.8942766427276
  endloop
endfacet
facet normal -0.964326 -0.264717 -1.9913e-17
  outer loop
    vertex 10.77696381830235 70.02677466189857 9.782474114098605
    vertex 10.94324728581276 69.42102774453922 8.681024853852612
    vertex 11.11291418939289 68.8029554529259 9.776109508965092
  endloop
endfacet
facet normal -0.964326 -0.264717 -8.3732e-16
  outer loop
    vertex 16.53088874316432 49.06604814990141 7.467929377273283
    vertex 16.36308891029898 49.67731896962515 8.580138752884384
    vertex 16.19098640518131 50.30426380969664 7.472240951592281
  endloop
endfacet
facet normal -0.964326 -0.264717 -3.7051e-16
  outer loop
    vertex 15.85153472839579 51.5408377751296 7.476888774303868
    vertex 15.68367059599439 52.15234282887756 8.592124018931329
    vertex 15.51261898830282 52.77545939975403 7.483995296647804
  endloop
endfacet
facet normal -0.964326 -0.264717 8.80886e-17
  outer loop
    vertex 15.01324171867288 54.59461945340594 17.44536310335934
    vertex 14.84342025162599 55.21325479764818 16.34173108427958
    vertex 15.18251654990785 53.97797542533569 16.33523931629058
  endloop
endfacet
facet normal -0.964326 -0.264717 -1.68784e-15
  outer loop
    vertex 11.78346226021311 66.36024462350939 7.55359207379544
    vertex 11.61271396940915 66.98225625429524 6.450134422071633
    vertex 11.94945268484998 65.75556521947509 6.446534432345866
  endloop
endfacet
facet normal -0.964326 -0.264717 1.80471e-15
  outer loop
    vertex 11.61271396940915 66.98225625429524 6.450134422071633
    vertex 11.44077938415332 67.60858938629862 5.322020799737718
    vertex 11.77938660431169 66.37509165572169 5.341586626220838
  endloop
endfacet
facet normal -0.964326 -0.264717 -1.07723e-15
  outer loop
    vertex 17.04906720492455 47.17839803920344 17.41053246260907
    vertex 17.21846530703462 46.56130495294533 16.30181368192702
    vertex 17.38829029765579 45.94265677282534 17.40482024423499
  endloop
endfacet
facet normal -0.964326 -0.264717 1.80277e-15
  outer loop
    vertex 16.70221130616632 48.44194452753698 8.574180303330039
    vertex 16.5346712403161 49.0522690531342 9.682789577997969
    vertex 16.36308891029898 49.67731896962515 8.580138752884384
  endloop
endfacet
facet normal -0.964326 -0.264717 -1.629e-15
  outer loop
    vertex 14.166248591838 57.68009441544729 18.56321526720345
    vertex 13.8269280697998 58.91619060287215 18.56892790649573
    vertex 13.99522127983623 58.3031224805966 17.46283287367448
  endloop
endfacet
facet normal -0.964326 -0.264717 -1.09341e-15
  outer loop
    vertex 13.82227891348539 58.93312681516036 11.93281784929813
    vertex 13.99073629346383 58.31946064523891 10.82129727533023
    vertex 14.16158832918736 57.69707108653174 11.92778713818678
  endloop
endfacet
facet normal -0.964326 -0.264717 7.62258e-16
  outer loop
    vertex 15.69190748151211 52.12233703163444 17.43374519872854
    vertex 15.86099484577186 51.50637591897392 16.32297404139156
    vertex 16.03122707666625 50.88624422071582 17.42790753987944
  endloop
endfacet
facet normal -0.964326 -0.264717 -1.37563e-15
  outer loop
    vertex 14.16158832918736 57.69707108653174 11.92778713818678
    vertex 13.99073629346383 58.31946064523891 10.82129727533023
    vertex 14.33008461180576 57.08326319985044 10.81508088064335
  endloop
endfacet
facet normal -0.964326 -0.264717 3.89405e-17
  outer loop
    vertex 16.36308891029898 49.67731896962515 8.580138752884384
    vertex 16.02350036465221 50.91439152876695 8.586734295890398
    vertex 16.19098640518131 50.30426380969664 7.472240951592281
  endloop
endfacet
facet normal -0.964326 -0.264717 -1.03613e-15
  outer loop
    vertex 17.72007065598163 44.73402832463834 8.556069546757803
    vertex 17.38107242983751 45.96895043416335 8.562363417874515
    vertex 17.54905310921552 45.35702081642917 7.45059409015817
  endloop
endfacet
facet normal -0.964326 -0.264717 4.89371e-16
  outer loop
    vertex 17.38829029765579 45.94265677282534 17.40482024423499
    vertex 17.55734233424193 45.32682435383296 16.29524139830175
    vertex 17.72746810116986 44.7070804885955 17.39892520697069
  endloop
endfacet
facet normal -0.964326 -0.264717 -1.87911e-15
  outer loop
    vertex 15.52204160781257 52.74113414296849 16.329700620757
    vertex 15.86099484577186 51.50637591897392 16.32297404139156
    vertex 15.69190748151211 52.12233703163444 17.43374519872854
  endloop
endfacet
facet normal -0.964326 -0.264717 2.68463e-15
  outer loop
    vertex 13.99522127983623 58.3031224805966 17.46283287367448
    vertex 14.16357482250319 57.68983457516694 16.35500369234677
    vertex 14.33455341917608 57.06698397300144 17.45702829333741
  endloop
endfacet
facet normal -0.964326 -0.264717 -1.95012e-15
  outer loop
    vertex 17.71726609585645 44.74424493652293 6.340134372671918
    vertex 18.05491459244554 43.51423969894839 6.339634819310916
    vertex 17.88826159754578 44.12133275179751 7.444571712645664
  endloop
endfacet
facet normal -0.964326 -0.264717 9.01141e-16
  outer loop
    vertex 18.06659152037941 43.47170231861786 17.39304477045744
    vertex 18.2354802952953 42.85646463856712 16.28393467547597
    vertex 18.40563609723699 42.23661136006527 17.3872367400715
  endloop
endfacet
facet normal -0.964326 -0.264717 -4.68073e-16
  outer loop
    vertex 14.16158832918736 57.69707108653174 11.92778713818678
    vertex 14.33008461180576 57.08326319985044 10.81508088064335
    vertex 14.50092113793521 56.46093014037888 11.92275465507435
  endloop
endfacet
facet normal -0.964326 -0.264717 -1.64003e-15
  outer loop
    vertex 12.4469905318138 63.94310591982114 20.78389619896015
    vertex 12.79407959255409 62.6787100556958 20.77552602227352
    vertex 12.60606504623048 63.36362018873183 21.89009837179875
  endloop
endfacet
facet normal -0.964326 -0.264717 -3.32345e-16
  outer loop
    vertex 14.33242264770853 57.07474606906177 13.03538326268139
    vertex 14.16293788800893 57.69215483653891 14.14515700294396
    vertex 13.99309839357097 58.31085585199146 13.03976851386645
  endloop
endfacet
facet normal -0.964326 -0.264717 -1.12251e-15
  outer loop
    vertex 16.00229038556679 50.99165645257813 4.112586846264443
    vertex 15.83714634619336 51.5932525960099 5.226087582360248
    vertex 15.66220065989728 52.23055473894564 4.106837412640017
  endloop
endfacet
facet normal -0.964326 -0.264717 -1.62395e-15
  outer loop
    vertex 14.67175820641828 55.83859510519055 13.03035808166419
    vertex 14.50260226064037 56.45480605052435 14.1395070457356
    vertex 14.33242264770853 57.07474606906177 13.03538326268139
  endloop
endfacet
facet normal -0.964326 -0.264717 8.81849e-16
  outer loop
    vertex 18.2354802952953 42.85646463856712 16.28393467547597
    vertex 18.57459998446175 41.62110005660363 16.27935873549038
    vertex 18.40563609723699 42.23661136006527 17.3872367400715
  endloop
endfacet
facet normal -0.964326 -0.264717 -2.59577e-16
  outer loop
    vertex 15.67604118246388 52.180135692453 6.353089154922856
    vertex 15.85153472839579 51.5408377751296 7.476888774303868
    vertex 15.51261898830282 52.77545939975403 7.483995296647804
  endloop
endfacet
facet normal -0.964326 -0.264717 -6.92339e-16
  outer loop
    vertex 14.15582301718845 57.71807329452779 7.509692460342018
    vertex 14.32692588254169 57.09476999931242 8.617140960913527
    vertex 13.98759253096023 58.33091292293059 8.622668810028898
  endloop
endfacet
facet normal -0.964326 -0.264717 1.13174e-15
  outer loop
    vertex 14.33008461180576 57.08326319985044 10.81508088064335
    vertex 14.6694248325931 55.84709525269656 10.81119936437347
    vertex 14.50092113793521 56.46093014037888 11.92275465507435
  endloop
endfacet
facet normal -0.964326 -0.264717 3.90664e-16
  outer loop
    vertex 17.18783261055652 46.67289549011552 23
    vertex 17.35751899788555 46.05475222198837 21.89166478991023
    vertex 17.52721335642982 45.4365799158628 23
  endloop
endfacet
facet normal -0.964326 -0.264717 -9.39465e-16
  outer loop
    vertex 16.37053027269339 49.65021114947407 17.42225531683715
    vertex 16.53995399796187 49.03302472171033 16.31297471739553
    vertex 16.70981331968576 48.41425147828756 17.41657942397424
  endloop
endfacet
facet normal -0.964326 -0.264717 7.71053e-16
  outer loop
    vertex 14.98386763940887 54.70162502786766 4.110800450202157
    vertex 14.82094448594622 55.29513080119591 5.230555964648649
    vertex 14.64404250781172 55.93955943582876 4.106875734333125
  endloop
endfacet
facet normal -0.964326 -0.264717 1.20977e-15
  outer loop
    vertex 15.34500782720186 53.38604291519323 8.59781429323343
    vertex 15.00581730234171 54.62166554146947 8.60178493622673
    vertex 15.17297560980812 54.01273170712757 7.48969182253092
  endloop
endfacet
facet normal -0.964326 -0.264717 -2.38861e-15
  outer loop
    vertex 16.84845186468323 47.90921106436824 3
    vertex 17.01814223761988 47.29105327724187 4.110288979210817
    vertex 16.67876149174658 48.52736885149459 4.110288979210817
  endloop
endfacet
facet normal -0.964326 -0.264717 -1.6964e-15
  outer loop
    vertex 17.18783261055652 46.67289549011552 3
    vertex 17.01814223761988 47.29105327724187 4.110288979210817
    vertex 16.84845186468323 47.90921106436824 3
  endloop
endfacet
facet normal -0.964326 -0.264717 2.4995e-15
  outer loop
    vertex 13.65563244722755 59.54019608509965 19.67529809648315
    vertex 13.31783043789319 60.77076054767481 19.68081435068707
    vertex 13.48764123530841 60.15216407137652 18.58159662385376
  endloop
endfacet
facet normal -0.964326 -0.264717 -1.58446e-15
  outer loop
    vertex 15.35257878976114 53.35846298015585 17.43948703952346
    vertex 15.52204160781257 52.74113414296849 16.329700620757
    vertex 15.69190748151211 52.12233703163444 17.43374519872854
  endloop
endfacet
facet normal -0.964326 -0.264717 9.00338e-16
  outer loop
    vertex 14.33455341917608 57.06698397300144 17.45702829333741
    vertex 14.50333869784878 56.45212331497944 16.34787170734516
    vertex 14.67390008915595 55.83079253236048 17.45112114362048
  endloop
endfacet
facet normal -0.964326 -0.264717 2.12683e-15
  outer loop
    vertex 19.76044449033915 37.30123792805026 17.36467886411592
    vertex 19.92844061784558 36.68925203499109 16.25763079553233
    vertex 20.09834996741479 36.07029654727469 17.35885117354511
  endloop
endfacet
facet normal -0.964326 -0.264717 -7.42827e-16
  outer loop
    vertex 15.18251654990785 53.97797542533569 16.33523931629058
    vertex 15.52204160781257 52.74113414296849 16.329700620757
    vertex 15.35257878976114 53.35846298015585 17.43948703952346
  endloop
endfacet
facet normal -0.964326 -0.264717 8.1368e-16
  outer loop
    vertex 14.50558742264803 56.4439315317822 18.55834015880285
    vertex 14.33455341917608 57.06698397300144 17.45702829333741
    vertex 14.67390008915595 55.83079253236048 17.45112114362048
  endloop
endfacet
facet normal -0.964326 -0.264717 6.6408e-16
  outer loop
    vertex 16.70221130616632 48.44194452753698 8.574180303330039
    vertex 16.36308891029898 49.67731896962515 8.580138752884384
    vertex 16.53088874316432 49.06604814990141 7.467929377273283
  endloop
endfacet
facet normal -0.964326 -0.264717 4.67308e-16
  outer loop
    vertex 15.51261898830282 52.77545939975403 7.483995296647804
    vertex 15.34500782720186 53.38604291519323 8.59781429323343
    vertex 15.17297560980812 54.01273170712757 7.48969182253092
  endloop
endfacet
facet normal -0.964326 -0.264717 2.57788e-15
  outer loop
    vertex 14.84025498995998 55.22478539371721 11.91793204691721
    vertex 14.6694248325931 55.84709525269656 10.81119936437347
    vertex 15.00891943304106 54.61036492249328 10.80832147400033
  endloop
endfacet
facet normal -0.964326 -0.264717 1.36532e-15
  outer loop
    vertex 13.8165187282071 58.95411034724556 7.515660684192358
    vertex 13.64827382462281 59.5670024960169 8.628903291604319
    vertex 13.47724474679754 60.19003699380895 7.521576685255853
  endloop
endfacet
facet normal -0.964326 -0.264717 -7.80106e-17
  outer loop
    vertex 14.49486892466617 56.4829774887161 7.50232103827013
    vertex 14.32692588254169 57.09476999931242 8.617140960913527
    vertex 14.15582301718845 57.71807329452779 7.509692460342018
  endloop
endfacet
facet normal -0.964326 -0.264717 -1.83283e-16
  outer loop
    vertex 15.33959132426642 53.40577446160091 6.365629197045649
    vertex 15.51261898830282 52.77545939975403 7.483995296647804
    vertex 15.17297560980812 54.01273170712757 7.48969182253092
  endloop
endfacet
facet normal -0.964326 -0.264717 -1.08778e-15
  outer loop
    vertex 13.96371552476022 58.41789344551633 21.88971102078918
    vertex 14.14224186071956 57.76754750737874 20.77912135339318
    vertex 14.30309627063352 57.18157787126363 21.89719652428052
  endloop
endfacet
facet normal -0.964326 -0.264717 -5.87029e-16
  outer loop
    vertex 14.67390008915595 55.83079253236048 17.45112114362048
    vertex 14.84342025162599 55.21325479764818 16.34173108427958
    vertex 15.01324171867288 54.59461945340594 17.44536310335934
  endloop
endfacet
facet normal -0.964326 -0.264717 1.12802e-15
  outer loop
    vertex 15.3212385082534 53.47263114850547 21.89509426298504
    vertex 15.50030437699195 52.82031976952931 20.78224199805917
    vertex 15.66061947239835 52.23631477912028 21.89567570151195
  endloop
endfacet
facet normal -0.964326 -0.264717 -1.79787e-15
  outer loop
    vertex 17.03870234331191 47.21615574936375 6.350981924671039
    vertex 17.37800571756579 45.98012202886748 6.345999251371282
    vertex 17.20978860109205 46.59291295316466 7.456557361589088
  endloop
endfacet
facet normal -0.964326 -0.264717 1.35269e-15
  outer loop
    vertex 15.68367059599439 52.15234282887756 8.592124018931329
    vertex 15.51610691807734 52.76275336986113 9.701602004956712
    vertex 15.34500782720186 53.38604291519323 8.59781429323343
  endloop
endfacet
facet normal -0.964326 -0.264717 1.01248e-15
  outer loop
    vertex 14.83356924303427 55.24914061466087 7.49415195739442
    vertex 14.66621028589205 55.85880538710754 8.612314726692544
    vertex 14.49486892466617 56.4829774887161 7.50232103827013
  endloop
endfacet
facet normal -0.964326 -0.264717 -6.84456e-16
  outer loop
    vertex 15.01324171867288 54.59461945340594 17.44536310335934
    vertex 15.18251654990785 53.97797542533569 16.33523931629058
    vertex 15.35257878976114 53.35846298015585 17.43948703952346
  endloop
endfacet
facet normal -0.964326 -0.264717 -3.31773e-16
  outer loop
    vertex 16.19997978678431 50.27150220528572 16.31680036019157
    vertex 16.53995399796187 49.03302472171033 16.31297471739553
    vertex 16.37053027269339 49.65021114947407 17.42225531683715
  endloop
endfacet
facet normal -0.964326 -0.264717 9.76407e-16
  outer loop
    vertex 16.84845186468323 47.90921106436824 23
    vertex 16.67876120154443 48.52736990865959 21.89300547907894
    vertex 17.01813653260204 47.29107405980685 21.88971225296381
  endloop
endfacet
facet normal -0.964326 -0.264717 2.73796e-16
  outer loop
    vertex 16.50907111880993 49.14552663862095 23
    vertex 16.67876120154443 48.52736990865959 21.89300547907894
    vertex 16.84845186468323 47.90921106436824 23
  endloop
endfacet
facet normal -0.964326 -0.264717 -1.46296e-15
  outer loop
    vertex 14.64247701650681 55.94526229701091 21.89612716663889
    vertex 14.82156510518124 55.29286997398262 20.78674962500205
    vertex 14.98185776238011 54.70894672275817 21.8970608276593
  endloop
endfacet
facet normal -0.964326 -0.264717 3.89336e-16
  outer loop
    vertex 14.66621028589205 55.85880538710754 8.612314726692544
    vertex 14.32692588254169 57.09476999931242 8.617140960913527
    vertex 14.49486892466617 56.4829774887161 7.50232103827013
  endloop
endfacet
facet normal -0.964326 -0.264717 -1.95074e-17
  outer loop
    vertex 15.01109056308092 54.60245580591952 13.0253964866545
    vertex 14.84260518021198 55.21622398637064 14.13781893097894
    vertex 14.67175820641828 55.83859510519055 13.03035808166419
  endloop
endfacet
facet normal -0.964326 -0.264717 1.01803e-15
  outer loop
    vertex 16.00000130962994 50.99999522920521 21.89405763002272
    vertex 16.33938157640575 49.76368140023619 21.8942766427276
    vertex 16.16969037293664 50.38184221287367 23
  endloop
endfacet
facet normal -0.964326 -0.264717 4.47784e-16
  outer loop
    vertex 15.83030962706334 51.61815778712639 3
    vertex 16.00229038556679 50.99165645257813 4.112586846264443
    vertex 15.66220065989728 52.23055473894564 4.106837412640017
  endloop
endfacet
facet normal -0.964326 -0.264717 9.34011e-16
  outer loop
    vertex 16.16969037293664 50.38184221287367 3
    vertex 16.00229038556679 50.99165645257813 4.112586846264443
    vertex 15.83030962706334 51.61815778712639 3
  endloop
endfacet
facet normal -0.964326 -0.264717 6.44766e-16
  outer loop
    vertex 16.03122707666625 50.88624422071582 17.42790753987944
    vertex 16.19997978678431 50.27150220528572 16.31680036019157
    vertex 16.37053027269339 49.65021114947407 17.42225531683715
  endloop
endfacet
facet normal -0.964326 -0.264717 -2.57884e-15
  outer loop
    vertex 12.77588291420369 62.74499795540086 3
    vertex 12.60811643719438 63.35614726450619 4.116532672092703
    vertex 12.43650216833039 63.98131352965359 3
  endloop
endfacet
facet normal -0.964326 -0.264717 -5.77445e-16
  outer loop
    vertex 16.0164853787639 50.93994612021721 6.35687725191395
    vertex 16.35925245987032 49.6912946104724 6.360269822702421
    vertex 16.19098640518131 50.30426380969664 7.472240951592281
  endloop
endfacet
facet normal -0.964326 -0.264717 -8.8274e-16
  outer loop
    vertex 14.50558742264803 56.4439315317822 18.55834015880285
    vertex 14.166248591838 57.68009441544729 18.56321526720345
    vertex 14.33455341917608 57.06698397300144 17.45702829333741
  endloop
endfacet
facet normal -0.964326 -0.264717 5.21352e-16
  outer loop
    vertex 14.99847885415425 54.64839845986664 6.370884312126164
    vertex 15.17297560980812 54.01273170712757 7.48969182253092
    vertex 14.83356924303427 55.24914061466087 7.49415195739442
  endloop
endfacet
facet normal -0.964326 -0.264717 1.92934e-15
  outer loop
    vertex 13.8269280697998 58.91619060287215 18.56892790649573
    vertex 13.65563244722755 59.54019608509965 19.67529809648315
    vertex 13.48764123530841 60.15216407137652 18.58159662385376
  endloop
endfacet
facet normal -0.964326 -0.264717 1.27193e-16
  outer loop
    vertex 16.50907111880993 49.14552663862095 23
    vertex 16.33938157640575 49.76368140023619 21.8942766427276
    vertex 16.67876120154443 48.52736990865959 21.89300547907894
  endloop
endfacet
facet normal -0.964326 -0.264717 -1.11978e-15
  outer loop
    vertex 19.42203472578771 38.53401635605904 17.37019470611561
    vertex 19.59029014654192 37.92108589474014 16.26227752284847
    vertex 19.76044449033915 37.30123792805026 17.36467886411592
  endloop
endfacet
facet normal -0.964326 -0.264717 1.13125e-15
  outer loop
    vertex 14.33242264770853 57.07474606906177 13.03538326268139
    vertex 14.16158832918736 57.69707108653174 11.92778713818678
    vertex 14.50092113793521 56.46093014037888 11.92275465507435
  endloop
endfacet
facet normal -0.964326 -0.264717 3.10398e-15
  outer loop
    vertex 13.48764123530841 60.15216407137652 18.58159662385376
    vertex 13.31783043789319 60.77076054767481 19.68081435068707
    vertex 13.14843827844461 61.38783198566607 18.58882044446607
  endloop
endfacet
facet normal -0.964326 -0.264717 -1.56221e-16
  outer loop
    vertex 15.68367059599439 52.15234282887756 8.592124018931329
    vertex 15.34500782720186 53.38604291519323 8.59781429323343
    vertex 15.51261898830282 52.77545939975403 7.483995296647804
  endloop
endfacet
facet normal -0.964326 -0.264717 7.62932e-16
  outer loop
    vertex 16.8789708158863 47.79803488498563 16.30663423000553
    vertex 17.21846530703462 46.56130495294533 16.30181368192702
    vertex 17.04906720492455 47.17839803920344 17.41053246260907
  endloop
endfacet
facet normal -0.964326 -0.264717 -1.95653e-16
  outer loop
    vertex 16.70981331968576 48.41425147828756 17.41657942397424
    vertex 16.8789708158863 47.79803488498563 16.30663423000553
    vertex 17.04906720492455 47.17839803920344 17.41053246260907
  endloop
endfacet
facet normal -0.964326 -0.264717 8.59903e-16
  outer loop
    vertex 15.49092888119005 52.85447336137911 3
    vertex 15.32431902414956 53.46140926916947 4.107765865711414
    vertex 15.15154813531675 54.09078893563183 3
  endloop
endfacet
facet normal -0.964326 -0.264717 1.25684e-15
  outer loop
    vertex 15.66220065989728 52.23055473894564 4.106837412640017
    vertex 15.32431902414956 53.46140926916947 4.107765865711414
    vertex 15.49092888119005 52.85447336137911 3
  endloop
endfacet
facet normal -0.964326 -0.264717 -1.01547e-15
  outer loop
    vertex 14.50333869784878 56.45212331497944 16.34787170734516
    vertex 14.84342025162599 55.21325479764818 16.34173108427958
    vertex 14.67390008915595 55.83079253236048 17.45112114362048
  endloop
endfacet
facet normal -0.964326 -0.264717 -9.84709e-16
  outer loop
    vertex 14.81216738944346 55.32710450988455 3
    vertex 14.98386763940887 54.70162502786766 4.110800450202157
    vertex 14.64404250781172 55.93955943582876 4.106875734333125
  endloop
endfacet
facet normal -0.964326 -0.264717 3.03906e-15
  outer loop
    vertex 13.14843827844461 61.38783198566607 18.58882044446607
    vertex 13.31783043789319 60.77076054767481 19.68081435068707
    vertex 12.97412876644007 62.02281663653974 19.6773611215748
  endloop
endfacet
facet normal -0.964326 -0.264717 2.98677e-15
  outer loop
    vertex 14.50092113793521 56.46093014037888 11.92275465507435
    vertex 14.6694248325931 55.84709525269656 10.81119936437347
    vertex 14.84025498995998 55.22478539371721 11.91793204691721
  endloop
endfacet
facet normal -0.964326 -0.264717 -5.86619e-17
  outer loop
    vertex 17.37800571756579 45.98012202886748 6.345999251371282
    vertex 17.71726609585645 44.74424493652293 6.340134372671918
    vertex 17.54905310921552 45.35702081642917 7.45059409015817
  endloop
endfacet
facet normal -0.964326 -0.264717 1.94547e-17
  outer loop
    vertex 15.32431902414956 53.46140926916947 4.107765865711414
    vertex 14.98386763940887 54.70162502786766 4.110800450202157
    vertex 15.15154813531675 54.09078893563183 3
  endloop
endfacet
facet normal -0.964326 -0.264717 -3.6996e-16
  outer loop
    vertex 16.35925245987032 49.6912946104724 6.360269822702421
    vertex 16.69933097685895 48.45243715572809 6.356501911660126
    vertex 16.53088874316432 49.06604814990141 7.467929377273283
  endloop
endfacet
facet normal -0.964326 -0.264717 -6.63877e-16
  outer loop
    vertex 16.69933097685895 48.45243715572809 6.356501911660126
    vertex 17.03870234331191 47.21615574936375 6.350981924671039
    vertex 16.87043470716063 47.82913070962911 7.462505918621691
  endloop
endfacet
facet normal -0.964326 -0.264717 1.11174e-15
  outer loop
    vertex 14.67175820641828 55.83859510519055 13.03035808166419
    vertex 14.33242264770853 57.07474606906177 13.03538326268139
    vertex 14.50092113793521 56.46093014037888 11.92275465507435
  endloop
endfacet
facet normal -0.964326 -0.264717 -9.76327e-18
  outer loop
    vertex 15.01109056308092 54.60245580591952 13.0253964866545
    vertex 15.18192240355614 53.98013981561692 14.1307674532257
    vertex 14.84260518021198 55.21622398637064 14.13781893097894
  endloop
endfacet
facet normal -0.964326 -0.264717 1.49349e-15
  outer loop
    vertex 13.48292835146633 60.16933243394411 11.93780305226483
    vertex 13.31211704866352 60.79157360844005 10.8319414205977
    vertex 13.6514471314156 59.55544259270033 10.8255196643908
  endloop
endfacet
facet normal -0.964326 -0.264717 3.72487e-16
  outer loop
    vertex 12.46568830369033 63.87499260798525 11.95517947127455
    vertex 12.63366712568289 63.26306975644091 10.8462293601672
    vertex 12.80462855431611 62.64028169499133 11.94869618696247
  endloop
endfacet
facet normal -0.964326 -0.264717 8.22333e-16
  outer loop
    vertex 16.16969037293664 50.38184221287367 23
    vertex 16.33938157640575 49.76368140023619 21.8942766427276
    vertex 16.50907111880993 49.14552663862095 23
  endloop
endfacet
facet normal -0.964326 -0.264717 -3.2704e-16
  outer loop
    vertex 15.67604118246388 52.180135692453 6.353089154922856
    vertex 16.0164853787639 50.93994612021721 6.35687725191395
    vertex 15.85153472839579 51.5408377751296 7.476888774303868
  endloop
endfacet
facet normal -0.964326 -0.264717 -1.52021e-15
  outer loop
    vertex 15.15154813531675 54.09078893563183 3
    vertex 14.98386763940887 54.70162502786766 4.110800450202157
    vertex 14.81216738944346 55.32710450988455 3
  endloop
endfacet
facet normal -0.964326 -0.264717 -5.86857e-17
  outer loop
    vertex 15.5212627708966 52.74397133459095 14.12231731379379
    vertex 15.18192240355614 53.98013981561692 14.1307674532257
    vertex 15.35041382626172 53.36634963290373 13.01973029444622
  endloop
endfacet
facet normal -0.964326 -0.264717 -4.48473e-16
  outer loop
    vertex 13.45464440595028 60.27236680689542 3
    vertex 13.62433477888693 59.65420901976903 4.110288979210862
    vertex 13.28495403301363 60.89052459402177 4.110288979210818
  endloop
endfacet
facet normal -0.964326 -0.264717 -7.40956e-16
  outer loop
    vertex 13.79402515182357 59.03605123264271 3
    vertex 13.62433477888693 59.65420901976903 4.110288979210862
    vertex 13.45464440595028 60.27236680689542 3
  endloop
endfacet
facet normal -0.964326 -0.264717 1.12641e-15
  outer loop
    vertex 15.83030962706334 51.61815778712639 23
    vertex 15.66061947239835 52.23631477912028 21.89567570151195
    vertex 16.00000130962994 50.99999522920521 21.89405763002272
  endloop
endfacet
facet normal -0.964326 -0.264717 -1.55086e-15
  outer loop
    vertex 14.13340589769687 57.79973565838999 23
    vertex 14.30309627063352 57.18157787126363 21.89719652428052
    vertex 14.47278664357016 56.56342008413726 23
  endloop
endfacet
facet normal -0.964326 -0.264717 1.00064e-15
  outer loop
    vertex 14.64247701650681 55.94526229701091 21.89612716663889
    vertex 14.98185776238011 54.70894672275817 21.8970608276593
    vertex 14.81216738944346 55.32710450988455 23
  endloop
endfacet
facet normal -0.964326 -0.264717 -1.6964e-15
  outer loop
    vertex 12.43650216833039 63.98131352965359 3
    vertex 12.26681179539374 64.59947131677994 4.110288979210818
    vertex 12.09712142245709 65.2176291039063 3
  endloop
endfacet
facet normal -0.964326 -0.264717 1.24248e-15
  outer loop
    vertex 14.47278664357016 56.56342008413726 3
    vertex 14.30770154058454 57.16480153072774 4.115158283602121
    vertex 14.13340589769687 57.79973565838999 3
  endloop
endfacet
facet normal -0.964326 -0.264717 -2.74213e-16
  outer loop
    vertex 18.884736339923 40.49131761885192 3
    vertex 18.71530858100663 41.10851874061871 4.105310863148706
    vertex 18.54535559404971 41.72763319310464 3
  endloop
endfacet
facet normal -0.964326 -0.264717 -3.26336e-16
  outer loop
    vertex 14.13340589769687 57.79973565838999 3
    vertex 14.30770154058454 57.16480153072774 4.115158283602121
    vertex 13.96371552476022 58.41789344551634 4.110288979210817
  endloop
endfacet
facet normal -0.964326 -0.264717 -1.65774e-15
  outer loop
    vertex 17.86659410230311 44.20026434161008 3
    vertex 17.70322745237261 44.79538570921405 4.11006131866468
    vertex 17.52721335642982 45.4365799158628 3
  endloop
endfacet
facet normal -0.964326 -0.264717 -1.94376e-15
  outer loop
    vertex 18.884736339923 40.49131761885192 23
    vertex 19.0546845705931 39.87222049283942 21.88621143171789
    vertex 19.22411708579629 39.2550020445992 23
  endloop
endfacet
facet normal -0.964326 -0.264717 -1.85239e-15
  outer loop
    vertex 13.45464440595028 60.27236680689542 3
    vertex 13.28495403301363 60.89052459402177 4.110288979210818
    vertex 13.11526366007698 61.50868238114815 3
  endloop
endfacet
facet normal -0.964326 -0.264717 1.17453e-15
  outer loop
    vertex 15.83030962706334 51.61815778712639 23
    vertex 16.00000130962994 50.99999522920521 21.89405763002272
    vertex 16.16969037293664 50.38184221287367 23
  endloop
endfacet
facet normal -0.964326 -0.264717 1.90184e-15
  outer loop
    vertex 18.20597484817641 42.96394876735737 23
    vertex 18.03628393530385 43.58210852139312 21.89053141515629
    vertex 18.37566522111306 42.345790980231 21.88971102078918
  endloop
endfacet
facet normal -0.964326 -0.264717 2.39836e-15
  outer loop
    vertex 18.20597484817641 42.96394876735737 23
    vertex 18.37566522111306 42.345790980231 21.88971102078918
    vertex 18.54535559404971 41.72763319310464 23
  endloop
endfacet
facet normal -0.964326 -0.264717 1.86608e-15
  outer loop
    vertex 13.11526366007698 61.50868238114815 23
    vertex 13.29675544818399 60.84753372447261 21.89785880412722
    vertex 13.45464440595028 60.27236680689542 23
  endloop
endfacet
facet normal -0.964326 -0.264717 3.72947e-16
  outer loop
    vertex 14.81216738944346 55.32710450988455 23
    vertex 14.98185776238011 54.70894672275817 21.8970608276593
    vertex 15.15154813531675 54.09078893563183 23
  endloop
endfacet
facet normal -0.964326 -0.264717 -4.89903e-16
  outer loop
    vertex 19.05442671285965 39.87315983172557 4.105955216943187
    vertex 18.71530858100663 41.10851874061871 4.105310863148706
    vertex 18.884736339923 40.49131761885192 3
  endloop
endfacet
facet normal -0.964326 -0.264717 5.65885e-16
  outer loop
    vertex 17.86659410230311 44.20026434161008 23
    vertex 18.03628393530385 43.58210852139312 21.89053141515629
    vertex 18.20597484817641 42.96394876735737 23
  endloop
endfacet
facet normal -0.964326 -0.264717 -1.6286e-15
  outer loop
    vertex 14.47278664357016 56.56342008413726 23
    vertex 14.30309627063352 57.18157787126363 21.89719652428052
    vertex 14.64247701650681 55.94526229701091 21.89612716663889
  endloop
endfacet
facet normal -0.964326 -0.264717 -1.22843e-15
  outer loop
    vertex 13.96371552476022 58.41789344551634 4.110288979210817
    vertex 13.62433477888693 59.65420901976903 4.110288979210862
    vertex 13.79402515182357 59.03605123264271 3
  endloop
endfacet
facet normal -0.964326 -0.264717 8.01946e-16
  outer loop
    vertex 15.83030962706334 51.61815778712639 3
    vertex 15.66220065989728 52.23055473894564 4.106837412640017
    vertex 15.49092888119005 52.85447336137911 3
  endloop
endfacet
facet normal -0.964326 -0.264717 1.13442e-15
  outer loop
    vertex 14.81216738944346 55.32710450988455 3
    vertex 14.64404250781172 55.93955943582876 4.106875734333125
    vertex 14.47278664357016 56.56342008413726 3
  endloop
endfacet
facet normal -0.964326 -0.264717 -9.16446e-16
  outer loop
    vertex 14.13340589769687 57.79973565838999 3
    vertex 13.96371552476022 58.41789344551634 4.110288979210817
    vertex 13.79402515182357 59.03605123264271 3
  endloop
endfacet
facet normal -0.964326 -0.264717 2.02507e-15
  outer loop
    vertex 14.64404250781172 55.93955943582876 4.106875734333125
    vertex 14.30770154058454 57.16480153072774 4.115158283602121
    vertex 14.47278664357016 56.56342008413726 3
  endloop
endfacet
facet normal -0.964326 -0.264717 1.07606e-15
  outer loop
    vertex 13.96371552476022 58.41789344551633 21.88971102078918
    vertex 14.30309627063352 57.18157787126363 21.89719652428052
    vertex 14.13340589769687 57.79973565838999 23
  endloop
endfacet
facet normal -0.964326 -0.264717 4.81186e-16
  outer loop
    vertex 19.56349783166959 38.01868647034648 23
    vertex 19.73445891138703 37.39589967994726 21.87520923298828
    vertex 19.90287857754289 36.78237089609377 23
  endloop
endfacet
facet normal -0.964326 -0.264717 1.16993e-16
  outer loop
    vertex 16.84845186468323 47.90921106436824 23
    vertex 17.01813653260204 47.29107405980685 21.88971225296381
    vertex 17.18783261055652 46.67289549011552 23
  endloop
endfacet
facet normal -0.964326 -0.264717 -1.46149e-15
  outer loop
    vertex 18.54535559404971 41.72763319310464 3
    vertex 18.71530858100663 41.10851874061871 4.105310863148706
    vertex 18.3772409052347 42.34005098807357 4.11039962573623
  endloop
endfacet
facet normal -0.964326 -0.264717 2.15646e-16
  outer loop
    vertex 15.49092888119005 52.85447336137911 23
    vertex 15.66061947239835 52.23631477912028 21.89567570151195
    vertex 15.83030962706334 51.61815778712639 23
  endloop
endfacet
facet normal -0.964326 -0.264717 0
  outer loop
    vertex 14.47278664357016 56.56342008413726 23
    vertex 14.64247701650681 55.94526229701091 21.89612716663889
    vertex 14.81216738944346 55.32710450988455 23
  endloop
endfacet
facet normal -0.964326 -0.264717 -1.54041e-15
  outer loop
    vertex 16.84845186468323 47.90921106436824 3
    vertex 16.67876149174658 48.52736885149459 4.110288979210817
    vertex 16.50907111880993 49.14552663862095 3
  endloop
endfacet
facet normal -0.964326 -0.264717 -1.44452e-15
  outer loop
    vertex 17.69690048975099 44.81843393019284 21.89137483892213
    vertex 18.03628393530385 43.58210852139312 21.89053141515629
    vertex 17.86659410230311 44.20026434161008 23
  endloop
endfacet
facet normal -0.964326 -0.264717 2.76884e-15
  outer loop
    vertex 13.79402515182357 59.03605123264271 23
    vertex 13.96371552476022 58.41789344551633 21.88971102078918
    vertex 14.13340589769687 57.79973565838999 23
  endloop
endfacet
facet normal -0.964326 -0.264717 -2.63629e-15
  outer loop
    vertex 17.52721335642982 45.4365799158628 23
    vertex 17.69690048975099 44.81843393019284 21.89137483892213
    vertex 17.86659410230311 44.20026434161008 23
  endloop
endfacet
facet normal -0.964326 -0.264717 -2.63208e-15
  outer loop
    vertex 18.54535559404971 41.72763319310464 3
    vertex 18.3772409052347 42.34005098807357 4.11039962573623
    vertex 18.20597484817641 42.96394876735737 3
  endloop
endfacet
facet normal -0.964326 -0.264717 -2.41004e-15
  outer loop
    vertex 15.15154813531675 54.09078893563183 23
    vertex 15.3212385082534 53.47263114850547 21.89509426298504
    vertex 15.49092888119005 52.85447336137911 23
  endloop
endfacet
facet normal -0.964326 -0.264717 8.61311e-16
  outer loop
    vertex 19.22411708579629 39.2550020445992 3
    vertex 19.05442671285965 39.87315983172557 4.105955216943187
    vertex 18.884736339923 40.49131761885192 3
  endloop
endfacet
facet normal -0.964326 -0.264717 -1.3924e-15
  outer loop
    vertex 15.15154813531675 54.09078893563183 23
    vertex 14.98185776238011 54.70894672275817 21.8970608276593
    vertex 15.3212385082534 53.47263114850547 21.89509426298504
  endloop
endfacet
facet normal -0.964326 -0.264717 -1.52872e-15
  outer loop
    vertex 15.3212385082534 53.47263114850547 21.89509426298504
    vertex 15.66061947239835 52.23631477912028 21.89567570151195
    vertex 15.49092888119005 52.85447336137911 23
  endloop
endfacet
facet normal -0.964326 -0.264717 -1.53648e-16
  outer loop
    vertex 14.99847885415425 54.64839845986664 6.370884312126164
    vertex 15.33959132426642 53.40577446160091 6.365629197045649
    vertex 15.17297560980812 54.01273170712757 7.48969182253092
  endloop
endfacet
facet normal -0.964326 -0.264717 1.4704e-16
  outer loop
    vertex 14.84492978024704 55.20775580052863 18.55260266152505
    vertex 14.67390008915595 55.83079253236048 17.45112114362048
    vertex 15.01324171867288 54.59461945340594 17.44536310335934
  endloop
endfacet
facet normal -0.964326 -0.264717 -1.94147e-17
  outer loop
    vertex 15.33959132426642 53.40577446160091 6.365629197045649
    vertex 15.67604118246388 52.180135692453 6.353089154922856
    vertex 15.51261898830282 52.77545939975403 7.483995296647804
  endloop
endfacet
facet normal -0.964326 -0.264717 -6.64309e-16
  outer loop
    vertex 15.35041382626172 53.36634963290373 13.01973029444622
    vertex 15.18192240355614 53.98013981561692 14.1307674532257
    vertex 15.01109056308092 54.60245580591952 13.0253964866545
  endloop
endfacet
facet normal -0.964326 -0.264717 -7.83555e-16
  outer loop
    vertex 15.18427046940544 53.97158614716589 18.54773002576301
    vertex 15.01324171867288 54.59461945340594 17.44536310335934
    vertex 15.35257878976114 53.35846298015585 17.43948703952346
  endloop
endfacet
facet normal -0.964326 -0.264717 -9.28209e-16
  outer loop
    vertex 14.33242264770853 57.07474606906177 13.03538326268139
    vertex 14.50260226064037 56.45480605052435 14.1395070457356
    vertex 14.16293788800893 57.69215483653891 14.14515700294396
  endloop
endfacet
facet normal -0.964326 -0.264717 -8.61353e-16
  outer loop
    vertex 14.65814337790366 55.8881919804938 6.365074916264683
    vertex 14.83356924303427 55.24914061466087 7.49415195739442
    vertex 14.49486892466617 56.4829774887161 7.50232103827013
  endloop
endfacet
facet normal -0.964326 -0.264717 1.66647e-15
  outer loop
    vertex 14.84492978024704 55.20775580052863 18.55260266152505
    vertex 14.50558742264803 56.4439315317822 18.55834015880285
    vertex 14.67390008915595 55.83079253236048 17.45112114362048
  endloop
endfacet
facet normal -0.964326 -0.264717 8.38888e-16
  outer loop
    vertex 13.48292835146633 60.16933243394411 11.93780305226483
    vertex 13.6514471314156 59.55544259270033 10.8255196643908
    vertex 13.82227891348539 58.93312681516036 11.93281784929813
  endloop
endfacet
facet normal -0.964326 -0.264717 -3.52588e-16
  outer loop
    vertex 15.52360428717605 52.73544152528726 18.54198582829836
    vertex 15.35257878976114 53.35846298015585 17.43948703952346
    vertex 15.69190748151211 52.12233703163444 17.43374519872854
  endloop
endfacet
facet normal -0.964326 -0.264717 -1.54113e-15
  outer loop
    vertex 14.15582301718845 57.71807329452779 7.509692460342018
    vertex 13.98759253096023 58.33091292293059 8.622668810028898
    vertex 13.8165187282071 58.95411034724556 7.515660684192358
  endloop
endfacet
facet normal -0.964326 -0.264717 -1.01908e-15
  outer loop
    vertex 15.18427046940544 53.97158614716589 18.54773002576301
    vertex 14.84492978024704 55.20775580052863 18.55260266152505
    vertex 15.01324171867288 54.59461945340594 17.44536310335934
  endloop
endfacet
facet normal -0.964326 -0.264717 -1.91714e-16
  outer loop
    vertex 14.65814337790366 55.8881919804938 6.365074916264683
    vertex 14.99847885415425 54.64839845986664 6.370884312126164
    vertex 14.83356924303427 55.24914061466087 7.49415195739442
  endloop
endfacet
facet normal -0.964326 -0.264717 2.7275e-16
  outer loop
    vertex 17.18781772984324 46.6729496984282 20.77945449692507
    vertex 17.35751899788555 46.05475222198837 21.89166478991023
    vertex 17.01813653260204 47.29107405980685 21.88971225296381
  endloop
endfacet
facet normal -0.964326 -0.264717 8.79536e-16
  outer loop
    vertex 14.84025498995998 55.22478539371721 11.91793204691721
    vertex 15.00891943304106 54.61036492249328 10.80832147400033
    vertex 15.17958163274732 53.98866690927763 11.91434961230572
  endloop
endfacet
facet normal -0.964326 -0.264717 -3.9165e-16
  outer loop
    vertex 14.50558742264803 56.4439315317822 18.55834015880285
    vertex 14.32542030171284 57.10025461518894 19.66661121846847
    vertex 14.166248591838 57.68009441544729 18.56321526720345
  endloop
endfacet
facet normal -0.964326 -0.264717 -9.40219e-16
  outer loop
    vertex 15.52360428717605 52.73544152528726 18.54198582829836
    vertex 15.18427046940544 53.97158614716589 18.54773002576301
    vertex 15.35257878976114 53.35846298015585 17.43948703952346
  endloop
endfacet
facet normal -0.964326 -0.264717 2.42788e-15
  outer loop
    vertex 21.09229148310675 32.44950959725399 21.88785518980172
    vertex 20.92462842857014 33.06028215306591 20.77633045639008
    vertex 21.26292940367115 31.82790002948368 20.78095487872883
  endloop
endfacet
facet normal -0.964326 -0.264717 -1.5131e-15
  outer loop
    vertex 14.99847885415425 54.64839845986664 6.370884312126164
    vertex 15.15895924186239 54.06379133321559 5.229590171397438
    vertex 15.33959132426642 53.40577446160091 6.365629197045649
  endloop
endfacet
facet normal -0.964326 -0.264717 -9.49251e-16
  outer loop
    vertex 15.86293082722107 51.49932341512324 18.53713116317539
    vertex 15.69190748151211 52.12233703163444 17.43374519872854
    vertex 16.03122707666625 50.88624422071582 17.42790753987944
  endloop
endfacet
facet normal -0.964326 -0.264717 8.19255e-16
  outer loop
    vertex 14.67175820641828 55.83859510519055 13.03035808166419
    vertex 14.50092113793521 56.46093014037888 11.92275465507435
    vertex 14.84025498995998 55.22478539371721 11.91793204691721
  endloop
endfacet
facet normal -0.964326 -0.264717 6.06711e-16
  outer loop
    vertex 15.68976473417608 52.13014275407285 13.01240559346333
    vertex 15.5212627708966 52.74397133459095 14.12231731379379
    vertex 15.35041382626172 53.36634963290373 13.01973029444622
  endloop
endfacet
facet normal -0.964326 -0.264717 -9.75796e-17
  outer loop
    vertex 17.01813653260204 47.29107405980685 21.88971225296381
    vertex 17.35751899788555 46.05475222198837 21.89166478991023
    vertex 17.18783261055652 46.67289549011552 23
  endloop
endfacet
facet normal -0.964326 -0.264717 -1.56075e-16
  outer loop
    vertex 15.18427046940544 53.97158614716589 18.54773002576301
    vertex 15.0041307563222 54.62780938768343 19.66013776223107
    vertex 14.84492978024704 55.20775580052863 18.55260266152505
  endloop
endfacet
facet normal -0.964326 -0.264717 -5.46206e-16
  outer loop
    vertex 15.01109056308092 54.60245580591952 13.0253964866545
    vertex 14.67175820641828 55.83859510519055 13.03035808166419
    vertex 14.84025498995998 55.22478539371721 11.91793204691721
  endloop
endfacet
facet normal -0.964326 -0.264717 2.71958e-15
  outer loop
    vertex 13.82407209355361 58.92659451634042 16.3584546546825
    vertex 14.16357482250319 57.68983457516694 16.35500369234677
    vertex 13.99522127983623 58.3031224805966 17.46283287367448
  endloop
endfacet
facet normal -0.964326 -0.264717 8.41963e-16
  outer loop
    vertex 15.86293082722107 51.49932341512324 18.53713116317539
    vertex 15.52360428717605 52.73544152528726 18.54198582829836
    vertex 15.69190748151211 52.12233703163444 17.43374519872854
  endloop
endfacet
facet normal -0.964326 -0.264717 -1.12039e-15
  outer loop
    vertex 13.65563244722755 59.54019608509965 19.67529809648315
    vertex 13.47620037096105 60.19384150578473 20.78479428908516
    vertex 13.31783043789319 60.77076054767481 19.68081435068707
  endloop
endfacet
facet normal -0.964326 -0.264717 -6.24637e-16
  outer loop
    vertex 15.01109056308092 54.60245580591952 13.0253964866545
    vertex 14.84025498995998 55.22478539371721 11.91793204691721
    vertex 15.17958163274732 53.98866690927763 11.91434961230572
  endloop
endfacet
facet normal -0.964326 -0.264717 -6.63164e-16
  outer loop
    vertex 13.98759253096023 58.33091292293059 8.622668810028898
    vertex 13.64827382462281 59.5670024960169 8.628903291604319
    vertex 13.8165187282071 58.95411034724556 7.515660684192358
  endloop
endfacet
facet normal -0.964326 -0.264717 1.33074e-15
  outer loop
    vertex 14.32239048416377 57.11129180768913 6.38242395523744
    vertex 14.49486892466617 56.4829774887161 7.50232103827013
    vertex 14.15582301718845 57.71807329452779 7.509692460342018
  endloop
endfacet
facet normal -0.964326 -0.264717 -7.4375e-16
  outer loop
    vertex 16.20224306749343 50.2632573969882 18.5314298276779
    vertex 16.03122707666625 50.88624422071582 17.42790753987944
    vertex 16.37053027269339 49.65021114947407 17.42225531683715
  endloop
endfacet
facet normal -0.964326 -0.264717 -3.90766e-17
  outer loop
    vertex 15.35041382626172 53.36634963290373 13.01973029444622
    vertex 15.01109056308092 54.60245580591952 13.0253964866545
    vertex 15.17958163274732 53.98866690927763 11.91434961230572
  endloop
endfacet
facet normal -0.964326 -0.264717 8.62784e-16
  outer loop
    vertex 16.0164853787639 50.93994612021721 6.35687725191395
    vertex 16.18185128056684 50.33754176364936 5.240510027775843
    vertex 16.35925245987032 49.6912946104724 6.360269822702421
  endloop
endfacet
facet normal -0.964326 -0.264717 2.90792e-16
  outer loop
    vertex 14.32239048416377 57.11129180768913 6.38242395523744
    vertex 14.65814337790366 55.8881919804938 6.365074916264683
    vertex 14.49486892466617 56.4829774887161 7.50232103827013
  endloop
endfacet
facet normal -0.964326 -0.264717 1.39333e-15
  outer loop
    vertex 15.85824207770394 51.5164038597928 11.90384186296761
    vertex 16.02652403079033 50.90337674497809 10.79795987606455
    vertex 16.19753408951178 50.28041153106423 11.89899326825948
  endloop
endfacet
facet normal -0.964326 -0.264717 2.13816e-16
  outer loop
    vertex 15.86293082722107 51.49932341512324 18.53713116317539
    vertex 15.68283207239078 52.15539745057642 19.65366148690515
    vertex 15.52360428717605 52.73544152528726 18.54198582829836
  endloop
endfacet
facet normal -0.964326 -0.264717 -2.93031e-17
  outer loop
    vertex 15.35041382626172 53.36634963290373 13.01973029444622
    vertex 15.17958163274732 53.98866690927763 11.91434961230572
    vertex 15.5188915767006 52.75260925630494 11.90826761552281
  endloop
endfacet
facet normal -0.964326 -0.264717 -9.38813e-16
  outer loop
    vertex 10.61372080934787 70.6214456230899 13.09204924233591
    vertex 10.94911436588806 69.3996548099792 13.08419905938379
    vertex 10.7823339020041 70.00721221412792 14.18482318454321
  endloop
endfacet
facet normal -0.964326 -0.264717 -2.36814e-15
  outer loop
    vertex 16.20224306749343 50.2632573969882 18.5314298276779
    vertex 15.86293082722107 51.49932341512324 18.53713116317539
    vertex 16.03122707666625 50.88624422071582 17.42790753987944
  endloop
endfacet
facet normal -0.964326 -0.264717 1.79904e-15
  outer loop
    vertex 16.54153877042708 49.02725162201562 18.52682337495954
    vertex 16.37053027269339 49.65021114947407 17.42225531683715
    vertex 16.70981331968576 48.41425147828756 17.41657942397424
  endloop
endfacet
facet normal -0.964326 -0.264717 -5.86317e-17
  outer loop
    vertex 15.68976473417608 52.13014275407285 13.01240559346333
    vertex 15.35041382626172 53.36634963290373 13.01973029444622
    vertex 15.5188915767006 52.75260925630494 11.90826761552281
  endloop
endfacet
facet normal -0.964326 -0.264717 2.23905e-15
  outer loop
    vertex 20.77265770320595 33.61388979546402 15.15999612145194
    vertex 20.60318757692061 34.2312452555035 16.24627383450353
    vertex 20.43346162648858 34.84953264636303 15.14615950783855
  endloop
endfacet
facet normal -0.964326 -0.264717 -1.41936e-15
  outer loop
    vertex 16.54153877042708 49.02725162201562 18.52682337495954
    vertex 16.37327420688542 49.64021538920312 19.6428516446168
    vertex 16.20224306749343 50.2632573969882 18.5314298276779
  endloop
endfacet
facet normal -0.964326 -0.264717 -5.25886e-16
  outer loop
    vertex 13.13806774991811 61.42561033958403 7.529156402413204
    vertex 12.96989089490124 62.03825459714548 8.640116242434397
    vertex 12.798186672294 62.663748550929 7.531332320465642
  endloop
endfacet
facet normal -0.964326 -0.264717 -9.27713e-16
  outer loop
    vertex 16.88081577431004 47.79131396501343 18.52241815518342
    vertex 16.70981331968576 48.41425147828756 17.41657942397424
    vertex 17.04906720492455 47.17839803920344 17.41053246260907
  endloop
endfacet
facet normal -0.964326 -0.264717 -2.93546e-17
  outer loop
    vertex 15.68976473417608 52.13014275407285 13.01240559346333
    vertex 15.5188915767006 52.75260925630494 11.90826761552281
    vertex 15.85824207770394 51.5164038597928 11.90384186296761
  endloop
endfacet
facet normal -0.964326 -0.264717 7.0429e-16
  outer loop
    vertex 16.54153877042708 49.02725162201562 18.52682337495954
    vertex 16.20224306749343 50.2632573969882 18.5314298276779
    vertex 16.37053027269339 49.65021114947407 17.42225531683715
  endloop
endfacet
facet normal -0.964326 -0.264717 -1.5994e-15
  outer loop
    vertex 13.47724474679754 60.19003699380895 7.521576685255853
    vertex 13.30900913105364 60.80289530830458 8.63594647385535
    vertex 13.13806774991811 61.42561033958403 7.529156402413204
  endloop
endfacet
facet normal -0.964326 -0.264717 -6.58617e-16
  outer loop
    vertex 10.4484121621714 71.22364140923275 16.37675140908671
    vertex 10.22370336047528 72.04222347255433 17.48780869660611
    vertex 10.09019713258183 72.52856758845191 16.26139540396219
  endloop
endfacet
facet normal -0.964326 -0.264717 -8.41346e-16
  outer loop
    vertex 16.02931386648971 50.8932137720732 13.00707458434941
    vertex 15.68976473417608 52.13014275407285 13.01240559346333
    vertex 15.85824207770394 51.5164038597928 11.90384186296761
  endloop
endfacet
facet normal -0.964326 -0.264717 -2.44143e-15
  outer loop
    vertex 17.38572989991329 45.95198393603015 12.98918285913347
    vertex 17.217345102175 46.56538569921963 14.10101032358273
    vertex 17.04659649337964 47.18739848840274 12.99438484300277
  endloop
endfacet
facet normal -0.964326 -0.264717 8.93515e-16
  outer loop
    vertex 13.98476129502505 58.34122671098017 6.396477247466247
    vertex 14.32239048416377 57.11129180768913 6.38242395523744
    vertex 14.15582301718845 57.71807329452779 7.509692460342018
  endloop
endfacet
facet normal -0.964326 -0.264717 -8.77548e-16
  outer loop
    vertex 13.98476129502505 58.34122671098017 6.396477247466247
    vertex 14.15008337513185 57.73898199059111 5.273674784500453
    vertex 14.32239048416377 57.11129180768913 6.38242395523744
  endloop
endfacet
facet normal -0.964326 -0.264717 -2.25231e-15
  outer loop
    vertex 16.02931386648971 50.8932137720732 13.00707458434941
    vertex 15.85824207770394 51.5164038597928 11.90384186296761
    vertex 16.19753408951178 50.28041153106423 11.89899326825948
  endloop
endfacet
facet normal -0.964326 -0.264717 6.78984e-16
  outer loop
    vertex 13.98476129502505 58.34122671098017 6.396477247466247
    vertex 14.15582301718845 57.71807329452779 7.509692460342018
    vertex 13.8165187282071 58.95411034724556 7.515660684192358
  endloop
endfacet
facet normal -0.964326 -0.264717 1.66124e-15
  outer loop
    vertex 16.88081577431004 47.79131396501343 18.52241815518342
    vertex 16.54153877042708 49.02725162201562 18.52682337495954
    vertex 16.70981331968576 48.41425147828756 17.41657942397424
  endloop
endfacet
facet normal -0.964326 -0.264717 -4.68811e-16
  outer loop
    vertex 16.70746855086698 48.42279313612744 12.99952301579291
    vertex 16.53901435241035 49.03644771621943 14.1117118493879
    vertex 16.36854736414606 49.65743460203933 13.00431922266198
  endloop
endfacet
facet normal -0.964326 -0.264717 -2.56081e-15
  outer loop
    vertex 12.97749575824508 62.01055116639291 17.48293761402296
    vertex 13.14538739505606 61.39894591801006 16.37098694663968
    vertex 13.31654499973384 60.77544321525528 17.47610745156305
  endloop
endfacet
facet normal -0.964326 -0.264717 -2.64199e-15
  outer loop
    vertex 16.36854736414606 49.65743460203933 13.00431922266198
    vertex 16.02931386648971 50.8932137720732 13.00707458434941
    vertex 16.19753408951178 50.28041153106423 11.89899326825948
  endloop
endfacet
facet normal -0.964326 -0.264717 -1.05138e-15
  outer loop
    vertex 17.03870234331191 47.21615574936375 6.350981924671039
    vertex 17.20697308020145 46.60316949355187 5.236322416242799
    vertex 17.37800571756579 45.98012202886748 6.345999251371282
  endloop
endfacet
facet normal -0.964326 -0.264717 2.74426e-15
  outer loop
    vertex 16.87611323607739 47.80844464000379 11.88806014122752
    vertex 17.04475300814912 47.19411404174247 10.77970613348191
    vertex 17.21501792298972 46.57386328053745 11.88334067537733
  endloop
endfacet
facet normal -0.964326 -0.264717 2.9818e-15
  outer loop
    vertex 17.22005094624021 46.55552869583926 18.51539286923186
    vertex 17.04906720492455 47.17839803920344 17.41053246260907
    vertex 17.38829029765579 45.94265677282534 17.40482024423499
  endloop
endfacet
facet normal -0.964326 -0.264717 -1.14323e-15
  outer loop
    vertex 16.36854736414606 49.65743460203933 13.00431922266198
    vertex 16.19753408951178 50.28041153106423 11.89899326825948
    vertex 16.53697284126622 49.04388464967306 11.89442960958947
  endloop
endfacet
facet normal -0.964326 -0.264717 -3.90809e-16
  outer loop
    vertex 17.22005094624021 46.55552869583926 18.51539286923186
    vertex 16.88081577431004 47.79131396501343 18.52241815518342
    vertex 17.04906720492455 47.17839803920344 17.41053246260907
  endloop
endfacet
facet normal -0.964326 -0.264717 2.66715e-15
  outer loop
    vertex 17.55925577521513 45.31985396171633 18.51048810955293
    vertex 17.38829029765579 45.94265677282534 17.40482024423499
    vertex 17.72746810116986 44.7070804885955 17.39892520697069
  endloop
endfacet
facet normal -0.964326 -0.264717 1.05701e-15
  outer loop
    vertex 16.70746855086698 48.42279313612744 12.99952301579291
    vertex 16.36854736414606 49.65743460203933 13.00431922266198
    vertex 16.53697284126622 49.04388464967306 11.89442960958947
  endloop
endfacet
facet normal -0.964326 -0.264717 1.33847e-15
  outer loop
    vertex 13.64545778493333 59.57726092631431 6.402273335812957
    vertex 13.98476129502505 58.34122671098017 6.396477247466247
    vertex 13.8165187282071 58.95411034724556 7.515660684192358
  endloop
endfacet
facet normal -0.964326 -0.264717 7.23267e-16
  outer loop
    vertex 16.70746855086698 48.42279313612744 12.99952301579291
    vertex 16.53697284126622 49.04388464967306 11.89442960958947
    vertex 16.87611323607739 47.80844464000379 11.88806014122752
  endloop
endfacet
facet normal -0.964326 -0.264717 -1.17447e-15
  outer loop
    vertex 18.74122302411233 41.01411612644794 12.96772770136982
    vertex 18.5731244726642 41.62647513529469 14.07865623824567
    vertex 18.40253696815604 42.24790104457443 12.97308998637638
  endloop
endfacet
facet normal -0.964326 -0.264717 3.69434e-15
  outer loop
    vertex 17.55925577521513 45.31985396171633 18.51048810955293
    vertex 17.22005094624021 46.55552869583926 18.51539286923186
    vertex 17.38829029765579 45.94265677282534 17.40482024423499
  endloop
endfacet
facet normal -0.964326 -0.264717 -2.30466e-15
  outer loop
    vertex 17.217345102175 46.56538569921963 14.10101032358273
    vertex 16.87820503629607 47.80082451063573 14.10621585029783
    vertex 17.04659649337964 47.18739848840274 12.99438484300277
  endloop
endfacet
facet normal -0.964326 -0.264717 1.95377e-17
  outer loop
    vertex 17.04659649337964 47.18739848840274 12.99438484300277
    vertex 16.70746855086698 48.42279313612744 12.99952301579291
    vertex 16.87611323607739 47.80844464000379 11.88806014122752
  endloop
endfacet
facet normal -0.964326 -0.264717 -7.91611e-16
  outer loop
    vertex 17.89841031473774 44.08436242488395 18.50441441882587
    vertex 17.72746810116986 44.7070804885955 17.39892520697069
    vertex 18.06659152037941 43.47170231861786 17.39304477045744
  endloop
endfacet
facet normal -0.964326 -0.264717 8.63243e-16
  outer loop
    vertex 13.64545778493333 59.57726092631431 6.402273335812957
    vertex 13.8165187282071 58.95411034724556 7.515660684192358
    vertex 13.47724474679754 60.19003699380895 7.521576685255853
  endloop
endfacet
facet normal -0.964326 -0.264717 -7.4284e-16
  outer loop
    vertex 18.06367552766323 43.48232486351253 12.97841813830341
    vertex 17.89542907404939 44.09522265882008 14.0900511581632
    vertex 17.7247543268544 44.71696638074467 12.98377453146604
  endloop
endfacet
facet normal -0.964326 -0.264717 8.9999e-16
  outer loop
    vertex 17.71726609585645 44.74424493652293 6.340134372671918
    vertex 17.87889699871577 44.1554466475354 5.227683473434671
    vertex 18.05491459244554 43.51423969894839 6.339634819310916
  endloop
endfacet
facet normal -0.964326 -0.264717 2.34651e-16
  outer loop
    vertex 17.04659649337964 47.18739848840274 12.99438484300277
    vertex 16.87611323607739 47.80844464000379 11.88806014122752
    vertex 17.21501792298972 46.57386328053745 11.88334067537733
  endloop
endfacet
facet normal -0.964326 -0.264717 1.66617e-15
  outer loop
    vertex 19.25015582611184 39.16014663344971 14.06639839258053
    vertex 18.91164031395894 40.39331028486387 14.07265702859518
    vertex 19.07971811860598 39.78102685364963 12.96227941081461
  endloop
endfacet
facet normal -0.964326 -0.264717 -7.83796e-17
  outer loop
    vertex 12.80462855431611 62.64028169499133 11.94869618696247
    vertex 12.97277943600703 62.02773205454581 10.83998599115067
    vertex 13.14366794033857 61.40520964590951 11.94314846608565
  endloop
endfacet
facet normal -0.964326 -0.264717 -9.15793e-16
  outer loop
    vertex 17.55925577521513 45.31985396171633 18.51048810955293
    vertex 17.3910520903753 45.93259595648997 19.62457658949855
    vertex 17.22005094624021 46.55552869583926 18.51539286923186
  endloop
endfacet
facet normal -0.964326 -0.264717 -1.18122e-15
  outer loop
    vertex 16.70746855086698 48.42279313612744 12.99952301579291
    vertex 16.87820503629607 47.80082451063573 14.10621585029783
    vertex 16.53901435241035 49.03644771621943 14.1117118493879
  endloop
endfacet
facet normal -0.964326 -0.264717 -1.56362e-16
  outer loop
    vertex 17.38572989991329 45.95198393603015 12.98918285913347
    vertex 17.04659649337964 47.18739848840274 12.99438484300277
    vertex 17.21501792298972 46.57386328053745 11.88334067537733
  endloop
endfacet
facet normal -0.964326 -0.264717 -2.3846e-15
  outer loop
    vertex 13.14538739505606 61.39894591801006 16.37098694663968
    vertex 13.48466902735378 60.1629914003541 16.36539883974945
    vertex 13.31654499973384 60.77544321525528 17.47610745156305
  endloop
endfacet
facet normal -0.964326 -0.264717 7.23071e-16
  outer loop
    vertex 17.89841031473774 44.08436242488395 18.50441441882587
    vertex 17.55925577521513 45.31985396171633 18.51048810955293
    vertex 17.72746810116986 44.7070804885955 17.39892520697069
  endloop
endfacet
facet normal -0.964326 -0.264717 -5.47266e-16
  outer loop
    vertex 12.798186672294 62.663748550929 7.531332320465642
    vertex 12.63067758243945 63.27396023539916 8.644127326897248
    vertex 12.4593396336733 63.89811990590442 7.53820311160711
  endloop
endfacet
facet normal -0.964326 -0.264717 -1.54296e-15
  outer loop
    vertex 17.04659649337964 47.18739848840274 12.99438484300277
    vertex 16.87820503629607 47.80082451063573 14.10621585029783
    vertex 16.70746855086698 48.42279313612744 12.99952301579291
  endloop
endfacet
facet normal -0.964326 -0.264717 -6.74088e-16
  outer loop
    vertex 17.38572989991329 45.95198393603015 12.98918285913347
    vertex 17.55642206969225 45.33017674612108 14.09534226399151
    vertex 17.217345102175 46.56538569921963 14.10101032358273
  endloop
endfacet
facet normal -0.964326 -0.264717 -2.73593e-16
  outer loop
    vertex 17.38572989991329 45.95198393603015 12.98918285913347
    vertex 17.21501792298972 46.57386328053745 11.88334067537733
    vertex 17.5542767780209 45.33799173720958 11.87862418203679
  endloop
endfacet
facet normal -0.964326 -0.264717 -4.11292e-17
  outer loop
    vertex 21.44030626948068 31.1817414468918 15.28904130559993
    vertex 21.6061586310297 30.57756498696323 14.2048121544309
    vertex 21.76620495287156 29.99453910025359 15.31276181712016
  endloop
endfacet
facet normal -0.964326 -0.264717 2.51291e-15
  outer loop
    vertex 13.30612261305545 60.81341048101228 6.406357555525201
    vertex 13.46829660784532 60.22263378570632 5.25842349328958
    vertex 13.64545778493333 59.57726092631431 6.402273335812957
  endloop
endfacet
facet normal -0.964326 -0.264717 -5.86705e-17
  outer loop
    vertex 18.23750021331061 42.84910636579705 18.49821044918757
    vertex 18.06659152037941 43.47170231861786 17.39304477045744
    vertex 18.40563609723699 42.23661136006527 17.3872367400715
  endloop
endfacet
facet normal -0.964326 -0.264717 9.87925e-17
  outer loop
    vertex 19.24437324624523 39.18121174582095 7.425906126171917
    vertex 19.40734102294106 38.58754341642898 6.323550484881494
    vertex 19.58261552888244 37.94904343049967 7.419742521437971
  endloop
endfacet
facet normal -0.964326 -0.264717 1.37202e-16
  outer loop
    vertex 18.57073941970619 41.63516354249887 11.86252558605577
    vertex 18.73913258335827 41.02173130348057 10.7531069497846
    vertex 18.90934957879893 40.40165510580388 11.85776863615295
  endloop
endfacet
facet normal -0.964326 -0.264717 -1.15222e-16
  outer loop
    vertex 20.41433469762043 34.9192093158113 21.8732050534327
    vertex 20.25087731978116 35.51466119222579 20.72395956226113
    vertex 20.5873017728548 34.28911497031463 20.74862197538412
  endloop
endfacet
facet normal -0.964326 -0.264717 -1.93663e-15
  outer loop
    vertex 17.7247543268544 44.71696638074467 12.98377453146604
    vertex 17.38572989991329 45.95198393603015 12.98918285913347
    vertex 17.5542767780209 45.33799173720958 11.87862418203679
  endloop
endfacet
facet normal -0.964326 -0.264717 7.4513e-16
  outer loop
    vertex 21.27714720083348 31.77610662553518 7.448167938987895
    vertex 20.9316112488705 33.03484473625744 7.430695387467567
    vertex 21.09801957452365 32.42864297852099 6.326171547478943
  endloop
endfacet
facet normal -0.964326 -0.264717 -1.20153e-15
  outer loop
    vertex 13.30612261305545 60.81341048101228 6.406357555525201
    vertex 13.64545778493333 59.57726092631431 6.402273335812957
    vertex 13.47724474679754 60.19003699380895 7.521576685255853
  endloop
endfacet
facet normal -0.964326 -0.264717 -3.51913e-16
  outer loop
    vertex 18.23750021331061 42.84910636579705 18.49821044918757
    vertex 17.89841031473774 44.08436242488395 18.50441441882587
    vertex 18.06659152037941 43.47170231861786 17.39304477045744
  endloop
endfacet
facet normal -0.964326 -0.264717 -1.89758e-15
  outer loop
    vertex 13.14446591491473 61.40230273852491 14.16069551047001
    vertex 12.97477024033252 62.02047983878866 15.27155334845013
    vertex 12.80565576906966 62.63653969838911 14.16534778594857
  endloop
endfacet
facet normal -0.964326 -0.264717 3.13537e-16
  outer loop
    vertex 19.07971811860598 39.78102685364963 12.96227941081461
    vertex 18.91164031395894 40.39331028486387 14.07265702859518
    vertex 18.74122302411233 41.01411612644794 12.96772770136982
  endloop
endfacet
facet normal -0.964326 -0.264717 9.01133e-16
  outer loop
    vertex 17.8932332471277 44.10322174260622 11.87268189334239
    vertex 18.06171401789235 43.48947036339215 10.76271449747439
    vertex 18.23194263386678 42.86935183377101 11.86736332084785
  endloop
endfacet
facet normal -0.964326 -0.264717 -2.32508e-15
  outer loop
    vertex 13.30900913105364 60.80289530830458 8.63594647385535
    vertex 12.96989089490124 62.03825459714548 8.640116242434397
    vertex 13.13806774991811 61.42561033958403 7.529156402413204
  endloop
endfacet
facet normal -0.964326 -0.264717 -2.25536e-15
  outer loop
    vertex 11.62184195638077 66.94900430175576 13.07180093331701
    vertex 11.79124271171493 66.33190155018133 14.17295553262794
    vertex 11.45420265409062 67.55969033152702 14.174424081611
  endloop
endfacet
facet normal -0.964326 -0.264717 0
  outer loop
    vertex 20.93496440397425 33.02262967123666 9.632893241219744
    vertex 20.76562075480708 33.63952439320276 10.73160076833698
    vertex 20.59626515327577 34.25646265592397 9.633170205130618
  endloop
endfacet
facet normal -0.964326 -0.264717 -3.39386e-15
  outer loop
    vertex 17.7247543268544 44.71696638074467 12.98377453146604
    vertex 17.5542767780209 45.33799173720958 11.87862418203679
    vertex 17.8932332471277 44.10322174260622 11.87268189334239
  endloop
endfacet
facet normal -0.964326 -0.264717 2.9707e-15
  outer loop
    vertex 17.89542907404939 44.09522265882008 14.0900511581632
    vertex 17.55642206969225 45.33017674612108 14.09534226399151
    vertex 17.7247543268544 44.71696638074467 12.98377453146604
  endloop
endfacet
facet normal -0.964326 -0.264717 -5.85168e-16
  outer loop
    vertex 18.23750021331061 42.84910636579705 18.49821044918757
    vertex 18.06937733458478 43.46155399544117 19.61214207930805
    vertex 17.89841031473774 44.08436242488395 18.50441441882587
  endloop
endfacet
facet normal -0.964326 -0.264717 -8.60553e-16
  outer loop
    vertex 18.06367552766323 43.48232486351253 12.97841813830341
    vertex 17.7247543268544 44.71696638074467 12.98377453146604
    vertex 17.8932332471277 44.10322174260622 11.87268189334239
  endloop
endfacet
facet normal -0.964326 -0.264717 -1.29154e-15
  outer loop
    vertex 18.5731244726642 41.62647513529469 14.07865623824567
    vertex 18.23434197663934 42.86061137081385 14.08403157920336
    vertex 18.40253696815604 42.24790104457443 12.97308998637638
  endloop
endfacet
facet normal -0.964326 -0.264717 2.67754e-15
  outer loop
    vertex 17.7247543268544 44.71696638074467 12.98377453146604
    vertex 17.55642206969225 45.33017674612108 14.09534226399151
    vertex 17.38572989991329 45.95198393603015 12.98918285913347
  endloop
endfacet
facet normal -0.964326 -0.264717 -1.51647e-15
  outer loop
    vertex 18.57650422795053 41.61416316960879 18.49217138350173
    vertex 18.40563609723699 42.23661136006527 17.3872367400715
    vertex 18.74458338568827 41.00187480927846 17.38151860134744
  endloop
endfacet
facet normal -0.964326 -0.264717 -1.21955e-15
  outer loop
    vertex 13.30612261305545 60.81341048101228 6.406357555525201
    vertex 13.47724474679754 60.19003699380895 7.521576685255853
    vertex 13.13806774991811 61.42561033958403 7.529156402413204
  endloop
endfacet
facet normal -0.964326 -0.264717 -1.77952e-15
  outer loop
    vertex 10.95104262947859 69.39263042118513 15.27974676150222
    vertex 10.782765257865 70.00564084634892 16.37652315125409
    vertex 10.61560733628156 70.61457327497432 15.28230304218665
  endloop
endfacet
facet normal -0.964326 -0.264717 3.93348e-15
  outer loop
    vertex 11.27939206155802 68.19650034718153 8.672136028949179
    vertex 11.44600875599515 67.58953953173196 7.564089409502916
    vertex 11.61628416780183 66.96925053157904 8.662657978391271
  endloop
endfacet
facet normal -0.964326 -0.264717 6.47121e-16
  outer loop
    vertex 18.56649755544411 41.65061604802503 7.436525991303572
    vertex 18.72856105184802 41.06024188255364 6.328864913680461
    vertex 18.90549869157528 40.41568333783291 7.431474911556526
  endloop
endfacet
facet normal -0.964326 -0.264717 -2.36612e-15
  outer loop
    vertex 18.06367552766323 43.48232486351253 12.97841813830341
    vertex 18.23434197663934 42.86061137081385 14.08403157920336
    vertex 17.89542907404939 44.09522265882008 14.0900511581632
  endloop
endfacet
facet normal -0.964326 -0.264717 2.00598e-15
  outer loop
    vertex 18.06367552766323 43.48232486351253 12.97841813830341
    vertex 17.8932332471277 44.10322174260622 11.87268189334239
    vertex 18.23194263386678 42.86935183377101 11.86736332084785
  endloop
endfacet
facet normal -0.964326 -0.264717 -3.91975e-17
  outer loop
    vertex 12.63613009544222 63.25409750946049 13.05980121494319
    vertex 12.46702543179729 63.87012164130988 14.16845972761777
    vertex 12.2973250076093 64.48831604370899 13.06411197841934
  endloop
endfacet
facet normal -0.964326 -0.264717 -1.01718e-15
  outer loop
    vertex 18.57650422795053 41.61416316960879 18.49217138350173
    vertex 18.23750021331061 42.84910636579705 18.49821044918757
    vertex 18.40563609723699 42.23661136006527 17.3872367400715
  endloop
endfacet
facet normal -0.964326 -0.264717 2.03443e-15
  outer loop
    vertex 18.40253696815604 42.24790104457443 12.97308998637638
    vertex 18.06367552766323 43.48232486351253 12.97841813830341
    vertex 18.23194263386678 42.86935183377101 11.86736332084785
  endloop
endfacet
facet normal -0.964326 -0.264717 -6.26411e-16
  outer loop
    vertex 18.91539284015457 40.37964036800836 18.48643859353968
    vertex 18.74458338568827 41.00187480927846 17.38151860134744
    vertex 19.08339388941055 39.76763654571872 17.37578459286708
  endloop
endfacet
facet normal -0.964326 -0.264717 -2.35161e-16
  outer loop
    vertex 12.63366712568289 63.26306975644091 10.8462293601672
    vertex 12.97277943600703 62.02773205454581 10.83998599115067
    vertex 12.80462855431611 62.64028169499133 11.94869618696247
  endloop
endfacet
facet normal -0.964326 -0.264717 -1.77385e-15
  outer loop
    vertex 12.46785554635372 63.86709765256857 16.38110431722521
    vertex 12.29820542812304 64.4851087975518 15.27276788567073
    vertex 12.63671580020413 63.25196387068496 15.27470307971684
  endloop
endfacet
facet normal -0.964326 -0.264717 -7.92802e-17
  outer loop
    vertex 11.282631869072 68.18469819123773 10.8734632567444
    vertex 11.44942381483007 67.57709896026188 9.768981223131235
    vertex 11.61918584684457 66.95868012935192 10.86738376224079
  endloop
endfacet
facet normal -0.964326 -0.264717 -1.05739e-15
  outer loop
    vertex 19.41512728782203 38.55917916579119 8.526229223858714
    vertex 19.24654608690925 39.17329639768772 9.636933276285623
    vertex 19.07634253726685 39.79332361424218 8.53253982619008
  endloop
endfacet
facet normal -0.964326 -0.264717 -5.87463e-17
  outer loop
    vertex 18.73913258335827 41.02173130348057 10.7531069497846
    vertex 19.07791386265464 39.78759950032953 10.74740765178166
    vertex 18.90934957879893 40.40165510580388 11.85776863615295
  endloop
endfacet
facet normal -0.964326 -0.264717 3.11249e-16
  outer loop
    vertex 10.61560733628156 70.61457327497432 15.28230304218665
    vertex 10.782765257865 70.00564084634892 16.37652315125409
    vertex 10.4484121621714 71.22364140923275 16.37675140908671
  endloop
endfacet
facet normal -0.964326 -0.264717 2.97803e-15
  outer loop
    vertex 17.38396586979387 45.9584100457509 10.77460622632364
    vertex 17.72274394188145 44.72428992600327 10.76875589517982
    vertex 17.5542767780209 45.33799173720958 11.87862418203679
  endloop
endfacet
facet normal -0.964326 -0.264717 -8.96167e-16
  outer loop
    vertex 11.62445801149937 66.93947438668087 19.67782659794264
    vertex 11.2892717028059 68.1605102254928 19.68666213474907
    vertex 11.4580862115127 67.54554308663231 18.58151135420923
  endloop
endfacet
facet normal -0.964326 -0.264717 -4.82268e-16
  outer loop
    vertex 12.62373411666864 63.29925428927854 6.409439050517318
    vertex 12.78559471183981 62.70961926401212 5.253675710945789
    vertex 12.96627587291919 62.05142360579438 6.410760212079115
  endloop
endfacet
facet normal -0.964326 -0.264717 1.33076e-15
  outer loop
    vertex 18.40253696815604 42.24790104457443 12.97308998637638
    vertex 18.23194263386678 42.86935183377101 11.86736332084785
    vertex 18.57073941970619 41.63516354249887 11.86252558605577
  endloop
endfacet
facet normal -0.964326 -0.264717 1.18529e-15
  outer loop
    vertex 18.57073941970619 41.63516354249887 11.86252558605577
    vertex 18.40037265160174 42.25578534059367 10.75785788746124
    vertex 18.73913258335827 41.02173130348057 10.7531069497846
  endloop
endfacet
facet normal -0.964326 -0.264717 -1.23296e-15
  outer loop
    vertex 18.91539284015457 40.37964036800836 18.48643859353968
    vertex 18.57650422795053 41.61416316960879 18.49217138350173
    vertex 18.74458338568827 41.00187480927846 17.38151860134744
  endloop
endfacet
facet normal -0.964326 -0.264717 1.00321e-15
  outer loop
    vertex 12.96627587291919 62.05142360579438 6.410760212079115
    vertex 13.30612261305545 60.81341048101228 6.406357555525201
    vertex 13.13806774991811 61.42561033958403 7.529156402413204
  endloop
endfacet
facet normal -0.964326 -0.264717 -1.17383e-15
  outer loop
    vertex 18.40253696815604 42.24790104457443 12.97308998637638
    vertex 18.23434197663934 42.86061137081385 14.08403157920336
    vertex 18.06367552766323 43.48232486351253 12.97841813830341
  endloop
endfacet
facet normal -0.964326 -0.264717 1.61278e-15
  outer loop
    vertex 19.59029014654192 37.92108589474014 16.26227752284847
    vertex 19.92844061784558 36.68925203499109 16.25763079553233
    vertex 19.76044449033915 37.30123792805026 17.36467886411592
  endloop
endfacet
facet normal -0.964326 -0.264717 1.54978e-15
  outer loop
    vertex 19.41804455231744 38.54855198798648 12.95652835859119
    vertex 19.25015582611184 39.16014663344971 14.06639839258053
    vertex 19.07971811860598 39.78102685364963 12.96227941081461
  endloop
endfacet
facet normal -0.964326 -0.264717 7.04815e-16
  outer loop
    vertex 12.96627587291919 62.05142360579438 6.410760212079115
    vertex 13.13806774991811 61.42561033958403 7.529156402413204
    vertex 12.798186672294 62.663748550929 7.531332320465642
  endloop
endfacet
facet normal -0.964326 -0.264717 9.79844e-16
  outer loop
    vertex 18.06171401789235 43.48947036339215 10.76271449747439
    vertex 18.40037265160174 42.25578534059367 10.75785788746124
    vertex 18.23194263386678 42.86935183377101 11.86736332084785
  endloop
endfacet
facet normal -0.964326 -0.264717 -4.30979e-16
  outer loop
    vertex 18.74122302411233 41.01411612644794 12.96772770136982
    vertex 18.91164031395894 40.39331028486387 14.07265702859518
    vertex 18.5731244726642 41.62647513529469 14.07865623824567
  endloop
endfacet
facet normal -0.964326 -0.264717 5.64266e-16
  outer loop
    vertex 18.91539284015457 40.37964036800836 18.48643859353968
    vertex 18.74469992326442 41.00145027953674 19.60359245620852
    vertex 18.57650422795053 41.61416316960879 18.49217138350173
  endloop
endfacet
facet normal -0.964326 -0.264717 3.91619e-16
  outer loop
    vertex 18.74122302411233 41.01411612644794 12.96772770136982
    vertex 18.40253696815604 42.24790104457443 12.97308998637638
    vertex 18.57073941970619 41.63516354249887 11.86252558605577
  endloop
endfacet
facet normal -0.964326 -0.264717 3.91883e-17
  outer loop
    vertex 19.25412710758924 39.14567982235347 18.48026850575829
    vertex 19.08339388941055 39.76763654571872 17.37578459286708
    vertex 19.42203472578771 38.53401635605904 17.37019470611561
  endloop
endfacet
facet normal -0.964326 -0.264717 -5.90082e-17
  outer loop
    vertex 19.7559574184593 37.31758368989826 12.95094009391828
    vertex 19.5882992811251 37.92833833304429 14.05915620075614
    vertex 19.41804455231744 38.54855198798648 12.95652835859119
  endloop
endfacet
facet normal -0.964326 -0.264717 -9.15204e-16
  outer loop
    vertex 21.44406351298188 31.16805434556601 13.10135503576732
    vertex 21.6106900519094 30.56105766804434 12.01762224645358
    vertex 21.77541800273686 29.96097727574431 13.11435395955249
  endloop
endfacet
facet normal -0.964326 -0.264717 -2.05507e-15
  outer loop
    vertex 12.80662733522445 62.63300042168237 16.37863428142013
    vertex 13.14538739505606 61.39894591801006 16.37098694663968
    vertex 12.97749575824508 62.01055116639291 17.48293761402296
  endloop
endfacet
facet normal -0.964326 -0.264717 1.58518e-15
  outer loop
    vertex 11.61271396940915 66.98225625429524 6.450134422071633
    vertex 11.27498633629996 68.21254977490727 6.444774942663503
    vertex 11.44077938415332 67.60858938629862 5.322020799737718
  endloop
endfacet
facet normal -0.964326 -0.264717 1.21089e-15
  outer loop
    vertex 21.26292940367115 31.82790002948368 20.78095487872883
    vertex 21.09747239700691 32.43063626804626 19.67347886804693
    vertex 21.43289336171025 31.20874561091267 19.68157378075615
  endloop
endfacet
facet normal -0.964326 -0.264717 -9.18267e-16
  outer loop
    vertex 12.62373411666864 63.29925428927854 6.409439050517318
    vertex 12.96627587291919 62.05142360579438 6.410760212079115
    vertex 12.798186672294 62.663748550929 7.531332320465642
  endloop
endfacet
facet normal -0.964326 -0.264717 -1.01298e-15
  outer loop
    vertex 21.26686670294757 31.81355701069097 18.58092197498375
    vertex 21.09944397782119 32.42345408079423 17.4769914415545
    vertex 21.43538307210888 31.19967595160337 17.48260178559397
  endloop
endfacet
facet normal -0.964326 -0.264717 1.76298e-15
  outer loop
    vertex 18.23194263386678 42.86935183377101 11.86736332084785
    vertex 18.40037265160174 42.25578534059367 10.75785788746124
    vertex 18.57073941970619 41.63516354249887 11.86252558605577
  endloop
endfacet
facet normal -0.964326 -0.264717 -6.65842e-16
  outer loop
    vertex 19.25412710758924 39.14567982235347 18.48026850575829
    vertex 18.91539284015457 40.37964036800836 18.48643859353968
    vertex 19.08339388941055 39.76763654571872 17.37578459286708
  endloop
endfacet
facet normal -0.964326 -0.264717 7.9898e-16
  outer loop
    vertex 21.43289336171025 31.20874561091267 19.68157378075615
    vertex 21.09747239700691 32.43063626804626 19.67347886804693
    vertex 21.26686670294757 31.81355701069097 18.58092197498375
  endloop
endfacet
facet normal -0.964326 -0.264717 -1.11564e-15
  outer loop
    vertex 19.2478193661604 39.16865802327284 11.85277862707631
    vertex 19.41692679546 38.55262381653858 10.74093274748824
    vertex 19.58637627302261 37.93534357684621 11.84667253080812
  endloop
endfacet
facet normal -0.964326 -0.264717 -6.06904e-16
  outer loop
    vertex 12.62373411666864 63.29925428927854 6.409439050517318
    vertex 12.798186672294 62.663748550929 7.531332320465642
    vertex 12.4593396336733 63.89811990590442 7.53820311160711
  endloop
endfacet
facet normal -0.964326 -0.264717 -8.81582e-17
  outer loop
    vertex 18.74122302411233 41.01411612644794 12.96772770136982
    vertex 18.57073941970619 41.63516354249887 11.86252558605577
    vertex 18.90934957879893 40.40165510580388 11.85776863615295
  endloop
endfacet
facet normal -0.964326 -0.264717 -1.61074e-15
  outer loop
    vertex 12.79407959255409 62.6787100556958 20.77552602227352
    vertex 12.95649332957689 62.08706001368418 21.88706481634597
    vertex 12.60606504623048 63.36362018873183 21.89009837179875
  endloop
endfacet
facet normal -0.964326 -0.264717 -1.82693e-15
  outer loop
    vertex 11.11989416012584 68.77752841668445 16.3779593581042
    vertex 10.782765257865 70.00564084634892 16.37652315125409
    vertex 10.95104262947859 69.39263042118513 15.27974676150222
  endloop
endfacet
facet normal -0.964326 -0.264717 1.70947e-15
  outer loop
    vertex 11.45420265409062 67.55969033152702 14.174424081611
    vertex 11.28706962298304 68.16853208770463 15.27651015621822
    vertex 11.11802915609422 68.78432235994249 14.17957547390208
  endloop
endfacet
facet normal -0.964326 -0.264717 1.89088e-16
  outer loop
    vertex 10.78015958482281 70.01513294100261 11.98753343733858
    vertex 10.94911436588806 69.3996548099792 13.08419905938379
    vertex 10.61372080934787 70.6214456230899 13.09204924233591
  endloop
endfacet
facet normal -0.964326 -0.264717 -5.48388e-16
  outer loop
    vertex 18.90770876524097 40.4076323551936 9.642925673902241
    vertex 19.07791386265464 39.78759950032953 10.74740765178166
    vertex 18.73913258335827 41.02173130348057 10.7531069497846
  endloop
endfacet
facet normal -0.964326 -0.264717 -5.29294e-16
  outer loop
    vertex 19.07971811860598 39.78102685364963 12.96227941081461
    vertex 18.74122302411233 41.01411612644794 12.96772770136982
    vertex 18.90934957879893 40.40165510580388 11.85776863615295
  endloop
endfacet
facet normal -0.964326 -0.264717 6.87442e-17
  outer loop
    vertex 19.41804455231744 38.54855198798648 12.95652835859119
    vertex 19.5882992811251 37.92833833304429 14.05915620075614
    vertex 19.25015582611184 39.16014663344971 14.06639839258053
  endloop
endfacet
facet normal -0.964326 -0.264717 -5.29463e-16
  outer loop
    vertex 20.07471586079194 36.15639222140079 21.85894098359971
    vertex 19.91355736870858 36.74346958541874 20.73096310443471
    vertex 20.25087731978116 35.51466119222579 20.72395956226113
  endloop
endfacet
facet normal -0.964326 -0.264717 2.92673e-15
  outer loop
    vertex 21.10321316305979 32.40972347742506 8.533264093509883
    vertex 20.76357618064229 33.64697248480307 8.530830087578291
    vertex 20.9316112488705 33.03484473625744 7.430695387467567
  endloop
endfacet
facet normal -0.964326 -0.264717 -3.06858e-15
  outer loop
    vertex 11.44942381483007 67.57709896026188 9.768981223131235
    vertex 11.27939206155802 68.19650034718153 8.672136028949179
    vertex 11.61628416780183 66.96925053157904 8.662657978391271
  endloop
endfacet
facet normal -0.964326 -0.264717 -1.17418e-15
  outer loop
    vertex 17.21285280579896 46.58175049316094 9.670735181765233
    vertex 16.87333325574244 47.81857171122397 9.675134914999706
    vertex 17.04180007738505 47.20487114666875 8.567135482517379
  endloop
endfacet
facet normal -0.964326 -0.264717 -1.31212e-15
  outer loop
    vertex 11.28706962298304 68.16853208770463 15.27651015621822
    vertex 11.11989416012584 68.77752841668445 16.3779593581042
    vertex 10.95104262947859 69.39263042118513 15.27974676150222
  endloop
endfacet
facet normal -0.964326 -0.264717 3.15481e-16
  outer loop
    vertex 11.95684295852329 65.7286435082366 10.86134019697367
    vertex 12.29503230775078 64.496668021765 10.85533942114364
    vertex 12.12701921719958 65.10871570877295 11.96016296528867
  endloop
endfacet
facet normal -0.964326 -0.264717 -1.28359e-15
  outer loop
    vertex 20.43083496118319 34.85910121283267 12.94052028786408
    vertex 20.2635371133514 35.46854337279133 14.0460033245031
    vertex 20.09350709530757 36.08793843852241 12.94556496813722
  endloop
endfacet
facet normal -0.964326 -0.264717 -9.11238e-16
  outer loop
    vertex 20.76562075480708 33.63952439320276 10.73160076833698
    vertex 20.59790049931258 34.25050532393274 11.83380554315875
    vertex 20.42853484288028 34.86748021522183 10.73539587124952
  endloop
endfacet
facet normal -0.964326 -0.264717 -1.5197e-15
  outer loop
    vertex 19.07971811860598 39.78102685364963 12.96227941081461
    vertex 18.90934957879893 40.40165510580388 11.85776863615295
    vertex 19.2478193661604 39.16865802327284 11.85277862707631
  endloop
endfacet
facet normal -0.964326 -0.264717 8.47718e-16
  outer loop
    vertex 11.61271396940915 66.98225625429524 6.450134422071633
    vertex 11.77938660431169 66.37509165572169 5.341586626220838
    vertex 11.94945268484998 65.75556521947509 6.446534432345866
  endloop
endfacet
facet normal -0.964326 -0.264717 -4.41313e-16
  outer loop
    vertex 19.59262329585214 37.91258656511005 18.47435560557685
    vertex 19.42203472578771 38.53401635605904 17.37019470611561
    vertex 19.76044449033915 37.30123792805026 17.36467886411592
  endloop
endfacet
facet normal -0.964326 -0.264717 -1.43014e-15
  outer loop
    vertex 16.53697284126622 49.04388464967306 11.89442960958947
    vertex 16.36589833065127 49.66708465262752 10.79328374648678
    vertex 16.70529031870042 48.43072812473417 10.78556735396389
  endloop
endfacet
facet normal -0.964326 -0.264717 -2.45328e-16
  outer loop
    vertex 11.44077938415332 67.60858938629862 5.322020799737718
    vertex 11.59933714752457 67.0309861054462 4.181356403331192
    vertex 11.77938660431169 66.37509165572169 5.341586626220838
  endloop
endfacet
facet normal -0.964326 -0.264717 9.50323e-17
  outer loop
    vertex 11.44681076499511 67.58661792751781 20.79503763774856
    vertex 11.09864229620846 68.85494592095489 20.79929663428507
    vertex 11.2892717028059 68.1605102254928 19.68666213474907
  endloop
endfacet
facet normal -0.964326 -0.264717 -7.90719e-17
  outer loop
    vertex 20.59790049931258 34.25050532393274 11.83380554315875
    vertex 20.43083496118319 34.85910121283267 12.94052028786408
    vertex 20.26112813668299 35.4773189306548 11.83997302358807
  endloop
endfacet
facet normal -0.964326 -0.264717 1.39198e-15
  outer loop
    vertex 19.59262329585214 37.91258656511005 18.47435560557685
    vertex 19.25412710758924 39.14567982235347 18.48026850575829
    vertex 19.42203472578771 38.53401635605904 17.37019470611561
  endloop
endfacet
facet normal -0.964326 -0.264717 -1.02045e-15
  outer loop
    vertex 19.41804455231744 38.54855198798648 12.95652835859119
    vertex 19.07971811860598 39.78102685364963 12.96227941081461
    vertex 19.2478193661604 39.16865802327284 11.85277862707631
  endloop
endfacet
facet normal -0.964326 -0.264717 -3.6172e-15
  outer loop
    vertex 20.24418564782226 35.5390379972189 5.215900140588698
    vertex 20.07342051203553 36.16111099187059 4.110493273354393
    vertex 20.41247911041915 34.92596895490166 4.110700148629969
  endloop
endfacet
facet normal -0.964326 -0.264717 2.1797e-15
  outer loop
    vertex 19.59262329585214 37.91258656511005 18.47435560557685
    vertex 19.42136097482043 38.53647073458271 19.59266509550137
    vertex 19.25412710758924 39.14567982235347 18.48026850575829
  endloop
endfacet
facet normal -0.964326 -0.264717 7.24199e-16
  outer loop
    vertex 21.43108913445346 31.2153181530624 21.89001653106035
    vertex 21.09229148310675 32.44950959725399 21.88785518980172
    vertex 21.26292940367115 31.82790002948368 20.78095487872883
  endloop
endfacet
facet normal -0.964326 -0.264717 5.97724e-16
  outer loop
    vertex 12.28419961873299 64.53612996032983 6.422789243059124
    vertex 12.62373411666864 63.29925428927854 6.409439050517318
    vertex 12.4593396336733 63.89811990590442 7.53820311160711
  endloop
endfacet
facet normal -0.964326 -0.264717 -1.45543e-15
  outer loop
    vertex 19.93062091455099 36.68130952556425 18.46729181158066
    vertex 19.76044449033915 37.30123792805026 17.36467886411592
    vertex 20.09834996741479 36.07029654727469 17.35885117354511
  endloop
endfacet
facet normal -0.964326 -0.264717 5.67782e-16
  outer loop
    vertex 18.73741553011443 41.02798628315456 8.53836293769562
    vertex 18.56886633717491 41.64198691457711 9.648257308500332
    vertex 18.39836348200269 42.26310445841877 8.544522498553201
  endloop
endfacet
facet normal -0.964326 -0.264717 1.26286e-15
  outer loop
    vertex 12.28419961873299 64.53612996032983 6.422789243059124
    vertex 12.4593396336733 63.89811990590442 7.53820311160711
    vertex 12.12157778655944 65.12853806324776 7.546362276222751
  endloop
endfacet
facet normal -0.964326 -0.264717 -2.75113e-16
  outer loop
    vertex 20.92462842857014 33.06028215306591 20.77633045639008
    vertex 21.09747239700691 32.43063626804626 19.67347886804693
    vertex 21.26292940367115 31.82790002948368 20.78095487872883
  endloop
endfacet
facet normal -0.964326 -0.264717 8.463e-16
  outer loop
    vertex 20.93496440397425 33.02262967123666 9.632893241219744
    vertex 20.59626515327577 34.25646265592397 9.633170205130618
    vertex 20.76357618064229 33.64697248480307 8.530830087578291
  endloop
endfacet
facet normal -0.964326 -0.264717 -8.8234e-17
  outer loop
    vertex 19.41804455231744 38.54855198798648 12.95652835859119
    vertex 19.2478193661604 39.16865802327284 11.85277862707631
    vertex 19.58637627302261 37.93534357684621 11.84667253080812
  endloop
endfacet
facet normal -0.964326 -0.264717 -1.26525e-15
  outer loop
    vertex 20.60318757692061 34.2312452555035 16.24627383450353
    vertex 20.43542048903921 34.8423967899286 17.35141542016952
    vertex 20.26602198184917 35.45949135183514 16.252024546139
  endloop
endfacet
facet normal -0.964326 -0.264717 -4.29197e-16
  outer loop
    vertex 13.31376268694306 60.78557878327886 15.26524918283169
    vertex 13.48336449783559 60.1677436150275 14.15342373483586
    vertex 13.65364282271739 59.54744400295809 15.2577508769965
  endloop
endfacet
facet normal -0.964326 -0.264717 -1.27998e-15
  outer loop
    vertex 11.78346226021311 66.36024462350939 7.55359207379544
    vertex 11.94945268484998 65.75556521947509 6.446534432345866
    vertex 12.12157778655944 65.12853806324776 7.546362276222751
  endloop
endfacet
facet normal -0.964326 -0.264717 -6.12114e-16
  outer loop
    vertex 20.43083496118319 34.85910121283267 12.94052028786408
    vertex 20.09350709530757 36.08793843852241 12.94556496813722
    vertex 20.26112813668299 35.4773189306548 11.83997302358807
  endloop
endfacet
facet normal -0.964326 -0.264717 -1.14786e-15
  outer loop
    vertex 11.10972821755099 68.81456149320711 7.57140845846394
    vertex 11.27498633629996 68.21254977490727 6.444774942663503
    vertex 11.44600875599515 67.58953953173196 7.564089409502916
  endloop
endfacet
facet normal -0.964326 -0.264717 4.05921e-16
  outer loop
    vertex 16.16969037293664 50.38184221287367 3
    vertex 16.34340029047622 49.74904179897948 4.116147617887846
    vertex 16.00229038556679 50.99165645257813 4.112586846264443
  endloop
endfacet
facet normal -0.964326 -0.264717 -2.27385e-15
  outer loop
    vertex 20.43542048903921 34.8423967899286 17.35141542016952
    vertex 20.26712631464656 35.45546842521609 18.45754907563659
    vertex 20.09834996741479 36.07029654727469 17.35885117354511
  endloop
endfacet
facet normal -0.964326 -0.264717 -1.11254e-15
  outer loop
    vertex 11.79504559844625 66.31804817708866 18.57899079952435
    vertex 11.62445801149937 66.93947438668087 19.67782659794264
    vertex 11.4580862115127 67.54554308663231 18.58151135420923
  endloop
endfacet
facet normal -0.964326 -0.264717 5.49005e-16
  outer loop
    vertex 21.26350259245648 31.82581198462282 5.217614921656007
    vertex 21.09268760830843 32.44806656973358 4.111330645734087
    vertex 21.43118739531294 31.21496020278856 4.109872493342223
  endloop
endfacet
facet normal -0.964326 -0.264717 -4.1328e-16
  outer loop
    vertex 16.67876149174658 48.52736885149459 4.110288979210817
    vertex 16.34340029047622 49.74904179897948 4.116147617887846
    vertex 16.50907111880993 49.14552663862095 3
  endloop
endfacet
facet normal -0.964326 -0.264717 -1.85379e-15
  outer loop
    vertex 10.7823339020041 70.00721221412792 14.18482318454321
    vertex 10.94911436588806 69.3996548099792 13.08419905938379
    vertex 11.11802915609422 68.78432235994249 14.17957547390208
  endloop
endfacet
facet normal -0.964326 -0.264717 -5.49933e-16
  outer loop
    vertex 19.7559574184593 37.31758368989826 12.95094009391828
    vertex 19.41804455231744 38.54855198798648 12.95652835859119
    vertex 19.58637627302261 37.93534357684621 11.84667253080812
  endloop
endfacet
facet normal -0.964326 -0.264717 -7.71247e-16
  outer loop
    vertex 17.86659410230311 44.20026434161009 20.77942204157836
    vertex 18.20894800207389 42.95311799244512 20.77546099591845
    vertex 18.03628393530385 43.58210852139312 21.89053141515629
  endloop
endfacet
facet normal -0.964326 -0.264717 1.12602e-15
  outer loop
    vertex 20.09350709530757 36.08793843852241 12.94556496813722
    vertex 19.92424094037387 36.7045508600666 11.84312917549572
    vertex 20.26112813668299 35.4773189306548 11.83997302358807
  endloop
endfacet
facet normal -0.964326 -0.264717 3.95712e-16
  outer loop
    vertex 11.45644069996739 67.5515374501188 16.37497432696224
    vertex 11.79326732221799 66.32452618334875 16.37089206789782
    vertex 11.62598656540353 66.93390608317286 17.47541477000832
  endloop
endfacet
facet normal -0.964326 -0.264717 -2.04376e-15
  outer loop
    vertex 19.93062091455099 36.68130952556425 18.46729181158066
    vertex 19.59262329585214 37.91258656511005 18.47435560557685
    vertex 19.76044449033915 37.30123792805026 17.36467886411592
  endloop
endfacet
facet normal -0.964326 -0.264717 1.67753e-15
  outer loop
    vertex 19.40734102294106 38.58754341642898 6.323550484881494
    vertex 19.06818054042019 39.82305660275502 6.323679545597984
    vertex 19.23103168359111 39.22981315263237 5.213025532178399
  endloop
endfacet
facet normal -0.964326 -0.264717 6.37972e-16
  outer loop
    vertex 10.60756315252634 70.64387708722549 8.687775077626636
    vertex 10.77386711158055 70.03805552209941 7.586563970037454
    vertex 10.94324728581276 69.42102774453922 8.681024853852612
  endloop
endfacet
facet normal -0.964326 -0.264717 7.55858e-16
  outer loop
    vertex 20.26712631464656 35.45546842521609 18.45754907563659
    vertex 20.09114127753807 36.09655677468272 19.58922995060991
    vertex 19.93062091455099 36.68130952556425 18.46729181158066
  endloop
endfacet
facet normal -0.964326 -0.264717 -6.21201e-16
  outer loop
    vertex 21.60442924521728 30.58386489242276 16.3897629565454
    vertex 21.44030626948068 31.1817414468918 15.28904130559993
    vertex 21.76620495287156 29.99453910025359 15.31276181712016
  endloop
endfacet
facet normal -0.964326 -0.264717 -9.86793e-17
  outer loop
    vertex 11.62598656540353 66.93390608317286 17.47541477000832
    vertex 11.4580862115127 67.54554308663231 18.58151135420923
    vertex 11.28881798212094 68.16216306513085 17.47931991889985
  endloop
endfacet
facet normal -0.964326 -0.264717 -1.80549e-15
  outer loop
    vertex 21.61623244028075 30.54086753897727 9.812471492906633
    vertex 21.78283970298596 29.93394108197971 8.749494532340183
    vertex 21.96062336694893 29.28630059182889 9.935629554233778
  endloop
endfacet
facet normal -0.964326 -0.264717 -7.04599e-16
  outer loop
    vertex 12.63067758243945 63.27396023539916 8.644127326897248
    vertex 12.29186475568157 64.50820696144572 8.648195223978639
    vertex 12.4593396336733 63.89811990590442 7.53820311160711
  endloop
endfacet
facet normal -0.964326 -0.264717 -5.59127e-16
  outer loop
    vertex 11.79504559844625 66.31804817708866 18.57899079952435
    vertex 11.95334191178235 65.74139732136429 19.67772388228936
    vertex 11.62445801149937 66.93947438668087 19.67782659794264
  endloop
endfacet
facet normal -0.964326 -0.264717 -3.53907e-16
  outer loop
    vertex 19.7559574184593 37.31758368989826 12.95094009391828
    vertex 19.58637627302261 37.93534357684621 11.84667253080812
    vertex 19.92424094037387 36.7045508600666 11.84312917549572
  endloop
endfacet
facet normal -0.964326 -0.264717 -2.33462e-15
  outer loop
    vertex 20.26712631464656 35.45546842521609 18.45754907563659
    vertex 19.93062091455099 36.68130952556425 18.46729181158066
    vertex 20.09834996741479 36.07029654727469 17.35885117354511
  endloop
endfacet
facet normal -0.964326 -0.264717 3.15803e-16
  outer loop
    vertex 11.94945268484998 65.75556521947509 6.446534432345866
    vertex 12.28419961873299 64.53612996032983 6.422789243059124
    vertex 12.12157778655944 65.12853806324776 7.546362276222751
  endloop
endfacet
facet normal -0.964326 -0.264717 -1.66653e-15
  outer loop
    vertex 20.41433469762043 34.9192093158113 21.8732050534327
    vertex 20.07471586079194 36.15639222140079 21.85894098359971
    vertex 20.25087731978116 35.51466119222579 20.72395956226113
  endloop
endfacet
facet normal -0.964326 -0.264717 6.64916e-16
  outer loop
    vertex 15.17763028457453 53.99577539190706 9.705469737752409
    vertex 14.83776626939843 55.23385144719144 9.708960608660249
    vertex 15.00581730234171 54.62166554146947 8.60178493622673
  endloop
endfacet
facet normal -0.964326 -0.264717 -1.28759e-15
  outer loop
    vertex 20.76562075480708 33.63952439320276 10.73160076833698
    vertex 20.42853484288028 34.86748021522183 10.73539587124952
    vertex 20.59626515327577 34.25646265592397 9.633170205130618
  endloop
endfacet
facet normal -0.964326 -0.264717 1.35903e-15
  outer loop
    vertex 20.09350709530757 36.08793843852241 12.94556496813722
    vertex 19.7559574184593 37.31758368989826 12.95094009391828
    vertex 19.92424094037387 36.7045508600666 11.84312917549572
  endloop
endfacet
facet normal -0.964326 -0.264717 -0
  outer loop
    vertex 22.61792454452924 26.89184630207204 12.99999999999997
    vertex 22.29823173380837 28.05644154112664 12.21562990550796
    vertex 22.61792454452924 26.89184630207204 11.74999999999997
  endloop
endfacet
facet normal -0.964326 -0.264717 -1.8749e-16
  outer loop
    vertex 11.62598656540353 66.93390608317286 17.47541477000832
    vertex 11.79504559844625 66.31804817708866 18.57899079952435
    vertex 11.4580862115127 67.54554308663231 18.58151135420923
  endloop
endfacet
facet normal -0.964326 -0.264717 4.92578e-16
  outer loop
    vertex 11.62445801149937 66.93947438668087 19.67782659794264
    vertex 11.44681076499511 67.58661792751781 20.79503763774856
    vertex 11.2892717028059 68.1605102254928 19.68666213474907
  endloop
endfacet
facet normal -0.964326 -0.264717 1.36664e-15
  outer loop
    vertex 20.59790049931258 34.25050532393274 11.83380554315875
    vertex 20.26112813668299 35.4773189306548 11.83997302358807
    vertex 20.42853484288028 34.86748021522183 10.73539587124952
  endloop
endfacet
facet normal -0.964326 -0.264717 -1.25792e-15
  outer loop
    vertex 13.65364282271739 59.54744400295809 15.2577508769965
    vertex 13.48336449783559 60.1677436150275 14.15342373483586
    vertex 13.82381362311569 58.92753608722141 14.14889318261383
  endloop
endfacet
facet normal -0.964326 -0.264717 -2.85712e-15
  outer loop
    vertex 11.11291418939289 68.8029554529259 9.776109508965092
    vertex 11.27939206155802 68.19650034718153 8.672136028949179
    vertex 11.44942381483007 67.57709896026188 9.768981223131235
  endloop
endfacet
facet normal -0.964326 -0.264717 2.54721e-16
  outer loop
    vertex 18.90934957879893 40.40165510580388 11.85776863615295
    vertex 19.07791386265464 39.78759950032953 10.74740765178166
    vertex 19.2478193661604 39.16865802327284 11.85277862707631
  endloop
endfacet
facet normal -0.964326 -0.264717 7.48204e-16
  outer loop
    vertex 11.61628416780183 66.96925053157904 8.662657978391271
    vertex 11.78346226021311 66.36024462350939 7.55359207379544
    vertex 11.95387120381597 65.73946918609897 8.655207302328638
  endloop
endfacet
facet normal -0.964326 -0.264717 1.75863e-15
  outer loop
    vertex 20.43542048903921 34.8423967899286 17.35141542016952
    vertex 20.09834996741479 36.07029654727469 17.35885117354511
    vertex 20.26602198184917 35.45949135183514 16.252024546139
  endloop
endfacet
facet normal -0.964326 -0.264717 1.14208e-15
  outer loop
    vertex 19.7559574184593 37.31758368989826 12.95094009391828
    vertex 19.92613967152864 36.6976340537171 14.05160287564337
    vertex 19.5882992811251 37.92833833304429 14.05915620075614
  endloop
endfacet
facet normal -0.964326 -0.264717 -8.38768e-16
  outer loop
    vertex 21.6061586310297 30.57756498696323 14.2048121544309
    vertex 21.44406351298188 31.16805434556601 13.10135503576732
    vertex 21.77541800273686 29.96097727574431 13.11435395955249
  endloop
endfacet
facet normal -0.964326 -0.264717 -9.67182e-16
  outer loop
    vertex 20.2635371133514 35.46854337279133 14.0460033245031
    vertex 19.92613967152864 36.6976340537171 14.05160287564337
    vertex 20.09350709530757 36.08793843852241 12.94556496813722
  endloop
endfacet
facet normal -0.964326 -0.264717 2.75252e-16
  outer loop
    vertex 11.78346226021311 66.36024462350939 7.55359207379544
    vertex 12.12157778655944 65.12853806324776 7.546362276222751
    vertex 11.95387120381597 65.73946918609897 8.655207302328638
  endloop
endfacet
facet normal -0.964326 -0.264717 -2.65492e-16
  outer loop
    vertex 12.12157778655944 65.12853806324776 7.546362276222751
    vertex 12.29186475568157 64.50820696144572 8.648195223978639
    vertex 11.95387120381597 65.73946918609897 8.655207302328638
  endloop
endfacet
facet normal -0.964326 -0.264717 -3.71773e-16
  outer loop
    vertex 14.16293788800893 57.69215483653891 14.14515700294396
    vertex 13.82381362311569 58.92753608722141 14.14889318261383
    vertex 13.99309839357097 58.31085585199146 13.03976851386645
  endloop
endfacet
facet normal -0.964326 -0.264717 -6.29769e-16
  outer loop
    vertex 11.95387120381597 65.73946918609897 8.655207302328638
    vertex 12.29186475568157 64.50820696144572 8.648195223978639
    vertex 12.12417359787379 65.11908189345978 9.756242386651149
  endloop
endfacet
facet normal -0.964326 -0.264717 -5.92695e-17
  outer loop
    vertex 20.60318757692061 34.2312452555035 16.24627383450353
    vertex 20.26602198184917 35.45949135183514 16.252024546139
    vertex 20.43346162648858 34.84953264636303 15.14615950783855
  endloop
endfacet
facet normal -0.964326 -0.264717 -2.41145e-15
  outer loop
    vertex 11.44942381483007 67.57709896026188 9.768981223131235
    vertex 11.61628416780183 66.96925053157904 8.662657978391271
    vertex 11.78647015555475 66.34928729047911 9.762001237860421
  endloop
endfacet
facet normal -0.964326 -0.264717 -2.44368e-16
  outer loop
    vertex 19.2478193661604 39.16865802327284 11.85277862707631
    vertex 19.07791386265464 39.78759950032953 10.74740765178166
    vertex 19.41692679546 38.55262381653858 10.74093274748824
  endloop
endfacet
facet normal -0.964326 -0.264717 -0
  outer loop
    vertex 22.61792454452924 26.89184630207204 14.24999999999997
    vertex 22.3313600057347 27.93575997910931 13.62499999999996
    vertex 22.61792454452924 26.89184630207204 12.99999999999997
  endloop
endfacet
facet normal -0.964326 -0.264717 -3.35111e-16
  outer loop
    vertex 12.12417359787379 65.11908189345978 9.756242386651149
    vertex 12.29503230775078 64.496668021765 10.85533942114364
    vertex 11.95684295852329 65.7286435082366 10.86134019697367
  endloop
endfacet
facet normal -0.964326 -0.264717 -8.79e-16
  outer loop
    vertex 10.44516326360471 71.23547668258286 12.00088486858399
    vertex 10.78015958482281 70.01513294100261 11.98753343733858
    vertex 10.61372080934787 70.6214456230899 13.09204924233591
  endloop
endfacet
facet normal -0.964326 -0.264717 7.01734e-16
  outer loop
    vertex 11.45644069996739 67.5515374501188 16.37497432696224
    vertex 11.62598656540353 66.93390608317286 17.47541477000832
    vertex 11.28881798212094 68.16216306513085 17.47931991889985
  endloop
endfacet
facet normal -0.964326 -0.264717 -1.50769e-15
  outer loop
    vertex 11.95387120381597 65.73946918609897 8.655207302328638
    vertex 12.12417359787379 65.11908189345978 9.756242386651149
    vertex 11.78647015555475 66.34928729047911 9.762001237860421
  endloop
endfacet
facet normal -0.964326 -0.264717 4.34763e-16
  outer loop
    vertex 19.91925937832108 36.7226979789732 7.42332366194977
    vertex 20.09045581463361 36.09905381812041 8.530687403791379
    vertex 19.7532009972225 37.32762493868945 8.520932347476128
  endloop
endfacet
facet normal -0.964326 -0.264717 1.59821e-15
  outer loop
    vertex 11.78917662591624 66.33942800559083 11.96691140865735
    vertex 11.95684295852329 65.7286435082366 10.86134019697367
    vertex 12.12701921719958 65.10871570877295 11.96016296528867
  endloop
endfacet
facet normal -0.964326 -0.264717 -0
  outer loop
    vertex 22.61792454452924 26.89184630207204 10.49999999999998
    vertex 22.31306170741104 28.00241806585976 9.959335987017775
    vertex 22.61792454452924 26.89184630207204 9.24999999999998
  endloop
endfacet
facet normal -0.964326 -0.264717 8.08828e-16
  outer loop
    vertex 20.09350709530757 36.08793843852241 12.94556496813722
    vertex 19.92613967152864 36.6976340537171 14.05160287564337
    vertex 19.7559574184593 37.31758368989826 12.95094009391828
  endloop
endfacet
facet normal -0.964326 -0.264717 -3.51703e-16
  outer loop
    vertex 10.93918795413684 69.43581530993008 6.458607964826316
    vertex 11.27498633629996 68.21254977490727 6.444774942663503
    vertex 11.10972821755099 68.81456149320711 7.57140845846394
  endloop
endfacet
facet normal -0.964326 -0.264717 0
  outer loop
    vertex 9.382075455470758 75.10815369792796 12.99999999999997
    vertex 9.64039579389609 74.16712960794996 13.71741468703955
    vertex 9.382075455470758 75.10815369792796 14.24999999999997
  endloop
endfacet
facet normal -0.964326 -0.264717 2.68046e-16
  outer loop
    vertex 10.42831081794952 71.29686773461248 7.57516692644385
    vertex 10.5988679160449 70.67555259155074 6.470257845981497
    vertex 10.77386711158055 70.03805552209941 7.586563970037454
  endloop
endfacet
facet normal -0.964326 -0.264717 -0
  outer loop
    vertex 22.61792454452924 26.89184630207204 9.24999999999998
    vertex 22.34883046527581 27.87211759078097 8.683112533477924
    vertex 22.61792454452924 26.89184630207204 7.999999999999986
  endloop
endfacet
facet normal -0.964326 -0.264717 7.91821e-16
  outer loop
    vertex 11.45644069996739 67.5515374501188 16.37497432696224
    vertex 11.28881798212094 68.16216306513085 17.47931991889985
    vertex 11.11989416012584 68.77752841668445 16.3779593581042
  endloop
endfacet
facet normal -0.964326 -0.264717 3.52878e-16
  outer loop
    vertex 17.72007065598163 44.73402832463834 8.556069546757803
    vertex 17.89108154456817 44.11106008764454 9.658443656507457
    vertex 17.55219219388574 45.34558557941621 9.665464915394253
  endloop
endfacet
facet normal -0.964326 -0.264717 1.9239e-15
  outer loop
    vertex 19.59262329585214 37.91258656511005 18.47435560557685
    vertex 19.75831733220991 37.30898686123533 19.58887329119134
    vertex 19.42136097482043 38.53647073458271 19.59266509550137
  endloop
endfacet
facet normal -0.964326 -0.264717 -0
  outer loop
    vertex 22.61792454452924 26.89184630207204 15.49999999999997
    vertex 22.33136000573469 27.93575997910931 14.87499999999997
    vertex 22.61792454452924 26.89184630207204 14.24999999999997
  endloop
endfacet
facet normal -0.964326 -0.264717 6.0384e-16
  outer loop
    vertex 20.59626515327577 34.25646265592397 9.633170205130618
    vertex 20.42663424690509 34.87440381484573 8.532674766547569
    vertex 20.76357618064229 33.64697248480307 8.530830087578291
  endloop
endfacet
facet normal -0.964326 -0.264717 -1.32724e-15
  outer loop
    vertex 20.9316112488705 33.03484473625744 7.430695387467567
    vertex 20.75718164934169 33.6702668488267 6.326332502087975
    vertex 21.09801957452365 32.42864297852099 6.326171547478943
  endloop
endfacet
facet normal -0.964326 -0.264717 -8.57916e-16
  outer loop
    vertex 21.44030626948068 31.1817414468918 15.28904130559993
    vertex 21.27974186559872 31.76665463246179 14.16992559587385
    vertex 21.6061586310297 30.57756498696323 14.2048121544309
  endloop
endfacet
facet normal -0.964326 -0.264717 1.47774e-15
  outer loop
    vertex 19.93062091455099 36.68130952556425 18.46729181158066
    vertex 19.75831733220991 37.30898686123533 19.58887329119134
    vertex 19.59262329585214 37.91258656511005 18.47435560557685
  endloop
endfacet
facet normal -0.964326 -0.264717 3.93591e-16
  outer loop
    vertex 20.09114127753807 36.09655677468272 19.58922995060991
    vertex 19.75831733220991 37.30898686123533 19.58887329119134
    vertex 19.93062091455099 36.68130952556425 18.46729181158066
  endloop
endfacet
facet normal -0.964326 -0.264717 3.12681e-16
  outer loop
    vertex 19.57080780698832 37.99205727454255 5.20820022832735
    vertex 19.74520573733696 37.35675052827251 6.3182297137897
    vertex 19.40734102294106 38.58754341642898 6.323550484881494
  endloop
endfacet
facet normal -0.964326 -0.264717 -5.93491e-16
  outer loop
    vertex 11.44942381483007 67.57709896026188 9.768981223131235
    vertex 11.78647015555475 66.34928729047911 9.762001237860421
    vertex 11.61918584684457 66.95868012935192 10.86738376224079
  endloop
endfacet
facet normal -0.964326 -0.264717 -2.64346e-15
  outer loop
    vertex 19.92844061784558 36.68925203499109 16.25763079553233
    vertex 20.09610643546445 36.07846941366522 15.15156541772721
    vertex 20.26602198184917 35.45949135183514 16.252024546139
  endloop
endfacet
facet normal -0.964326 -0.264717 -1.6945e-15
  outer loop
    vertex 21.44406351298188 31.16805434556601 13.10135503576732
    vertex 21.27672361334578 31.77764969424039 11.964817831903
    vertex 21.6106900519094 30.56105766804434 12.01762224645358
  endloop
endfacet
facet normal -0.964326 -0.264717 -1.31591e-15
  outer loop
    vertex 14.30770154058454 57.16480153072774 4.115158283602121
    vertex 14.48339600933681 56.52477168027305 5.23262239608934
    vertex 14.15008337513185 57.73898199059111 5.273674784500453
  endloop
endfacet
facet normal -0.964326 -0.264717 0
  outer loop
    vertex 9.382075455470758 75.10815369792796 15.49999999999997
    vertex 9.71782457388443 73.88506762370672 16.14269841645893
    vertex 9.382075455470758 75.10815369792796 16.74999999999998
  endloop
endfacet
facet normal -0.964326 -0.264717 -2.2887e-15
  outer loop
    vertex 11.61628416780183 66.96925053157904 8.662657978391271
    vertex 11.95387120381597 65.73946918609897 8.655207302328638
    vertex 11.78647015555475 66.34928729047911 9.762001237860421
  endloop
endfacet
facet normal -0.964326 -0.264717 -2.75369e-16
  outer loop
    vertex 12.4593396336733 63.89811990590442 7.53820311160711
    vertex 12.29186475568157 64.50820696144572 8.648195223978639
    vertex 12.12157778655944 65.12853806324776 7.546362276222751
  endloop
endfacet
facet normal -0.964326 -0.264717 -1.21314e-15
  outer loop
    vertex 13.14446591491473 61.40230273852491 14.16069551047001
    vertex 13.31376268694306 60.78557878327886 15.26524918283169
    vertex 12.97477024033252 62.02047983878866 15.27155334845013
  endloop
endfacet
facet normal -0.964326 -0.264717 -1.55172e-16
  outer loop
    vertex 16.50907111880993 49.14552663862095 3
    vertex 16.34340029047622 49.74904179897948 4.116147617887846
    vertex 16.16969037293664 50.38184221287367 3
  endloop
endfacet
facet normal -0.964326 -0.264717 0
  outer loop
    vertex 21.6061586310297 30.57756498696323 14.2048121544309
    vertex 21.27974186559872 31.76665463246179 14.16992559587385
    vertex 21.44406351298188 31.16805434556601 13.10135503576732
  endloop
endfacet
facet normal -0.964326 -0.264717 -0
  outer loop
    vertex 22.61792454452924 26.89184630207204 16.74999999999998
    vertex 22.29509336011011 28.06787418817031 16.25303346610007
    vertex 22.61792454452924 26.89184630207204 15.49999999999997
  endloop
endfacet
facet normal -0.964326 -0.264717 7.24288e-16
  outer loop
    vertex 21.77900312792171 29.94791717685663 10.93108441526254
    vertex 21.61623244028075 30.54086753897727 9.812471492906633
    vertex 21.96062336694893 29.28630059182889 9.935629554233778
  endloop
endfacet
facet normal -0.964326 -0.264717 -1.64735e-15
  outer loop
    vertex 11.28706962298304 68.16853208770463 15.27651015621822
    vertex 11.45644069996739 67.5515374501188 16.37497432696224
    vertex 11.11989416012584 68.77752841668445 16.3779593581042
  endloop
endfacet
facet normal -0.964326 -0.264717 -1.07736e-15
  outer loop
    vertex 18.40037265160174 42.25578534059367 10.75785788746124
    vertex 18.56886633717491 41.64198691457711 9.648257308500332
    vertex 18.73913258335827 41.02173130348057 10.7531069497846
  endloop
endfacet
facet normal -0.964326 -0.264717 3.15249e-15
  outer loop
    vertex 17.04475300814912 47.19411404174247 10.77970613348191
    vertex 17.38396586979387 45.9584100457509 10.77460622632364
    vertex 17.21501792298972 46.57386328053745 11.88334067537733
  endloop
endfacet
facet normal -0.964326 -0.264717 0
  outer loop
    vertex 9.382075455470758 75.10815369792796 9.24999999999998
    vertex 9.687386232957145 73.99595015137041 9.862148233916894
    vertex 9.382075455470758 75.10815369792796 10.49999999999998
  endloop
endfacet
facet normal -0.964326 -0.264717 5.94601e-17
  outer loop
    vertex 11.62598656540353 66.93390608317286 17.47541477000832
    vertex 11.9619921908296 65.70988559054929 17.4760256958707
    vertex 11.79504559844625 66.31804817708866 18.57899079952435
  endloop
endfacet
facet normal -0.964326 -0.264717 6.69011e-16
  outer loop
    vertex 16.18185128056684 50.33754176364936 5.240510027775843
    vertex 16.52664801354521 49.08149652208532 5.250115223765298
    vertex 16.35925245987032 49.6912946104724 6.360269822702421
  endloop
endfacet
facet normal -0.964326 -0.264717 -1.19271e-15
  outer loop
    vertex 10.94324728581276 69.42102774453922 8.681024853852612
    vertex 11.27939206155802 68.19650034718153 8.672136028949179
    vertex 11.11291418939289 68.8029554529259 9.776109508965092
  endloop
endfacet
facet normal -0.964326 -0.264717 -1.12813e-15
  outer loop
    vertex 12.80565576906966 62.63653969838911 14.16534778594857
    vertex 12.97477024033252 62.02047983878866 15.27155334845013
    vertex 12.63671580020413 63.25196387068496 15.27470307971684
  endloop
endfacet
facet normal -0.964326 -0.264717 2.21166e-15
  outer loop
    vertex 20.2635371133514 35.46854337279133 14.0460033245031
    vertex 20.09610643546445 36.07846941366522 15.15156541772721
    vertex 19.92613967152864 36.6976340537171 14.05160287564337
  endloop
endfacet
facet normal -0.964326 -0.264717 -2.20133e-15
  outer loop
    vertex 12.2973250076093 64.48831604370899 13.06411197841934
    vertex 12.46702543179729 63.87012164130988 14.16845972761777
    vertex 12.1291301990401 65.10102570349677 14.17239287557308
  endloop
endfacet
facet normal -0.964326 -0.264717 -0
  outer loop
    vertex 22.61792454452924 26.89184630207204 7.999999999999986
    vertex 22.29541773255818 28.06669254568092 7.352349848432732
    vertex 22.61792454452924 26.89184630207204 6.74999999999999
  endloop
endfacet
facet normal -0.964326 -0.264717 -2.11711e-15
  outer loop
    vertex 18.06171401789235 43.48947036339215 10.76271449747439
    vertex 18.2299374058825 42.87665659285661 9.653549932972831
    vertex 18.40037265160174 42.25578534059367 10.75785788746124
  endloop
endfacet
facet normal -0.964326 -0.264717 2.44784e-15
  outer loop
    vertex 17.5542767780209 45.33799173720958 11.87862418203679
    vertex 17.72274394188145 44.72428992600327 10.76875589517982
    vertex 17.8932332471277 44.10322174260622 11.87268189334239
  endloop
endfacet
facet normal -0.964326 -0.264717 1.55199e-15
  outer loop
    vertex 12.46568830369033 63.87499260798525 11.95517947127455
    vertex 12.29503230775078 64.496668021765 10.85533942114364
    vertex 12.63366712568289 63.26306975644091 10.8462293601672
  endloop
endfacet
facet normal -0.964326 -0.264717 0
  outer loop
    vertex 9.382075455470758 75.10815369792796 16.74999999999998
    vertex 9.662001833332239 74.08842189286113 17.42017982277604
    vertex 9.382075455470758 75.10815369792796 17.99999999999998
  endloop
endfacet
facet normal -0.964326 -0.264717 -2.01994e-15
  outer loop
    vertex 18.03628393530385 43.58210852139312 21.89053141515629
    vertex 18.20894800207389 42.95311799244512 20.77546099591845
    vertex 18.37566522111306 42.345790980231 21.88971102078918
  endloop
endfacet
facet normal -0.964326 -0.264717 -1.09967e-15
  outer loop
    vertex 16.70221130616632 48.44194452753698 8.574180303330039
    vertex 16.87333325574244 47.81857171122397 9.675134914999706
    vertex 16.5346712403161 49.0522690531342 9.682789577997969
  endloop
endfacet
facet normal -0.964326 -0.264717 2.46493e-15
  outer loop
    vertex 16.20027758205654 50.27041737965116 14.110686483473
    vertex 15.86060679795457 51.50778952173692 14.11485004252565
    vertex 16.02931386648971 50.8932137720732 13.00707458434941
  endloop
endfacet
facet normal -0.964326 -0.264717 -6.29909e-16
  outer loop
    vertex 12.46901216993487 63.86288423809442 18.57722558326381
    vertex 12.12895479772085 65.10166466544548 18.57438695733949
    vertex 12.29946774677671 64.48051035102769 17.47819005156879
  endloop
endfacet
facet normal -0.964326 -0.264717 -6.66573e-16
  outer loop
    vertex 17.55219219388574 45.34558557941621 9.665464915394253
    vertex 17.72274394188145 44.72428992600327 10.76875589517982
    vertex 17.38396586979387 45.9584100457509 10.77460622632364
  endloop
endfacet
facet normal -0.964326 -0.264717 -1.6653e-15
  outer loop
    vertex 18.06171401789235 43.48947036339215 10.76271449747439
    vertex 17.89108154456817 44.11106008764454 9.658443656507457
    vertex 18.2299374058825 42.87665659285661 9.653549932972831
  endloop
endfacet
facet normal -0.964326 -0.264717 1.70368e-15
  outer loop
    vertex 13.48466902735378 60.1629914003541 16.36539883974945
    vertex 13.31376268694306 60.78557878327886 15.26524918283169
    vertex 13.65364282271739 59.54744400295809 15.2577508769965
  endloop
endfacet
facet normal -0.964326 -0.264717 4.88481e-16
  outer loop
    vertex 18.91539284015457 40.37964036800836 18.48643859353968
    vertex 19.08231390176917 39.77157078641233 19.59694224707488
    vertex 18.74469992326442 41.00145027953674 19.60359245620852
  endloop
endfacet
facet normal -0.964326 -0.264717 -3.91049e-16
  outer loop
    vertex 17.04475300814912 47.19411404174247 10.77970613348191
    vertex 16.87333325574244 47.81857171122397 9.675134914999706
    vertex 17.21285280579896 46.58175049316094 9.670735181765233
  endloop
endfacet
facet normal -0.964326 -0.264717 2.42897e-15
  outer loop
    vertex 20.43346162648858 34.84953264636303 15.14615950783855
    vertex 20.09610643546445 36.07846941366522 15.15156541772721
    vertex 20.2635371133514 35.46854337279133 14.0460033245031
  endloop
endfacet
facet normal -0.964326 -0.264717 0
  outer loop
    vertex 22.61792454452924 26.89184630207204 12.99999999999997
    vertex 22.3313600057347 27.93575997910931 13.62499999999996
    vertex 22.29823173380837 28.05644154112664 12.21562990550796
  endloop
endfacet
facet normal -0.964326 -0.264717 -5.50804e-16
  outer loop
    vertex 17.55925577521513 45.31985396171633 18.51048810955293
    vertex 17.72721796940948 44.70799168286547 19.61853517644164
    vertex 17.3910520903753 45.93259595648997 19.62457658949855
  endloop
endfacet
facet normal -0.964326 -0.264717 -2.48753e-15
  outer loop
    vertex 20.26602198184917 35.45949135183514 16.252024546139
    vertex 20.09610643546445 36.07846941366522 15.15156541772721
    vertex 20.43346162648858 34.84953264636303 15.14615950783855
  endloop
endfacet
facet normal -0.964326 -0.264717 -0
  outer loop
    vertex 22.61792454452924 26.89184630207204 19.24999999999999
    vertex 22.31443067133899 27.99743112583654 18.60688841395582
    vertex 22.61792454452924 26.89184630207204 17.99999999999998
  endloop
endfacet
facet normal -0.964326 -0.264717 7.83295e-16
  outer loop
    vertex 18.39836348200269 42.26310445841877 8.544522498553201
    vertex 18.2299374058825 42.87665659285661 9.653549932972831
    vertex 18.05924176441275 43.49847642963927 8.549819718327576
  endloop
endfacet
facet normal -0.964326 -0.264717 1.04379e-15
  outer loop
    vertex 18.06937733458478 43.46155399544117 19.61214207930805
    vertex 17.72721796940948 44.70799168286547 19.61853517644164
    vertex 17.89841031473774 44.08436242488395 18.50441441882587
  endloop
endfacet
facet normal -0.964326 -0.264717 1.92497e-15
  outer loop
    vertex 19.42136097482043 38.53647073458271 19.59266509550137
    vertex 19.08231390176917 39.77157078641233 19.59694224707488
    vertex 19.25412710758924 39.14567982235347 18.48026850575829
  endloop
endfacet
facet normal -0.964326 -0.264717 0
  outer loop
    vertex 9.382075455470758 75.10815369792796 6.74999999999999
    vertex 9.695485142415574 73.96644698120041 7.442140478276592
    vertex 9.382075455470758 75.10815369792796 7.999999999999986
  endloop
endfacet
facet normal -0.964326 -0.264717 -1.45981e-15
  outer loop
    vertex 19.75473784306916 37.3220264288195 10.73873441939825
    vertex 20.09244795802602 36.09179672433377 10.74177947582337
    vertex 19.92424094037387 36.7045508600666 11.84312917549572
  endloop
endfacet
facet normal -0.964326 -0.264717 5.09096e-16
  outer loop
    vertex 17.38107242983751 45.96895043416335 8.562363417874515
    vertex 17.21285280579896 46.58175049316094 9.670735181765233
    vertex 17.04180007738505 47.20487114666875 8.567135482517379
  endloop
endfacet
facet normal -0.964326 -0.264717 -7.33444e-16
  outer loop
    vertex 11.45644069996739 67.5515374501188 16.37497432696224
    vertex 11.6234142470689 66.94327667139186 15.27252624083345
    vertex 11.79326732221799 66.32452618334875 16.37089206789782
  endloop
endfacet
facet normal -0.964326 -0.264717 1.97967e-15
  outer loop
    vertex 16.36854736414606 49.65743460203933 13.00431922266198
    vertex 16.20027758205654 50.27041737965116 14.110686483473
    vertex 16.02931386648971 50.8932137720732 13.00707458434941
  endloop
endfacet
facet normal -0.964326 -0.264717 2.4773e-16
  outer loop
    vertex 10.5988679160449 70.67555259155074 6.470257845981497
    vertex 10.76082292115601 70.08557364436024 5.331766812074731
    vertex 10.93918795413684 69.43581530993008 6.458607964826316
  endloop
endfacet
facet normal -0.964326 -0.264717 2.07302e-15
  outer loop
    vertex 20.76357618064229 33.64697248480307 8.530830087578291
    vertex 20.59330555681748 34.26724404302201 7.430882469068969
    vertex 20.9316112488705 33.03484473625744 7.430695387467567
  endloop
endfacet
facet normal -0.964326 -0.264717 -0
  outer loop
    vertex 22.61792454452924 26.89184630207204 6.74999999999999
    vertex 22.39155176420421 27.71649000182754 6.159369103026242
    vertex 22.61792454452924 26.89184630207204 5.499999999999995
  endloop
endfacet
facet normal -0.964326 -0.264717 -1.17215e-16
  outer loop
    vertex 13.99309839357097 58.31085585199146 13.03976851386645
    vertex 13.82381362311569 58.92753608722141 14.14889318261383
    vertex 13.65338915026975 59.54836809544591 13.04379287240041
  endloop
endfacet
facet normal -0.964326 -0.264717 -2.37505e-16
  outer loop
    vertex 11.79326732221799 66.32452618334875 16.37089206789782
    vertex 11.9619921908296 65.70988559054929 17.4760256958707
    vertex 11.62598656540353 66.93390608317286 17.47541477000832
  endloop
endfacet
facet normal -0.964326 -0.264717 6.09126e-16
  outer loop
    vertex 13.65364282271739 59.54744400295809 15.2577508769965
    vertex 13.99268235932637 58.31237140531108 15.25337967192434
    vertex 13.82407209355361 58.92659451634042 16.3584546546825
  endloop
endfacet
facet normal -0.964326 -0.264717 1.36733e-16
  outer loop
    vertex 16.02350036465221 50.91439152876695 8.586734295890398
    vertex 15.85416209593771 51.53126665051263 9.696289852274916
    vertex 15.68367059599439 52.15234282887756 8.592124018931329
  endloop
endfacet
facet normal -0.964326 -0.264717 1.9237e-16
  outer loop
    vertex 10.5988679160449 70.67555259155074 6.470257845981497
    vertex 10.93918795413684 69.43581530993008 6.458607964826316
    vertex 10.77386711158055 70.03805552209941 7.586563970037454
  endloop
endfacet
facet normal -0.964326 -0.264717 -1.95936e-16
  outer loop
    vertex 16.53697284126622 49.04388464967306 11.89442960958947
    vertex 16.70529031870042 48.43072812473417 10.78556735396389
    vertex 16.87611323607739 47.80844464000379 11.88806014122752
  endloop
endfacet
facet normal -0.964326 -0.264717 1.56811e-16
  outer loop
    vertex 18.2299374058825 42.87665659285661 9.653549932972831
    vertex 17.89108154456817 44.11106008764454 9.658443656507457
    vertex 18.05924176441275 43.49847642963927 8.549819718327576
  endloop
endfacet
facet normal -0.964326 -0.264717 3.53878e-16
  outer loop
    vertex 12.63671580020413 63.25196387068496 15.27470307971684
    vertex 12.97477024033252 62.02047983878866 15.27155334845013
    vertex 12.80662733522445 62.63300042168237 16.37863428142013
  endloop
endfacet
facet normal -0.964326 -0.264717 0
  outer loop
    vertex 9.382075455470758 75.10815369792796 17.99999999999998
    vertex 9.666387962569431 74.07244385063993 18.62353064971791
    vertex 9.382075455470758 75.10815369792796 19.24999999999999
  endloop
endfacet
facet normal -0.964326 -0.264717 -3.05042e-16
  outer loop
    vertex 18.23750021331061 42.84910636579705 18.49821044918757
    vertex 18.40559127297011 42.23677464846603 19.60512726316886
    vertex 18.06937733458478 43.46155399544117 19.61214207930805
  endloop
endfacet
facet normal -0.964326 -0.264717 2.45617e-15
  outer loop
    vertex 20.42663424690509 34.87440381484573 8.532674766547569
    vertex 20.59330555681748 34.26724404302201 7.430882469068969
    vertex 20.76357618064229 33.64697248480307 8.530830087578291
  endloop
endfacet
facet normal -0.964326 -0.264717 -1.2307e-15
  outer loop
    vertex 22.61792454452924 26.89184630207204 14.24999999999997
    vertex 22.33136000573469 27.93575997910931 14.87499999999997
    vertex 22.3313600057347 27.93575997910931 13.62499999999996
  endloop
endfacet
facet normal -0.964326 -0.264717 1.58931e-15
  outer loop
    vertex 16.02652403079033 50.90337674497809 10.79795987606455
    vertex 16.36589833065127 49.66708465262752 10.79328374648678
    vertex 16.19753408951178 50.28041153106423 11.89899326825948
  endloop
endfacet
facet normal -0.964326 -0.264717 -5.92161e-17
  outer loop
    vertex 12.12417359787379 65.11908189345978 9.756242386651149
    vertex 11.95684295852329 65.7286435082366 10.86134019697367
    vertex 11.78647015555475 66.34928729047911 9.762001237860421
  endloop
endfacet
facet normal -0.964326 -0.264717 3.09849e-15
  outer loop
    vertex 11.61918584684457 66.95868012935192 10.86738376224079
    vertex 11.95684295852329 65.7286435082366 10.86134019697367
    vertex 11.78917662591624 66.33942800559083 11.96691140865735
  endloop
endfacet
facet normal -0.964326 -0.264717 -1.1717e-15
  outer loop
    vertex 22.61792454452924 26.89184630207204 9.24999999999998
    vertex 22.31306170741104 28.00241806585976 9.959335987017775
    vertex 22.34883046527581 27.87211759078097 8.683112533477924
  endloop
endfacet
facet normal -0.964326 -0.264717 2.94524e-17
  outer loop
    vertex 16.20027758205654 50.27041737965116 14.110686483473
    vertex 16.3702853906116 49.6511032199149 15.21136113412306
    vertex 16.03096085052428 50.88721404451869 15.21555791697249
  endloop
endfacet
facet normal -0.964326 -0.264717 1.26628e-15
  outer loop
    vertex 18.74469992326442 41.00145027953674 19.60359245620852
    vertex 18.40559127297011 42.23677464846603 19.60512726316886
    vertex 18.57650422795053 41.61416316960879 18.49217138350173
  endloop
endfacet
facet normal -0.964326 -0.264717 -3.05891e-15
  outer loop
    vertex 11.44600875599515 67.58953953173196 7.564089409502916
    vertex 11.27498633629996 68.21254977490727 6.444774942663503
    vertex 11.61271396940915 66.98225625429524 6.450134422071633
  endloop
endfacet
facet normal -0.964326 -0.264717 1.91296e-15
  outer loop
    vertex 21.6106900519094 30.56105766804434 12.01762224645358
    vertex 21.44409515241086 31.16793908764613 10.8567520649608
    vertex 21.77900312792171 29.94791717685663 10.93108441526254
  endloop
endfacet
facet normal -0.964326 -0.264717 -3.88537e-17
  outer loop
    vertex 17.03870234331191 47.21615574936375 6.350981924671039
    vertex 16.86606226099521 47.8450589063746 5.246974891028303
    vertex 17.20697308020145 46.60316949355187 5.236322416242799
  endloop
endfacet
facet normal -0.964326 -0.264717 2.19125e-15
  outer loop
    vertex 21.27672361334578 31.77764969424039 11.964817831903
    vertex 21.44409515241086 31.16793908764613 10.8567520649608
    vertex 21.6106900519094 30.56105766804434 12.01762224645358
  endloop
endfacet
facet normal -0.964326 -0.264717 -2.27167e-15
  outer loop
    vertex 18.40037265160174 42.25578534059367 10.75785788746124
    vertex 18.2299374058825 42.87665659285661 9.653549932972831
    vertex 18.56886633717491 41.64198691457711 9.648257308500332
  endloop
endfacet
facet normal -0.964326 -0.264717 2.18227e-16
  outer loop
    vertex 11.79124271171493 66.33190155018133 14.17295553262794
    vertex 11.6234142470689 66.94327667139186 15.27252624083345
    vertex 11.45420265409062 67.55969033152702 14.174424081611
  endloop
endfacet
facet normal -0.964326 -0.264717 -1.85841e-15
  outer loop
    vertex 16.70529031870042 48.43072812473417 10.78556735396389
    vertex 16.36589833065127 49.66708465262752 10.79328374648678
    vertex 16.5346712403161 49.0522690531342 9.682789577997969
  endloop
endfacet
facet normal -0.964326 -0.264717 -1.44953e-15
  outer loop
    vertex 17.89108154456817 44.11106008764454 9.658443656507457
    vertex 17.72274394188145 44.72428992600327 10.76875589517982
    vertex 17.55219219388574 45.34558557941621 9.665464915394253
  endloop
endfacet
facet normal -0.964326 -0.264717 -2.95326e-16
  outer loop
    vertex 12.46785554635372 63.86709765256857 16.38110431722521
    vertex 12.13021829462167 65.09706192673535 16.37501490692156
    vertex 12.29820542812304 64.4851087975518 15.27276788567073
  endloop
endfacet
facet normal -0.964326 -0.264717 -5.08568e-16
  outer loop
    vertex 16.36308891029898 49.67731896962515 8.580138752884384
    vertex 16.19464082877443 50.29095126660742 9.689532683599833
    vertex 16.02350036465221 50.91439152876695 8.586734295890398
  endloop
endfacet
facet normal -0.964326 -0.264717 -1.88775e-15
  outer loop
    vertex 20.9316112488705 33.03484473625744 7.430695387467567
    vertex 20.59330555681748 34.26724404302201 7.430882469068969
    vertex 20.75718164934169 33.6702668488267 6.326332502087975
  endloop
endfacet
facet normal -0.964326 -0.264717 -2.03538e-15
  outer loop
    vertex 21.09801957452365 32.42864297852099 6.326171547478943
    vertex 20.92468464444285 33.06007736667248 5.218682884811328
    vertex 21.26350259245648 31.82581198462282 5.217614921656007
  endloop
endfacet
facet normal -0.964326 -0.264717 -3.75031e-16
  outer loop
    vertex 20.09610643546445 36.07846941366522 15.15156541772721
    vertex 19.75853396721186 37.30819769087107 15.15697217367042
    vertex 19.92613967152864 36.6976340537171 14.05160287564337
  endloop
endfacet
facet normal -0.964326 -0.264717 -8.02908e-16
  outer loop
    vertex 14.16293788800893 57.69215483653891 14.14515700294396
    vertex 13.99268235932637 58.31237140531108 15.25337967192434
    vertex 13.82381362311569 58.92753608722141 14.14889318261383
  endloop
endfacet
facet normal -0.964326 -0.264717 1.42783e-15
  outer loop
    vertex 19.92424094037387 36.7045508600666 11.84312917549572
    vertex 20.09244795802602 36.09179672433377 10.74177947582337
    vertex 20.26112813668299 35.4773189306548 11.83997302358807
  endloop
endfacet
facet normal -0.964326 -0.264717 2.48384e-15
  outer loop
    vertex 17.69690048975099 44.81843393019284 21.89137483892213
    vertex 17.52721326813066 45.43658023752403 20.78944715065035
    vertex 17.86659410230311 44.20026434161009 20.77942204157836
  endloop
endfacet
facet normal -0.964326 -0.264717 8.62178e-16
  outer loop
    vertex 18.05924176441275 43.49847642963927 8.549819718327576
    vertex 17.89108154456817 44.11106008764454 9.658443656507457
    vertex 17.72007065598163 44.73402832463834 8.556069546757803
  endloop
endfacet
facet normal -0.964326 -0.264717 1.13642e-15
  outer loop
    vertex 18.56886633717491 41.64198691457711 9.648257308500332
    vertex 18.2299374058825 42.87665659285661 9.653549932972831
    vertex 18.39836348200269 42.26310445841877 8.544522498553201
  endloop
endfacet
facet normal -0.964326 -0.264717 1.93052e-15
  outer loop
    vertex 19.59029014654192 37.92108589474014 16.26227752284847
    vertex 19.75853396721186 37.30819769087107 15.15697217367042
    vertex 19.92844061784558 36.68925203499109 16.25763079553233
  endloop
endfacet
facet normal -0.964326 -0.264717 -3.12834e-16
  outer loop
    vertex 17.18781772984324 46.6729496984282 20.77945449692507
    vertex 17.52721326813066 45.43658023752403 20.78944715065035
    vertex 17.35751899788555 46.05475222198837 21.89166478991023
  endloop
endfacet
facet normal -0.964326 -0.264717 3.17711e-16
  outer loop
    vertex 11.45420265409062 67.55969033152702 14.174424081611
    vertex 11.6234142470689 66.94327667139186 15.27252624083345
    vertex 11.28706962298304 68.16853208770463 15.27651015621822
  endloop
endfacet
facet normal -0.964326 -0.264717 0
  outer loop
    vertex 11.78647015555475 66.34928729047911 9.762001237860421
    vertex 11.95684295852329 65.7286435082366 10.86134019697367
    vertex 11.61918584684457 66.95868012935192 10.86738376224079
  endloop
endfacet
facet normal -0.964326 -0.264717 1.10414e-15
  outer loop
    vertex 22.29509336011011 28.06787418817031 16.25303346610007
    vertex 22.33136000573469 27.93575997910931 14.87499999999997
    vertex 22.61792454452924 26.89184630207204 15.49999999999997
  endloop
endfacet
facet normal -0.964326 -0.264717 2.16157e-16
  outer loop
    vertex 15.85824207770394 51.5164038597928 11.90384186296761
    vertex 15.68737661860957 52.1388423179223 10.80483416375566
    vertex 16.02652403079033 50.90337674497809 10.79795987606455
  endloop
endfacet
facet normal -0.964326 -0.264717 -4.6946e-16
  outer loop
    vertex 13.65338915026975 59.54836809544591 13.04379287240041
    vertex 13.48336449783559 60.1677436150275 14.15342373483586
    vertex 13.31405223869954 60.78452398759453 13.0492149156838
  endloop
endfacet
facet normal -0.964326 -0.264717 3.77859e-15
  outer loop
    vertex 11.27939206155802 68.19650034718153 8.672136028949179
    vertex 11.10972821755099 68.81456149320711 7.57140845846394
    vertex 11.44600875599515 67.58953953173196 7.564089409502916
  endloop
endfacet
facet normal -0.964326 -0.264717 0
  outer loop
    vertex 9.382075455470758 75.10815369792796 19.24999999999999
    vertex 9.654563946493045 74.11551705206105 19.80562879417987
    vertex 9.382075455470758 75.10815369792796 20.49999999999999
  endloop
endfacet
facet normal -0.964326 -0.264717 3.91848e-16
  outer loop
    vertex 21.26350259245648 31.82581198462282 5.217614921656007
    vertex 20.92468464444285 33.06007736667248 5.218682884811328
    vertex 21.09268760830843 32.44806656973358 4.111330645734087
  endloop
endfacet
facet normal -0.964326 -0.264717 -4.70165e-16
  outer loop
    vertex 22.34883046527581 27.87211759078097 8.683112533477924
    vertex 22.29541773255818 28.06669254568092 7.352349848432732
    vertex 22.61792454452924 26.89184630207204 7.999999999999986
  endloop
endfacet
facet normal -0.964326 -0.264717 -1.29028e-15
  outer loop
    vertex 11.28706962298304 68.16853208770463 15.27651015621822
    vertex 11.6234142470689 66.94327667139186 15.27252624083345
    vertex 11.45644069996739 67.5515374501188 16.37497432696224
  endloop
endfacet
facet normal -0.964326 -0.264717 1.01291e-15
  outer loop
    vertex 19.25412710758924 39.14567982235347 18.48026850575829
    vertex 19.08231390176917 39.77157078641233 19.59694224707488
    vertex 18.91539284015457 40.37964036800836 18.48643859353968
  endloop
endfacet
facet normal -0.964326 -0.264717 -1.17507e-16
  outer loop
    vertex 15.00891943304106 54.61036492249328 10.80832147400033
    vertex 15.34821601167146 53.37435595748255 10.80895605005758
    vertex 15.17958163274732 53.98866690927763 11.91434961230572
  endloop
endfacet
facet normal -0.964326 -0.264717 7.28179e-16
  outer loop
    vertex 12.12701921719958 65.10871570877295 11.96016296528867
    vertex 12.29503230775078 64.496668021765 10.85533942114364
    vertex 12.46568830369033 63.87499260798525 11.95517947127455
  endloop
endfacet
facet normal -0.964326 -0.264717 1.13623e-15
  outer loop
    vertex 14.50260226064037 56.45480605052435 14.1395070457356
    vertex 14.33320412580251 57.07189925600514 15.24651225185814
    vertex 14.16293788800893 57.69215483653891 14.14515700294396
  endloop
endfacet
facet normal -0.964326 -0.264717 1.07414e-15
  outer loop
    vertex 21.77900312792171 29.94791717685663 10.93108441526254
    vertex 21.44409515241086 31.16793908764613 10.8567520649608
    vertex 21.61623244028075 30.54086753897727 9.812471492906633
  endloop
endfacet
facet normal -0.964326 -0.264717 -4.93151e-16
  outer loop
    vertex 19.92844061784558 36.68925203499109 16.25763079553233
    vertex 19.75853396721186 37.30819769087107 15.15697217367042
    vertex 20.09610643546445 36.07846941366522 15.15156541772721
  endloop
endfacet
facet normal -0.964326 -0.264717 -1.69329e-15
  outer loop
    vertex 20.75718164934169 33.6702668488267 6.326332502087975
    vertex 20.92468464444285 33.06007736667248 5.218682884811328
    vertex 21.09801957452365 32.42864297852099 6.326171547478943
  endloop
endfacet
facet normal -0.964326 -0.264717 1.39955e-15
  outer loop
    vertex 19.59029014654192 37.92108589474014 16.26227752284847
    vertex 19.42039501218552 38.53998959846702 15.16298090523565
    vertex 19.75853396721186 37.30819769087107 15.15697217367042
  endloop
endfacet
facet normal -0.964326 -0.264717 9.20768e-16
  outer loop
    vertex 15.34500782720186 53.38604291519323 8.59781429323343
    vertex 15.17763028457453 53.99577539190706 9.705469737752409
    vertex 15.00581730234171 54.62166554146947 8.60178493622673
  endloop
endfacet
facet normal -0.964326 -0.264717 3.30812e-15
  outer loop
    vertex 17.21501792298972 46.57386328053745 11.88334067537733
    vertex 17.38396586979387 45.9584100457509 10.77460622632364
    vertex 17.5542767780209 45.33799173720958 11.87862418203679
  endloop
endfacet
facet normal -0.964326 -0.264717 1.82104e-15
  outer loop
    vertex 17.8932332471277 44.10322174260622 11.87268189334239
    vertex 17.72274394188145 44.72428992600327 10.76875589517982
    vertex 18.06171401789235 43.48947036339215 10.76271449747439
  endloop
endfacet
facet normal -0.964326 -0.264717 1.00442e-15
  outer loop
    vertex 9.382075455470758 75.10815369792796 16.74999999999998
    vertex 9.71782457388443 73.88506762370672 16.14269841645893
    vertex 9.662001833332239 74.08842189286113 17.42017982277604
  endloop
endfacet
facet normal -0.964326 -0.264717 -5.7374e-16
  outer loop
    vertex 17.18783261055652 46.67289549011552 3
    vertex 17.35945409117813 46.04770295356537 4.103367340366671
    vertex 17.01814223761988 47.29105327724187 4.110288979210817
  endloop
endfacet
facet normal -0.964326 -0.264717 -1.28659e-15
  outer loop
    vertex 16.35925245987032 49.6912946104724 6.360269822702421
    vertex 16.52664801354521 49.08149652208532 5.250115223765298
    vertex 16.69933097685895 48.45243715572809 6.356501911660126
  endloop
endfacet
facet normal -0.964326 -0.264717 -8.8841e-16
  outer loop
    vertex 17.70322745237261 44.79538570921405 4.11006131866468
    vertex 17.35945409117813 46.04770295356537 4.103367340366671
    vertex 17.52721335642982 45.4365799158628 3
  endloop
endfacet
facet normal -0.964326 -0.264717 1.48816e-15
  outer loop
    vertex 17.55219219388574 45.34558557941621 9.665464915394253
    vertex 17.21285280579896 46.58175049316094 9.670735181765233
    vertex 17.38107242983751 45.96895043416335 8.562363417874515
  endloop
endfacet
facet normal -0.964326 -0.264717 -6.14539e-16
  outer loop
    vertex 20.59626515327577 34.25646265592397 9.633170205130618
    vertex 20.25955431266893 35.48305214670605 9.63366817883426
    vertex 20.42663424690509 34.87440381484573 8.532674766547569
  endloop
endfacet
facet normal -0.964326 -0.264717 -1.40749e-15
  outer loop
    vertex 14.50333869784878 56.45212331497944 16.34787170734516
    vertex 14.67358480513438 55.83194106701048 15.23961285337751
    vertex 14.84342025162599 55.21325479764818 16.34173108427958
  endloop
endfacet
facet normal -0.964326 -0.264717 -1.76269e-16
  outer loop
    vertex 15.35275418116155 53.35782405434006 15.22708901201156
    vertex 15.69206098358421 52.12177784551469 15.2210583631019
    vertex 15.52204160781257 52.74113414296849 16.329700620757
  endloop
endfacet
facet normal -0.964326 -0.264717 -9.69329e-16
  outer loop
    vertex 13.82381362311569 58.92753608722141 14.14889318261383
    vertex 13.99268235932637 58.31237140531108 15.25337967192434
    vertex 13.65364282271739 59.54744400295809 15.2577508769965
  endloop
endfacet
facet normal -0.964326 -0.264717 -1.20387e-15
  outer loop
    vertex 21.43538307210888 31.19967595160337 17.48260178559397
    vertex 21.27268050865074 31.79237814705803 16.36823873734912
    vertex 21.60442924521728 30.58386489242276 16.3897629565454
  endloop
endfacet
facet normal -0.964326 -0.264717 -1.56242e-16
  outer loop
    vertex 14.16293788800893 57.69215483653891 14.14515700294396
    vertex 14.33320412580251 57.07189925600514 15.24651225185814
    vertex 13.99268235932637 58.31237140531108 15.25337967192434
  endloop
endfacet
facet normal -0.964326 -0.264717 -1.33974e-15
  outer loop
    vertex 19.25199344810498 39.15345243904613 16.26837550566859
    vertex 19.42039501218552 38.53998959846702 15.16298090523565
    vertex 19.59029014654192 37.92108589474014 16.26227752284847
  endloop
endfacet
facet normal -0.964326 -0.264717 0
  outer loop
    vertex 14.67358480513438 55.83194106701048 15.23961285337751
    vertex 15.01343572768304 54.59391270629749 15.23263684420894
    vertex 14.84342025162599 55.21325479764818 16.34173108427958
  endloop
endfacet
facet normal -0.964326 -0.264717 8.50898e-16
  outer loop
    vertex 12.29820542812304 64.4851087975518 15.27276788567073
    vertex 11.96052153342895 65.71524298536595 15.27110942329612
    vertex 12.1291301990401 65.10102570349677 14.17239287557308
  endloop
endfacet
facet normal -0.964326 -0.264717 9.91527e-17
  outer loop
    vertex 11.6234142470689 66.94327667139186 15.27252624083345
    vertex 11.96052153342895 65.71524298536595 15.27110942329612
    vertex 11.79326732221799 66.32452618334875 16.37089206789782
  endloop
endfacet
facet normal -0.964326 -0.264717 -4.23762e-17
  outer loop
    vertex 22.05171502061933 28.95446671060102 8.348675200867643
    vertex 22.12400894096704 28.69111028647721 9.20818132710912
    vertex 21.78283970298596 29.93394108197971 8.749494532340183
  endloop
endfacet
facet normal -0.964326 -0.264717 1.19522e-15
  outer loop
    vertex 14.84342025162599 55.21325479764818 16.34173108427958
    vertex 15.01343572768304 54.59391270629749 15.23263684420894
    vertex 15.18251654990785 53.97797542533569 16.33523931629058
  endloop
endfacet
facet normal -0.964326 -0.264717 8.53529e-16
  outer loop
    vertex 10.77386711158055 70.03805552209941 7.586563970037454
    vertex 11.10972821755099 68.81456149320711 7.57140845846394
    vertex 10.94324728581276 69.42102774453922 8.681024853852612
  endloop
endfacet
facet normal -0.964326 -0.264717 1.18683e-16
  outer loop
    vertex 19.91925937832108 36.7226979789732 7.42332366194977
    vertex 20.25497926029432 35.49971840892783 7.425179129956869
    vertex 20.09045581463361 36.09905381812041 8.530687403791379
  endloop
endfacet
facet normal -0.964326 -0.264717 -1.09627e-15
  outer loop
    vertex 17.04475300814912 47.19411404174247 10.77970613348191
    vertex 17.21285280579896 46.58175049316094 9.670735181765233
    vertex 17.38396586979387 45.9584100457509 10.77460622632364
  endloop
endfacet
facet normal -0.964326 -0.264717 -2.29191e-15
  outer loop
    vertex 17.04180007738505 47.20487114666875 8.567135482517379
    vertex 16.87333325574244 47.81857171122397 9.675134914999706
    vertex 16.70221130616632 48.44194452753698 8.574180303330039
  endloop
endfacet
facet normal -0.964326 -0.264717 2.15569e-15
  outer loop
    vertex 10.94324728581276 69.42102774453922 8.681024853852612
    vertex 11.10972821755099 68.81456149320711 7.57140845846394
    vertex 11.27939206155802 68.19650034718153 8.672136028949179
  endloop
endfacet
facet normal -0.964326 -0.264717 1.48878e-15
  outer loop
    vertex 15.01343572768304 54.59391270629749 15.23263684420894
    vertex 15.35275418116155 53.35782405434006 15.22708901201156
    vertex 15.18251654990785 53.97797542533569 16.33523931629058
  endloop
endfacet
facet normal -0.964326 -0.264717 -2.00044e-15
  outer loop
    vertex 15.52204160781257 52.74113414296849 16.329700620757
    vertex 15.69206098358421 52.12177784551469 15.2210583631019
    vertex 15.86099484577186 51.50637591897392 16.32297404139156
  endloop
endfacet
facet normal -0.964326 -0.264717 -5.90458e-17
  outer loop
    vertex 12.63067758243945 63.27396023539916 8.644127326897248
    vertex 12.80176391411883 62.65071716999569 9.742498738956506
    vertex 12.4628364647707 63.88538144976387 9.748560970617739
  endloop
endfacet
facet normal -0.964326 -0.264717 7.01942e-16
  outer loop
    vertex 17.89841031473774 44.08436242488395 18.50441441882587
    vertex 17.72721796940948 44.70799168286547 19.61853517644164
    vertex 17.55925577521513 45.31985396171633 18.51048810955293
  endloop
endfacet
facet normal -0.964326 -0.264717 1.39416e-16
  outer loop
    vertex 20.76199192394465 33.65274370563021 19.63628419482546
    vertex 20.9331513599262 33.02923433169742 18.55561909152881
    vertex 21.09747239700691 32.43063626804626 19.67347886804693
  endloop
endfacet
facet normal -0.964326 -0.264717 -1.4609e-15
  outer loop
    vertex 19.92613967152864 36.6976340537171 14.05160287564337
    vertex 19.75853396721186 37.30819769087107 15.15697217367042
    vertex 19.5882992811251 37.92833833304429 14.05915620075614
  endloop
endfacet
facet normal -0.964326 -0.264717 1.1159e-15
  outer loop
    vertex 15.18251654990785 53.97797542533569 16.33523931629058
    vertex 15.35275418116155 53.35782405434006 15.22708901201156
    vertex 15.52204160781257 52.74113414296849 16.329700620757
  endloop
endfacet
facet normal -0.964326 -0.264717 -1.45211e-15
  outer loop
    vertex 17.3910520903753 45.93259595648997 19.62457658949855
    vertex 17.04876493641419 47.17949916020544 19.62355606475266
    vertex 17.22005094624021 46.55552869583926 18.51539286923186
  endloop
endfacet
facet normal -0.964326 -0.264717 8.51424e-16
  outer loop
    vertex 15.68976473417608 52.13014275407285 13.01240559346333
    vertex 15.86060679795457 51.50778952173692 14.11485004252565
    vertex 15.5212627708966 52.74397133459095 14.12231731379379
  endloop
endfacet
facet normal -0.964326 -0.264717 -4.94563e-16
  outer loop
    vertex 22.61792454452924 26.89184630207204 6.74999999999999
    vertex 22.29541773255818 28.06669254568092 7.352349848432732
    vertex 22.39155176420421 27.71649000182754 6.159369103026242
  endloop
endfacet
facet normal -0.964326 -0.264717 -1.47109e-16
  outer loop
    vertex 16.03096085052428 50.88721404451869 15.21555791697249
    vertex 15.86060679795457 51.50778952173692 14.11485004252565
    vertex 16.20027758205654 50.27041737965116 14.110686483473
  endloop
endfacet
facet normal -0.964326 -0.264717 -2.19239e-15
  outer loop
    vertex 18.06171401789235 43.48947036339215 10.76271449747439
    vertex 17.72274394188145 44.72428992600327 10.76875589517982
    vertex 17.89108154456817 44.11106008764454 9.658443656507457
  endloop
endfacet
facet normal -0.964326 -0.264717 2.53073e-15
  outer loop
    vertex 20.26112813668299 35.4773189306548 11.83997302358807
    vertex 20.09244795802602 36.09179672433377 10.74177947582337
    vertex 20.42853484288028 34.86748021522183 10.73539587124952
  endloop
endfacet
facet normal -0.964326 -0.264717 -1.51909e-15
  outer loop
    vertex 19.7532009972225 37.32762493868945 8.520932347476128
    vertex 20.09045581463361 36.09905381812041 8.530687403791379
    vertex 19.92290191451006 36.70942873999904 9.630125065832743
  endloop
endfacet
facet normal -0.964326 -0.264717 9.81937e-16
  outer loop
    vertex 15.5212627708966 52.74397133459095 14.12231731379379
    vertex 15.86060679795457 51.50778952173692 14.11485004252565
    vertex 15.69206098358421 52.12177784551469 15.2210583631019
  endloop
endfacet
facet normal -0.964326 -0.264717 -1.15836e-15
  outer loop
    vertex 15.00891943304106 54.61036492249328 10.80832147400033
    vertex 14.83776626939843 55.23385144719144 9.708960608660249
    vertex 15.17763028457453 53.99577539190706 9.705469737752409
  endloop
endfacet
facet normal -0.964326 -0.264717 -1.59404e-15
  outer loop
    vertex 20.42853484288028 34.86748021522183 10.73539587124952
    vertex 20.25955431266893 35.48305214670605 9.63366817883426
    vertex 20.59626515327577 34.25646265592397 9.633170205130618
  endloop
endfacet
facet normal -0.964326 -0.264717 3.7503e-16
  outer loop
    vertex 19.75853396721186 37.30819769087107 15.15697217367042
    vertex 19.42039501218552 38.53998959846702 15.16298090523565
    vertex 19.5882992811251 37.92833833304429 14.05915620075614
  endloop
endfacet
facet normal -0.964326 -0.264717 1.37697e-16
  outer loop
    vertex 12.63067758243945 63.27396023539916 8.644127326897248
    vertex 12.4628364647707 63.88538144976387 9.748560970617739
    vertex 12.29186475568157 64.50820696144572 8.648195223978639
  endloop
endfacet
facet normal -0.964326 -0.264717 1.36666e-16
  outer loop
    vertex 10.93918795413684 69.43581530993008 6.458607964826316
    vertex 11.10972821755099 68.81456149320711 7.57140845846394
    vertex 10.77386711158055 70.03805552209941 7.586563970037454
  endloop
endfacet
facet normal -0.964326 -0.264717 -1.67574e-15
  outer loop
    vertex 9.662001833332239 74.08842189286113 17.42017982277604
    vertex 9.666387962569431 74.07244385063993 18.62353064971791
    vertex 9.382075455470758 75.10815369792796 17.99999999999998
  endloop
endfacet
facet normal -0.964326 -0.264717 -4.71532e-16
  outer loop
    vertex 12.29186475568157 64.50820696144572 8.648195223978639
    vertex 12.4628364647707 63.88538144976387 9.748560970617739
    vertex 12.12417359787379 65.11908189345978 9.756242386651149
  endloop
endfacet
facet normal -0.964326 -0.264717 -1.73883e-15
  outer loop
    vertex 16.52664801354521 49.08149652208532 5.250115223765298
    vertex 16.86606226099521 47.8450589063746 5.246974891028303
    vertex 16.69933097685895 48.45243715572809 6.356501911660126
  endloop
endfacet
facet normal -0.964326 -0.264717 4.52642e-16
  outer loop
    vertex 18.91320299274023 40.38761766930345 16.27293913404333
    vertex 19.08198813907311 39.77275749337652 15.16868597041712
    vertex 19.25199344810498 39.15345243904613 16.26837550566859
  endloop
endfacet
facet normal -0.964326 -0.264717 -1.37233e-16
  outer loop
    vertex 16.87333325574244 47.81857171122397 9.675134914999706
    vertex 16.70529031870042 48.43072812473417 10.78556735396389
    vertex 16.5346712403161 49.0522690531342 9.682789577997969
  endloop
endfacet
facet normal -0.964326 -0.264717 -3.13018e-16
  outer loop
    vertex 13.14446591491473 61.40230273852491 14.16069551047001
    vertex 13.48336449783559 60.1677436150275 14.15342373483586
    vertex 13.31376268694306 60.78557878327886 15.26524918283169
  endloop
endfacet
facet normal -0.964326 -0.264717 1.74258e-15
  outer loop
    vertex 16.87611323607739 47.80844464000379 11.88806014122752
    vertex 16.70529031870042 48.43072812473417 10.78556735396389
    vertex 17.04475300814912 47.19411404174247 10.77970613348191
  endloop
endfacet
facet normal -0.964326 -0.264717 1.84791e-15
  outer loop
    vertex 12.80662733522445 62.63300042168237 16.37863428142013
    vertex 12.97477024033252 62.02047983878866 15.27155334845013
    vertex 13.14538739505606 61.39894591801006 16.37098694663968
  endloop
endfacet
facet normal -0.964326 -0.264717 1.13658e-15
  outer loop
    vertex 16.53901435241035 49.03644771621943 14.1117118493879
    vertex 16.20027758205654 50.27041737965116 14.110686483473
    vertex 16.36854736414606 49.65743460203933 13.00431922266198
  endloop
endfacet
facet normal -0.964326 -0.264717 6.71879e-16
  outer loop
    vertex 17.20697308020145 46.60316949355187 5.236322416242799
    vertex 17.54063723931503 45.38767862820951 5.227261362125336
    vertex 17.37800571756579 45.98012202886748 6.345999251371282
  endloop
endfacet
facet normal -0.964326 -0.264717 -1.48758e-16
  outer loop
    vertex 11.79124271171493 66.33190155018133 14.17295553262794
    vertex 11.96052153342895 65.71524298536595 15.27110942329612
    vertex 11.6234142470689 66.94327667139186 15.27252624083345
  endloop
endfacet
facet normal -0.964326 -0.264717 1.09323e-15
  outer loop
    vertex 17.71726609585645 44.74424493652293 6.340134372671918
    vertex 17.54063723931503 45.38767862820951 5.227261362125336
    vertex 17.87889699871577 44.1554466475354 5.227683473434671
  endloop
endfacet
facet normal -0.964326 -0.264717 -1.69482e-15
  outer loop
    vertex 9.662001833332239 74.08842189286113 17.42017982277604
    vertex 9.956601398862396 73.01523776128698 17.99999999999997
    vertex 9.666387962569431 74.07244385063993 18.62353064971791
  endloop
endfacet
facet normal -0.964326 -0.264717 1.21068e-15
  outer loop
    vertex 18.57650422795053 41.61416316960879 18.49217138350173
    vertex 18.40559127297011 42.23677464846603 19.60512726316886
    vertex 18.23750021331061 42.84910636579705 18.49821044918757
  endloop
endfacet
facet normal -0.964326 -0.264717 -2.06767e-15
  outer loop
    vertex 19.25199344810498 39.15345243904613 16.26837550566859
    vertex 19.08198813907311 39.77275749337652 15.16868597041712
    vertex 19.42039501218552 38.53998959846702 15.16298090523565
  endloop
endfacet
facet normal -0.964326 -0.264717 -1.18053e-16
  outer loop
    vertex 20.59330555681748 34.26724404302201 7.430882469068969
    vertex 20.25497926029432 35.49971840892783 7.425179129956869
    vertex 20.42001346962002 34.89852236066993 6.324209165812061
  endloop
endfacet
facet normal -0.964326 -0.264717 2.50115e-15
  outer loop
    vertex 18.57459998446175 41.62110005660363 16.27935873549038
    vertex 18.74339234559465 41.0062135981909 15.17435366649426
    vertex 18.91320299274023 40.38761766930345 16.27293913404333
  endloop
endfacet
facet normal -0.964326 -0.264717 -5.09188e-16
  outer loop
    vertex 16.19997978678431 50.27150220528572 16.31680036019157
    vertex 16.3702853906116 49.6511032199149 15.21136113412306
    vertex 16.53995399796187 49.03302472171033 16.31297471739553
  endloop
endfacet
facet normal -0.964326 -0.264717 8.66562e-16
  outer loop
    vertex 12.4628364647707 63.88538144976387 9.748560970617739
    vertex 12.80176391411883 62.65071716999569 9.742498738956506
    vertex 12.63366712568289 63.26306975644091 10.8462293601672
  endloop
endfacet
facet normal -0.964326 -0.264717 -1.31386e-15
  outer loop
    vertex 16.3702853906116 49.6511032199149 15.21136113412306
    vertex 16.70961133299048 48.41498728696327 15.20622809503577
    vertex 16.53995399796187 49.03302472171033 16.31297471739553
  endloop
endfacet
facet normal -0.964326 -0.264717 -7.71627e-16
  outer loop
    vertex 20.09244795802602 36.09179672433377 10.74177947582337
    vertex 20.25955431266893 35.48305214670605 9.63366817883426
    vertex 20.42853484288028 34.86748021522183 10.73539587124952
  endloop
endfacet
facet normal -0.964326 -0.264717 -1.84602e-15
  outer loop
    vertex 16.53995399796187 49.03302472171033 16.31297471739553
    vertex 16.70961133299048 48.41498728696327 15.20622809503577
    vertex 16.8789708158863 47.79803488498563 16.30663423000553
  endloop
endfacet
facet normal -0.964326 -0.264717 6.87964e-16
  outer loop
    vertex 18.05491459244554 43.51423969894839 6.339634819310916
    vertex 18.2153560752114 42.92977429744417 5.223559658009354
    vertex 18.39058380103901 42.29144472478647 6.334420967383568
  endloop
endfacet
facet normal -0.964326 -0.264717 7.87363e-17
  outer loop
    vertex 12.29503230775078 64.496668021765 10.85533942114364
    vertex 12.4628364647707 63.88538144976387 9.748560970617739
    vertex 12.63366712568289 63.26306975644091 10.8462293601672
  endloop
endfacet
facet normal -0.964326 -0.264717 -1.55396e-15
  outer loop
    vertex 17.89670937405197 44.09055870881066 16.29049003370081
    vertex 18.06593716990242 43.47408602392692 15.18462544774652
    vertex 18.2354802952953 42.85646463856712 16.28393467547597
  endloop
endfacet
facet normal -0.964326 -0.264717 1.55308e-15
  outer loop
    vertex 17.21846530703462 46.56130495294533 16.30181368192702
    vertex 17.38786255966013 45.9442149612381 15.19566068679335
    vertex 17.55734233424193 45.32682435383296 16.29524139830175
  endloop
endfacet
facet normal -0.964326 -0.264717 2.46266e-15
  outer loop
    vertex 18.91320299274023 40.38761766930345 16.27293913404333
    vertex 18.74339234559465 41.0062135981909 15.17435366649426
    vertex 19.08198813907311 39.77275749337652 15.16868597041712
  endloop
endfacet
facet normal -0.964326 -0.264717 1.45286e-15
  outer loop
    vertex 17.21846530703462 46.56130495294533 16.30181368192702
    vertex 17.0486970658872 47.1797464028395 15.20119126631306
    vertex 17.38786255966013 45.9442149612381 15.19566068679335
  endloop
endfacet
facet normal -0.964326 -0.264717 -3.92411e-16
  outer loop
    vertex 16.8789708158863 47.79803488498563 16.30663423000553
    vertex 17.0486970658872 47.1797464028395 15.20119126631306
    vertex 17.21846530703462 46.56130495294533 16.30181368192702
  endloop
endfacet
facet normal -0.964326 -0.264717 -7.80909e-16
  outer loop
    vertex 16.54153877042708 49.02725162201562 18.52682337495954
    vertex 16.70808494902351 48.42054768570006 19.63088794242766
    vertex 16.37327420688542 49.64021538920312 19.6428516446168
  endloop
endfacet
facet normal -0.964326 -0.264717 -2.71108e-15
  outer loop
    vertex 17.89670937405197 44.09055870881066 16.29049003370081
    vertex 17.72689141072529 44.70918128950072 15.19018432939901
    vertex 18.06593716990242 43.47408602392692 15.18462544774652
  endloop
endfacet
facet normal -0.964326 -0.264717 -1.23816e-15
  outer loop
    vertex 18.2354802952953 42.85646463856712 16.28393467547597
    vertex 18.40473762765589 42.2398843563964 15.17923805038654
    vertex 18.57459998446175 41.62110005660363 16.27935873549038
  endloop
endfacet
facet normal -0.964326 -0.264717 -4.94909e-16
  outer loop
    vertex 12.1291301990401 65.10102570349677 14.17239287557308
    vertex 11.96052153342895 65.71524298536595 15.27110942329612
    vertex 11.79124271171493 66.33190155018133 14.17295553262794
  endloop
endfacet
facet normal -0.964326 -0.264717 -2.92548e-15
  outer loop
    vertex 17.55734233424193 45.32682435383296 16.29524139830175
    vertex 17.72689141072529 44.70918128950072 15.19018432939901
    vertex 17.89670937405197 44.09055870881066 16.29049003370081
  endloop
endfacet
facet normal -0.964326 -0.264717 7.08388e-16
  outer loop
    vertex 18.57459998446175 41.62110005660363 16.27935873549038
    vertex 18.40473762765589 42.2398843563964 15.17923805038654
    vertex 18.74339234559465 41.0062135981909 15.17435366649426
  endloop
endfacet
facet normal -0.964326 -0.264717 -1.17698e-16
  outer loop
    vertex 16.19753408951178 50.28041153106423 11.89899326825948
    vertex 16.36589833065127 49.66708465262752 10.79328374648678
    vertex 16.53697284126622 49.04388464967306 11.89442960958947
  endloop
endfacet
facet normal -0.964326 -0.264717 -1.46364e-15
  outer loop
    vertex 16.8789708158863 47.79803488498563 16.30663423000553
    vertex 16.70961133299048 48.41498728696327 15.20622809503577
    vertex 17.0486970658872 47.1797464028395 15.20119126631306
  endloop
endfacet
facet normal -0.964326 -0.264717 1.76156e-16
  outer loop
    vertex 16.02652403079033 50.90337674497809 10.79795987606455
    vertex 16.19464082877443 50.29095126660742 9.689532683599833
    vertex 16.36589833065127 49.66708465262752 10.79328374648678
  endloop
endfacet
facet normal -0.964326 -0.264717 1.34223e-16
  outer loop
    vertex 20.93957843231532 33.00582142513705 16.28892245223796
    vertex 20.76865607315419 33.62846716208118 17.40634227803724
    vertex 20.60318757692061 34.2312452555035 16.24627383450353
  endloop
endfacet
facet normal -0.964326 -0.264717 -2.06104e-15
  outer loop
    vertex 18.3772409052347 42.34005098807357 4.11039962573623
    vertex 18.03981500003385 43.56924535701954 4.108272530528765
    vertex 18.20597484817641 42.96394876735737 3
  endloop
endfacet
facet normal -0.964326 -0.264717 -7.57683e-16
  outer loop
    vertex 17.86659410230311 44.20026434161008 3
    vertex 18.03981500003385 43.56924535701954 4.108272530528765
    vertex 17.70322745237261 44.79538570921405 4.11006131866468
  endloop
endfacet
facet normal -0.964326 -0.264717 -1.12513e-15
  outer loop
    vertex 17.38396586979387 45.9584100457509 10.77460622632364
    vertex 17.21285280579896 46.58175049316094 9.670735181765233
    vertex 17.55219219388574 45.34558557941621 9.665464915394253
  endloop
endfacet
facet normal -0.964326 -0.264717 1.31563e-15
  outer loop
    vertex 15.68367059599439 52.15234282887756 8.592124018931329
    vertex 15.85416209593771 51.53126665051263 9.696289852274916
    vertex 15.51610691807734 52.76275336986113 9.701602004956712
  endloop
endfacet
facet normal -0.964326 -0.264717 5.86817e-17
  outer loop
    vertex 16.69933097685895 48.45243715572809 6.356501911660126
    vertex 16.86606226099521 47.8450589063746 5.246974891028303
    vertex 17.03870234331191 47.21615574936375 6.350981924671039
  endloop
endfacet
facet normal -0.964326 -0.264717 8.68962e-16
  outer loop
    vertex 19.5882992811251 37.92833833304429 14.05915620075614
    vertex 19.42039501218552 38.53998959846702 15.16298090523565
    vertex 19.25015582611184 39.16014663344971 14.06639839258053
  endloop
endfacet
facet normal -0.964326 -0.264717 -1.09114e-15
  outer loop
    vertex 17.55734233424193 45.32682435383296 16.29524139830175
    vertex 17.38786255966013 45.9442149612381 15.19566068679335
    vertex 17.72689141072529 44.70918128950072 15.19018432939901
  endloop
endfacet
facet normal -0.964326 -0.264717 -8.33294e-16
  outer loop
    vertex 20.43542048903921 34.8423967899286 17.35141542016952
    vertex 20.76865607315419 33.62846716208118 17.40634227803724
    vertex 20.59878140163111 34.24729632262953 18.48964259716062
  endloop
endfacet
facet normal -0.964326 -0.264717 1.83639e-15
  outer loop
    vertex 16.5346712403161 49.0522690531342 9.682789577997969
    vertex 16.19464082877443 50.29095126660742 9.689532683599833
    vertex 16.36308891029898 49.67731896962515 8.580138752884384
  endloop
endfacet
facet normal -0.964326 -0.264717 1.88709e-15
  outer loop
    vertex 12.97477024033252 62.02047983878866 15.27155334845013
    vertex 13.31376268694306 60.78557878327886 15.26524918283169
    vertex 13.14538739505606 61.39894591801006 16.37098694663968
  endloop
endfacet
facet normal -0.964326 -0.264717 7.86792e-17
  outer loop
    vertex 12.12417359787379 65.11908189345978 9.756242386651149
    vertex 12.4628364647707 63.88538144976387 9.748560970617739
    vertex 12.29503230775078 64.496668021765 10.85533942114364
  endloop
endfacet
facet normal -0.964326 -0.264717 -1.24962e-15
  outer loop
    vertex 18.2354802952953 42.85646463856712 16.28393467547597
    vertex 18.06593716990242 43.47408602392692 15.18462544774652
    vertex 18.40473762765589 42.2398843563964 15.17923805038654
  endloop
endfacet
facet normal -0.964326 -0.264717 1.0283e-15
  outer loop
    vertex 9.382075455470758 75.10815369792796 19.24999999999999
    vertex 9.666387962569431 74.07244385063993 18.62353064971791
    vertex 9.654563946493045 74.11551705206105 19.80562879417987
  endloop
endfacet
facet normal -0.964326 -0.264717 1.17685e-16
  outer loop
    vertex 13.82407209355361 58.92659451634042 16.3584546546825
    vertex 13.99268235932637 58.31237140531108 15.25337967192434
    vertex 14.16357482250319 57.68983457516694 16.35500369234677
  endloop
endfacet
facet normal -0.964326 -0.264717 -4.11658e-16
  outer loop
    vertex 16.02652403079033 50.90337674497809 10.79795987606455
    vertex 15.68737661860957 52.1388423179223 10.80483416375566
    vertex 15.85416209593771 51.53126665051263 9.696289852274916
  endloop
endfacet
facet normal -0.964326 -0.264717 1.06423e-15
  outer loop
    vertex 16.67876120154443 48.52736990865959 21.89300547907894
    vertex 16.51181398560392 49.13553476672859 20.7915662613844
    vertex 16.84845186468323 47.90921106436823 20.7794391795537
  endloop
endfacet
facet normal -0.964326 -0.264717 2.29904e-16
  outer loop
    vertex 11.9619921908296 65.70988559054929 17.4760256958707
    vertex 12.12895479772085 65.10166466544548 18.57438695733949
    vertex 11.79504559844625 66.31804817708866 18.57899079952435
  endloop
endfacet
facet normal -0.964326 -0.264717 -1.04589e-15
  outer loop
    vertex 16.16969430180754 50.38182790055826 20.77943489508466
    vertex 16.51181398560392 49.13553476672859 20.7915662613844
    vertex 16.33938157640575 49.76368140023619 21.8942766427276
  endloop
endfacet
facet normal -0.964326 -0.264717 -2.35192e-16
  outer loop
    vertex 15.68737661860957 52.1388423179223 10.80483416375566
    vertex 15.34821601167146 53.37435595748255 10.80895605005758
    vertex 15.51610691807734 52.76275336986113 9.701602004956712
  endloop
endfacet
facet normal -0.964326 -0.264717 -6.71422e-16
  outer loop
    vertex 19.42039501218552 38.53998959846702 15.16298090523565
    vertex 19.08198813907311 39.77275749337652 15.16868597041712
    vertex 19.25015582611184 39.16014663344971 14.06639839258053
  endloop
endfacet
facet normal -0.964326 -0.264717 -2.05191e-15
  outer loop
    vertex 9.92355930020619 73.13560540639173 10.97378763998809
    vertex 9.628333611848921 74.21107041397893 11.00937718921343
    vertex 9.687386232957145 73.99595015137041 9.862148233916894
  endloop
endfacet
facet normal -0.964326 -0.264717 1.29585e-15
  outer loop
    vertex 13.14538739505606 61.39894591801006 16.37098694663968
    vertex 13.31376268694306 60.78557878327886 15.26524918283169
    vertex 13.48466902735378 60.1629914003541 16.36539883974945
  endloop
endfacet
facet normal -0.964326 -0.264717 1.59517e-15
  outer loop
    vertex 14.15882785175753 57.7071271114547 9.719149475231983
    vertex 13.81940836609212 58.94358380923586 9.724528674620476
    vertex 13.98759253096023 58.33091292293059 8.622668810028898
  endloop
endfacet
facet normal -0.964326 -0.264717 5.41426e-16
  outer loop
    vertex 13.99073629346383 58.31946064523891 10.82129727533023
    vertex 13.81940836609212 58.94358380923586 9.724528674620476
    vertex 14.15882785175753 57.7071271114547 9.719149475231983
  endloop
endfacet
facet normal -0.964326 -0.264717 1.13936e-15
  outer loop
    vertex 17.35751899788555 46.05475222198837 21.89166478991023
    vertex 17.52721326813066 45.43658023752403 20.78944715065035
    vertex 17.69690048975099 44.81843393019284 21.89137483892213
  endloop
endfacet
facet normal -0.964326 -0.264717 1.17841e-15
  outer loop
    vertex 21.60442924521728 30.58386489242276 16.3897629565454
    vertex 21.27268050865074 31.79237814705803 16.36823873734912
    vertex 21.44030626948068 31.1817414468918 15.28904130559993
  endloop
endfacet
facet normal -0.964326 -0.264717 -3.93218e-16
  outer loop
    vertex 15.5188915767006 52.75260925630494 11.90826761552281
    vertex 15.68737661860957 52.1388423179223 10.80483416375566
    vertex 15.85824207770394 51.5164038597928 11.90384186296761
  endloop
endfacet
facet normal -0.964326 -0.264717 -6.87036e-16
  outer loop
    vertex 15.00891943304106 54.61036492249328 10.80832147400033
    vertex 15.17763028457453 53.99577539190706 9.705469737752409
    vertex 15.34821601167146 53.37435595748255 10.80895605005758
  endloop
endfacet
facet normal -0.964326 -0.264717 6.4789e-16
  outer loop
    vertex 15.00581730234171 54.62166554146947 8.60178493622673
    vertex 14.83776626939843 55.23385144719144 9.708960608660249
    vertex 14.66621028589205 55.85880538710754 8.612314726692544
  endloop
endfacet
facet normal -0.964326 -0.264717 -8.29344e-16
  outer loop
    vertex 19.25015582611184 39.16014663344971 14.06639839258053
    vertex 19.08198813907311 39.77275749337652 15.16868597041712
    vertex 18.91164031395894 40.39331028486387 14.07265702859518
  endloop
endfacet
facet normal -0.964326 -0.264717 -4.32723e-16
  outer loop
    vertex 15.5188915767006 52.75260925630494 11.90826761552281
    vertex 15.34821601167146 53.37435595748255 10.80895605005758
    vertex 15.68737661860957 52.1388423179223 10.80483416375566
  endloop
endfacet
facet normal -0.964326 -0.264717 3.55683e-16
  outer loop
    vertex 10.782765257865 70.00564084634892 16.37652315125409
    vertex 10.5944420728142 70.69167530617685 17.48873257703733
    vertex 10.4484121621714 71.22364140923275 16.37675140908671
  endloop
endfacet
facet normal -0.964326 -0.264717 -9.17688e-16
  outer loop
    vertex 13.99268235932637 58.31237140531108 15.25337967192434
    vertex 14.33320412580251 57.07189925600514 15.24651225185814
    vertex 14.16357482250319 57.68983457516694 16.35500369234677
  endloop
endfacet
facet normal -0.964326 -0.264717 1.96919e-16
  outer loop
    vertex 14.83776626939843 55.23385144719144 9.708960608660249
    vertex 14.49836876705844 56.47022806285854 9.714304868645922
    vertex 14.66621028589205 55.85880538710754 8.612314726692544
  endloop
endfacet
facet normal -0.964326 -0.264717 -4.59888e-16
  outer loop
    vertex 13.31405223869954 60.78452398759453 13.0492149156838
    vertex 13.48336449783559 60.1677436150275 14.15342373483586
    vertex 13.14446591491473 61.40230273852491 14.16069551047001
  endloop
endfacet
facet normal -0.964326 -0.264717 -5.10718e-16
  outer loop
    vertex 15.17958163274732 53.98866690927763 11.91434961230572
    vertex 15.34821601167146 53.37435595748255 10.80895605005758
    vertex 15.5188915767006 52.75260925630494 11.90826761552281
  endloop
endfacet
facet normal -0.964326 -0.264717 8.98963e-16
  outer loop
    vertex 17.04475300814912 47.19411404174247 10.77970613348191
    vertex 16.70529031870042 48.43072812473417 10.78556735396389
    vertex 16.87333325574244 47.81857171122397 9.675134914999706
  endloop
endfacet
facet normal -0.964326 -0.264717 2.56021e-16
  outer loop
    vertex 14.66621028589205 55.85880538710754 8.612314726692544
    vertex 14.49836876705844 56.47022806285854 9.714304868645922
    vertex 14.32692588254169 57.09476999931242 8.617140960913527
  endloop
endfacet
facet normal -0.964326 -0.264717 3.93578e-16
  outer loop
    vertex 14.49836876705844 56.47022806285854 9.714304868645922
    vertex 14.15882785175753 57.7071271114547 9.719149475231983
    vertex 14.32692588254169 57.09476999931242 8.617140960913527
  endloop
endfacet
facet normal -0.964326 -0.264717 -8.0734e-16
  outer loop
    vertex 12.80176391411883 62.65071716999569 9.742498738956506
    vertex 13.14073198091165 61.41590492667899 9.735972542471782
    vertex 12.97277943600703 62.02773205454581 10.83998599115067
  endloop
endfacet
facet normal -0.964326 -0.264717 1.06301e-15
  outer loop
    vertex 12.63366712568289 63.26306975644091 10.8462293601672
    vertex 12.80176391411883 62.65071716999569 9.742498738956506
    vertex 12.97277943600703 62.02773205454581 10.83998599115067
  endloop
endfacet
facet normal -0.964326 -0.264717 -4.73927e-16
  outer loop
    vertex 19.08198813907311 39.77275749337652 15.16868597041712
    vertex 18.74339234559465 41.0062135981909 15.17435366649426
    vertex 18.91164031395894 40.39331028486387 14.07265702859518
  endloop
endfacet
facet normal -0.964326 -0.264717 6.89397e-16
  outer loop
    vertex 14.32692588254169 57.09476999931242 8.617140960913527
    vertex 14.15882785175753 57.7071271114547 9.719149475231983
    vertex 13.98759253096023 58.33091292293059 8.622668810028898
  endloop
endfacet
facet normal -0.964326 -0.264717 1.17788e-15
  outer loop
    vertex 15.51610691807734 52.76275336986113 9.701602004956712
    vertex 15.17763028457453 53.99577539190706 9.705469737752409
    vertex 15.34500782720186 53.38604291519323 8.59781429323343
  endloop
endfacet
facet normal -0.964326 -0.264717 -1.77148e-15
  outer loop
    vertex 12.97277943600703 62.02773205454581 10.83998599115067
    vertex 13.14073198091165 61.41590492667899 9.735972542471782
    vertex 13.31211704866352 60.79157360844005 10.8319414205977
  endloop
endfacet
facet normal -0.964326 -0.264717 -1.36452e-15
  outer loop
    vertex 20.24418564782226 35.5390379972189 5.215900140588698
    vertex 20.08259407614819 36.12769300831729 6.321643222918857
    vertex 19.90861661074063 36.76146806087342 5.212918163222756
  endloop
endfacet
facet normal -0.964326 -0.264717 3.73505e-16
  outer loop
    vertex 15.86293082722107 51.49932341512324 18.53713116317539
    vertex 16.02893805174622 50.89458281149592 19.63786579606219
    vertex 15.68283207239078 52.15539745057642 19.65366148690515
  endloop
endfacet
facet normal -0.964326 -0.264717 -7.11936e-16
  outer loop
    vertex 16.37327420688542 49.64021538920312 19.6428516446168
    vertex 16.02893805174622 50.89458281149592 19.63786579606219
    vertex 16.20224306749343 50.2632573969882 18.5314298276779
  endloop
endfacet
facet normal -0.964326 -0.264717 -2.94559e-16
  outer loop
    vertex 19.90861661074063 36.76146806087342 5.212918163222756
    vertex 19.74520573733696 37.35675052827251 6.3182297137897
    vertex 19.57080780698832 37.99205727454255 5.20820022832735
  endloop
endfacet
facet normal -0.964326 -0.264717 1.1095e-15
  outer loop
    vertex 18.05491459244554 43.51423969894839 6.339634819310916
    vertex 18.39058380103901 42.29144472478647 6.334420967383568
    vertex 18.22741549979053 42.88584353647735 7.441747032860398
  endloop
endfacet
facet normal -0.964326 -0.264717 -1.13095e-15
  outer loop
    vertex 12.29946774677671 64.48051035102769 17.47819005156879
    vertex 12.12895479772085 65.10166466544548 18.57438695733949
    vertex 11.9619921908296 65.70988559054929 17.4760256958707
  endloop
endfacet
facet normal -0.964326 -0.264717 -4.33815e-16
  outer loop
    vertex 13.6514471314156 59.55544259270033 10.8255196643908
    vertex 13.48009783851056 60.17964358828297 9.730315517440665
    vertex 13.81940836609212 58.94358380923586 9.724528674620476
  endloop
endfacet
facet normal -0.964326 -0.264717 -2.16769e-16
  outer loop
    vertex 13.6514471314156 59.55544259270033 10.8255196643908
    vertex 13.81940836609212 58.94358380923586 9.724528674620476
    vertex 13.99073629346383 58.31946064523891 10.82129727533023
  endloop
endfacet
facet normal -0.964326 -0.264717 -5.32224e-16
  outer loop
    vertex 13.31211704866352 60.79157360844005 10.8319414205977
    vertex 13.48009783851056 60.17964358828297 9.730315517440665
    vertex 13.6514471314156 59.55544259270033 10.8255196643908
  endloop
endfacet
facet normal -0.964326 -0.264717 -1.37348e-16
  outer loop
    vertex 17.52721335642982 45.4365799158628 3
    vertex 17.35945409117813 46.04770295356537 4.103367340366671
    vertex 17.18783261055652 46.67289549011552 3
  endloop
endfacet
facet normal -0.964326 -0.264717 -2.95104e-17
  outer loop
    vertex 18.56649755544411 41.65061604802503 7.436525991303572
    vertex 18.39058380103901 42.29144472478647 6.334420967383568
    vertex 18.72856105184802 41.06024188255364 6.328864913680461
  endloop
endfacet
facet normal -0.964326 -0.264717 -2.39853e-15
  outer loop
    vertex 14.6694248325931 55.84709525269656 10.81119936437347
    vertex 14.83776626939843 55.23385144719144 9.708960608660249
    vertex 15.00891943304106 54.61036492249328 10.80832147400033
  endloop
endfacet
facet normal -0.964326 -0.264717 1.85415e-15
  outer loop
    vertex 12.29820542812304 64.4851087975518 15.27276788567073
    vertex 12.13021829462167 65.09706192673535 16.37501490692156
    vertex 11.96052153342895 65.71524298536595 15.27110942329612
  endloop
endfacet
facet normal -0.964326 -0.264717 -1.7027e-15
  outer loop
    vertex 14.16357482250319 57.68983457516694 16.35500369234677
    vertex 14.33320412580251 57.07189925600514 15.24651225185814
    vertex 14.50333869784878 56.45212331497944 16.34787170734516
  endloop
endfacet
facet normal -0.964326 -0.264717 -7.3092e-16
  outer loop
    vertex 18.91164031395894 40.39331028486387 14.07265702859518
    vertex 18.74339234559465 41.0062135981909 15.17435366649426
    vertex 18.5731244726642 41.62647513529469 14.07865623824567
  endloop
endfacet
facet normal -0.964326 -0.264717 -1.12308e-15
  outer loop
    vertex 13.14073198091165 61.41590492667899 9.735972542471782
    vertex 13.48009783851056 60.17964358828297 9.730315517440665
    vertex 13.31211704866352 60.79157360844005 10.8319414205977
  endloop
endfacet
facet normal -0.964326 -0.264717 8.29777e-16
  outer loop
    vertex 18.74339234559465 41.0062135981909 15.17435366649426
    vertex 18.40473762765589 42.2398843563964 15.17923805038654
    vertex 18.5731244726642 41.62647513529469 14.07865623824567
  endloop
endfacet
facet normal -0.964326 -0.264717 -1.1023e-15
  outer loop
    vertex 12.96989089490124 62.03825459714548 8.640116242434397
    vertex 12.80176391411883 62.65071716999569 9.742498738956506
    vertex 12.63067758243945 63.27396023539916 8.644127326897248
  endloop
endfacet
facet normal -0.964326 -0.264717 -1.09393e-15
  outer loop
    vertex 19.23103168359111 39.22981315263237 5.213025532178399
    vertex 18.89227754632044 40.46384608126125 5.219255305119106
    vertex 19.05442671285965 39.87315983172557 4.105955216943187
  endloop
endfacet
facet normal -0.964326 -0.264717 -1.96662e-17
  outer loop
    vertex 19.7345982272126 37.39539217229695 4.10781372969111
    vertex 19.57080780698832 37.99205727454255 5.20820022832735
    vertex 19.39525583919139 38.63156801437422 4.106610893204747
  endloop
endfacet
facet normal -0.964326 -0.264717 -3.20908e-15
  outer loop
    vertex 14.6694248325931 55.84709525269656 10.81119936437347
    vertex 14.49836876705844 56.47022806285854 9.714304868645922
    vertex 14.83776626939843 55.23385144719144 9.708960608660249
  endloop
endfacet
facet normal -0.964326 -0.264717 -9.26105e-16
  outer loop
    vertex 18.71530858100663 41.10851874061871 4.105310863148706
    vertex 18.89227754632044 40.46384608126125 5.219255305119106
    vertex 18.55068515379956 41.70821836830162 5.220946531661971
  endloop
endfacet
facet normal -0.964326 -0.264717 -1.08463e-16
  outer loop
    vertex 12.96989089490124 62.03825459714548 8.640116242434397
    vertex 13.14073198091165 61.41590492667899 9.735972542471782
    vertex 12.80176391411883 62.65071716999569 9.742498738956506
  endloop
endfacet
facet normal -0.964326 -0.264717 -1.71426e-15
  outer loop
    vertex 14.33008461180576 57.08326319985044 10.81508088064335
    vertex 14.49836876705844 56.47022806285854 9.714304868645922
    vertex 14.6694248325931 55.84709525269656 10.81119936437347
  endloop
endfacet
facet normal -0.964326 -0.264717 1.29546e-15
  outer loop
    vertex 14.84260518021198 55.21622398637064 14.13781893097894
    vertex 14.67358480513438 55.83194106701048 15.23961285337751
    vertex 14.50260226064037 56.45480605052435 14.1395070457356
  endloop
endfacet
facet normal -0.964326 -0.264717 1.75806e-15
  outer loop
    vertex 18.5731244726642 41.62647513529469 14.07865623824567
    vertex 18.40473762765589 42.2398843563964 15.17923805038654
    vertex 18.23434197663934 42.86061137081385 14.08403157920336
  endloop
endfacet
facet normal -0.964326 -0.264717 -3.05366e-16
  outer loop
    vertex 14.33008461180576 57.08326319985044 10.81508088064335
    vertex 14.15882785175753 57.7071271114547 9.719149475231983
    vertex 14.49836876705844 56.47022806285854 9.714304868645922
  endloop
endfacet
facet normal -0.964326 -0.264717 -1.77156e-16
  outer loop
    vertex 14.84260518021198 55.21622398637064 14.13781893097894
    vertex 15.01343572768304 54.59391270629749 15.23263684420894
    vertex 14.67358480513438 55.83194106701048 15.23961285337751
  endloop
endfacet
facet normal -0.964326 -0.264717 1.75625e-15
  outer loop
    vertex 13.30900913105364 60.80289530830458 8.63594647385535
    vertex 13.14073198091165 61.41590492667899 9.735972542471782
    vertex 12.96989089490124 62.03825459714548 8.640116242434397
  endloop
endfacet
facet normal -0.964326 -0.264717 -1.93671e-15
  outer loop
    vertex 16.00000130962994 50.99999522920521 21.89405763002272
    vertex 15.8403982641608 51.58140632341423 20.77382291794097
    vertex 16.16969430180754 50.38182790055826 20.77943489508466
  endloop
endfacet
facet normal -0.964326 -0.264717 4.13696e-16
  outer loop
    vertex 13.99073629346383 58.31946064523891 10.82129727533023
    vertex 14.15882785175753 57.7071271114547 9.719149475231983
    vertex 14.33008461180576 57.08326319985044 10.81508088064335
  endloop
endfacet
facet normal -0.964326 -0.264717 -4.2535e-16
  outer loop
    vertex 15.50030437699195 52.82031976952931 20.78224199805917
    vertex 15.8403982641608 51.58140632341423 20.77382291794097
    vertex 15.66061947239835 52.23631477912028 21.89567570151195
  endloop
endfacet
facet normal -0.964326 -0.264717 -3.35141e-16
  outer loop
    vertex 15.18192240355614 53.98013981561692 14.1307674532257
    vertex 15.01343572768304 54.59391270629749 15.23263684420894
    vertex 14.84260518021198 55.21622398637064 14.13781893097894
  endloop
endfacet
facet normal -0.964326 -0.264717 1.76884e-16
  outer loop
    vertex 15.5212627708966 52.74397133459095 14.12231731379379
    vertex 15.69206098358421 52.12177784551469 15.2210583631019
    vertex 15.35275418116155 53.35782405434006 15.22708901201156
  endloop
endfacet
facet normal -0.964326 -0.264717 1.99293e-15
  outer loop
    vertex 13.30900913105364 60.80289530830458 8.63594647385535
    vertex 13.48009783851056 60.17964358828297 9.730315517440665
    vertex 13.14073198091165 61.41590492667899 9.735972542471782
  endloop
endfacet
facet normal -0.964326 -0.264717 -6.44055e-16
  outer loop
    vertex 16.36589833065127 49.66708465262752 10.79328374648678
    vertex 16.19464082877443 50.29095126660742 9.689532683599833
    vertex 16.5346712403161 49.0522690531342 9.682789577997969
  endloop
endfacet
facet normal -0.964326 -0.264717 1.44037e-16
  outer loop
    vertex 15.32431902414956 53.46140926916947 4.107765865711414
    vertex 15.49970962980548 52.82248634856575 5.23149989734627
    vertex 15.15895924186239 54.06379133321559 5.229590171397438
  endloop
endfacet
facet normal -0.964326 -0.264717 -6.89899e-16
  outer loop
    vertex 13.81940836609212 58.94358380923586 9.724528674620476
    vertex 13.48009783851056 60.17964358828297 9.730315517440665
    vertex 13.64827382462281 59.5670024960169 8.628903291604319
  endloop
endfacet
facet normal -0.964326 -0.264717 3.74313e-16
  outer loop
    vertex 15.18192240355614 53.98013981561692 14.1307674532257
    vertex 15.35275418116155 53.35782405434006 15.22708901201156
    vertex 15.01343572768304 54.59391270629749 15.23263684420894
  endloop
endfacet
facet normal -0.964326 -0.264717 4.1423e-16
  outer loop
    vertex 13.64827382462281 59.5670024960169 8.628903291604319
    vertex 13.48009783851056 60.17964358828297 9.730315517440665
    vertex 13.30900913105364 60.80289530830458 8.63594647385535
  endloop
endfacet
facet normal -0.964326 -0.264717 -1.68769e-15
  outer loop
    vertex 13.98803451144338 58.32930285117052 19.66875054767452
    vertex 13.8103826705783 58.97646312860761 20.77240741064196
    vertex 13.65563244722755 59.54019608509965 19.67529809648315
  endloop
endfacet
facet normal -0.964326 -0.264717 7.48861e-16
  outer loop
    vertex 13.98759253096023 58.33091292293059 8.622668810028898
    vertex 13.81940836609212 58.94358380923586 9.724528674620476
    vertex 13.64827382462281 59.5670024960169 8.628903291604319
  endloop
endfacet
facet normal -0.964326 -0.264717 -1.96733e-16
  outer loop
    vertex 15.5212627708966 52.74397133459095 14.12231731379379
    vertex 15.35275418116155 53.35782405434006 15.22708901201156
    vertex 15.18192240355614 53.98013981561692 14.1307674532257
  endloop
endfacet
facet normal -0.964326 -0.264717 2.13277e-15
  outer loop
    vertex 18.06593716990242 43.47408602392692 15.18462544774652
    vertex 17.72689141072529 44.70918128950072 15.19018432939901
    vertex 17.89542907404939 44.09522265882008 14.0900511581632
  endloop
endfacet
facet normal -0.964326 -0.264717 9.67821e-16
  outer loop
    vertex 18.23434197663934 42.86061137081385 14.08403157920336
    vertex 18.06593716990242 43.47408602392692 15.18462544774652
    vertex 17.89542907404939 44.09522265882008 14.0900511581632
  endloop
endfacet
facet normal -0.964326 -0.264717 6.91333e-16
  outer loop
    vertex 18.40473762765589 42.2398843563964 15.17923805038654
    vertex 18.06593716990242 43.47408602392692 15.18462544774652
    vertex 18.23434197663934 42.86061137081385 14.08403157920336
  endloop
endfacet
facet normal -0.964326 -0.264717 6.27437e-16
  outer loop
    vertex 17.22005094624021 46.55552869583926 18.51539286923186
    vertex 17.04876493641419 47.17949916020544 19.62355606475266
    vertex 16.88081577431004 47.79131396501343 18.52241815518342
  endloop
endfacet
facet normal -0.964326 -0.264717 -2.15887e-15
  outer loop
    vertex 15.86099484577186 51.50637591897392 16.32297404139156
    vertex 15.69206098358421 52.12177784551469 15.2210583631019
    vertex 16.03096085052428 50.88721404451869 15.21555791697249
  endloop
endfacet
facet normal -0.964326 -0.264717 1.16512e-15
  outer loop
    vertex 17.89542907404939 44.09522265882008 14.0900511581632
    vertex 17.72689141072529 44.70918128950072 15.19018432939901
    vertex 17.55642206969225 45.33017674612108 14.09534226399151
  endloop
endfacet
facet normal -0.964326 -0.264717 1.04621e-15
  outer loop
    vertex 17.38786255966013 45.9442149612381 15.19566068679335
    vertex 17.0486970658872 47.1797464028395 15.20119126631306
    vertex 17.217345102175 46.56538569921963 14.10101032358273
  endloop
endfacet
facet normal -0.964326 -0.264717 1.93844e-15
  outer loop
    vertex 16.02931386648971 50.8932137720732 13.00707458434941
    vertex 15.86060679795457 51.50778952173692 14.11485004252565
    vertex 15.68976473417608 52.13014275407285 13.01240559346333
  endloop
endfacet
facet normal -0.964326 -0.264717 -3.93051e-17
  outer loop
    vertex 15.85416209593771 51.53126665051263 9.696289852274916
    vertex 15.68737661860957 52.1388423179223 10.80483416375566
    vertex 15.51610691807734 52.76275336986113 9.701602004956712
  endloop
endfacet
facet normal -0.964326 -0.264717 3.13166e-16
  outer loop
    vertex 18.72856105184802 41.06024188255364 6.328864913680461
    vertex 19.06818054042019 39.82305660275502 6.323679545597984
    vertex 18.90549869157528 40.41568333783291 7.431474911556526
  endloop
endfacet
facet normal -0.964326 -0.264717 -1.77693e-15
  outer loop
    vertex 17.55642206969225 45.33017674612108 14.09534226399151
    vertex 17.38786255966013 45.9442149612381 15.19566068679335
    vertex 17.217345102175 46.56538569921963 14.10101032358273
  endloop
endfacet
facet normal -0.964326 -0.264717 1.92431e-15
  outer loop
    vertex 16.53901435241035 49.03644771621943 14.1117118493879
    vertex 16.70961133299048 48.41498728696327 15.20622809503577
    vertex 16.3702853906116 49.6511032199149 15.21136113412306
  endloop
endfacet
facet normal -0.964326 -0.264717 1.43467e-15
  outer loop
    vertex 19.24437324624523 39.18121174582095 7.425906126171917
    vertex 19.06818054042019 39.82305660275502 6.323679545597984
    vertex 19.40734102294106 38.58754341642898 6.323550484881494
  endloop
endfacet
facet normal -0.964326 -0.264717 1.89489e-15
  outer loop
    vertex 17.217345102175 46.56538569921963 14.10101032358273
    vertex 17.0486970658872 47.1797464028395 15.20119126631306
    vertex 16.87820503629607 47.80082451063573 14.10621585029783
  endloop
endfacet
facet normal -0.964326 -0.264717 1.3753e-16
  outer loop
    vertex 15.69206098358421 52.12177784551469 15.2210583631019
    vertex 15.86060679795457 51.50778952173692 14.11485004252565
    vertex 16.03096085052428 50.88721404451869 15.21555791697249
  endloop
endfacet
facet normal -0.964326 -0.264717 -1.85601e-15
  outer loop
    vertex 17.72689141072529 44.70918128950072 15.19018432939901
    vertex 17.38786255966013 45.9442149612381 15.19566068679335
    vertex 17.55642206969225 45.33017674612108 14.09534226399151
  endloop
endfacet
facet normal -0.964326 -0.264717 2.40841e-15
  outer loop
    vertex 16.87820503629607 47.80082451063573 14.10621585029783
    vertex 16.70961133299048 48.41498728696327 15.20622809503577
    vertex 16.53901435241035 49.03644771621943 14.1117118493879
  endloop
endfacet
facet normal -0.964326 -0.264717 1.95456e-15
  outer loop
    vertex 17.0486970658872 47.1797464028395 15.20119126631306
    vertex 16.70961133299048 48.41498728696327 15.20622809503577
    vertex 16.87820503629607 47.80082451063573 14.10621585029783
  endloop
endfacet
facet normal -0.964326 -0.264717 1.8207e-15
  outer loop
    vertex 11.96052153342895 65.71524298536595 15.27110942329612
    vertex 12.13021829462167 65.09706192673535 16.37501490692156
    vertex 11.79326732221799 66.32452618334875 16.37089206789782
  endloop
endfacet
facet normal -0.964326 -0.264717 -2.1497e-16
  outer loop
    vertex 15.18427046940544 53.97158614716589 18.54773002576301
    vertex 15.3411150162672 53.40022386931234 19.66624643266838
    vertex 15.0041307563222 54.62780938768343 19.66013776223107
  endloop
endfacet
facet normal -0.964326 -0.264717 4.61757e-16
  outer loop
    vertex 15.68283207239078 52.15539745057642 19.65366148690515
    vertex 15.3411150162672 53.40022386931234 19.66624643266838
    vertex 15.52360428717605 52.73544152528726 18.54198582829836
  endloop
endfacet
facet normal -0.964326 -0.264717 1.99894e-15
  outer loop
    vertex 17.37800571756579 45.98012202886748 6.345999251371282
    vertex 17.54063723931503 45.38767862820951 5.227261362125336
    vertex 17.71726609585645 44.74424493652293 6.340134372671918
  endloop
endfacet
facet normal -0.964326 -0.264717 2.40118e-15
  outer loop
    vertex 17.04876493641419 47.17949916020544 19.62355606475266
    vertex 16.70808494902351 48.42054768570006 19.63088794242766
    vertex 16.88081577431004 47.79131396501343 18.52241815518342
  endloop
endfacet
facet normal -0.964326 -0.264717 -1.67462e-15
  outer loop
    vertex 21.26686670294757 31.81355701069097 18.58092197498375
    vertex 20.9331513599262 33.02923433169742 18.55561909152881
    vertex 21.09944397782119 32.42345408079423 17.4769914415545
  endloop
endfacet
facet normal -0.964326 -0.264717 -2.06186e-16
  outer loop
    vertex 15.34821601167146 53.37435595748255 10.80895605005758
    vertex 15.17763028457453 53.99577539190706 9.705469737752409
    vertex 15.51610691807734 52.76275336986113 9.701602004956712
  endloop
endfacet
facet normal -0.964326 -0.264717 1.93921e-15
  outer loop
    vertex 15.3212385082534 53.47263114850547 21.89509426298504
    vertex 15.16170192089935 54.05380014529522 20.78125515143417
    vertex 15.50030437699195 52.82031976952931 20.78224199805917
  endloop
endfacet
facet normal -0.964326 -0.264717 -9.31673e-16
  outer loop
    vertex 14.82156510518124 55.29286997398262 20.78674962500205
    vertex 15.16170192089935 54.05380014529522 20.78125515143417
    vertex 14.98185776238011 54.70894672275817 21.8970608276593
  endloop
endfacet
facet normal -0.964326 -0.264717 -1.60454e-15
  outer loop
    vertex 10.4484121621714 71.22364140923275 16.37675140908671
    vertex 10.5944420728142 70.69167530617685 17.48873257703733
    vertex 10.22370336047528 72.04222347255433 17.48780869660611
  endloop
endfacet
facet normal -0.964326 -0.264717 -1.79889e-15
  outer loop
    vertex 11.79326732221799 66.32452618334875 16.37089206789782
    vertex 12.13021829462167 65.09706192673535 16.37501490692156
    vertex 11.9619921908296 65.70988559054929 17.4760256958707
  endloop
endfacet
facet normal -0.964326 -0.264717 1.03755e-15
  outer loop
    vertex 16.88081577431004 47.79131396501343 18.52241815518342
    vertex 16.70808494902351 48.42054768570006 19.63088794242766
    vertex 16.54153877042708 49.02725162201562 18.52682337495954
  endloop
endfacet
facet normal -0.964326 -0.264717 -9.70499e-16
  outer loop
    vertex 14.50558742264803 56.4439315317822 18.55834015880285
    vertex 14.66240333494692 55.87267356555051 19.67372672378436
    vertex 14.32542030171284 57.10025461518894 19.66661121846847
  endloop
endfacet
facet normal -0.964326 -0.264717 -2.50936e-16
  outer loop
    vertex 15.0041307563222 54.62780938768343 19.66013776223107
    vertex 14.66240333494692 55.87267356555051 19.67372672378436
    vertex 14.84492978024704 55.20775580052863 18.55260266152505
  endloop
endfacet
facet normal -0.964326 -0.264717 -9.99532e-16
  outer loop
    vertex 12.26711539257163 64.59836535563193 21.89805717730433
    vertex 12.11168900203391 65.16456149259078 20.77660526969019
    vertex 12.4469905318138 63.94310591982114 20.78389619896015
  endloop
endfacet
facet normal -0.964326 -0.264717 5.91473e-16
  outer loop
    vertex 16.53901435241035 49.03644771621943 14.1117118493879
    vertex 16.3702853906116 49.6511032199149 15.21136113412306
    vertex 16.20027758205654 50.27041737965116 14.110686483473
  endloop
endfacet
facet normal -0.964326 -0.264717 -6.64167e-16
  outer loop
    vertex 18.20597484817641 42.96394876735737 3
    vertex 18.03981500003385 43.56924535701954 4.108272530528765
    vertex 17.86659410230311 44.20026434161008 3
  endloop
endfacet
facet normal -0.964326 -0.264717 1.99871e-17
  outer loop
    vertex 11.79504559844625 66.31804817708866 18.57899079952435
    vertex 12.12895479772085 65.10166466544548 18.57438695733949
    vertex 11.95334191178235 65.74139732136429 19.67772388228936
  endloop
endfacet
facet normal -0.964326 -0.264717 9.66302e-16
  outer loop
    vertex 14.14224186071956 57.76754750737874 20.77912135339318
    vertex 14.48286731495015 56.52669763839589 20.78325543526124
    vertex 14.30309627063352 57.18157787126363 21.89719652428052
  endloop
endfacet
facet normal -0.964326 -0.264717 -6.9302e-16
  outer loop
    vertex 14.64247701650681 55.94526229701091 21.89612716663889
    vertex 14.48286731495015 56.52669763839589 20.78325543526124
    vertex 14.82156510518124 55.29286997398262 20.78674962500205
  endloop
endfacet
facet normal -0.964326 -0.264717 -1.58786e-16
  outer loop
    vertex 11.7577406765838 66.45394467815902 23
    vertex 11.58805030364715 67.0721024652854 21.93525724447519
    vertex 11.92922957735574 65.82923511106124 21.89453555271194
  endloop
endfacet
facet normal -0.964326 -0.264717 5.22051e-16
  outer loop
    vertex 18.39058380103901 42.29144472478647 6.334420967383568
    vertex 18.2153560752114 42.92977429744417 5.223559658009354
    vertex 18.55068515379956 41.70821836830162 5.220946531661971
  endloop
endfacet
facet normal -0.964326 -0.264717 -1.63576e-15
  outer loop
    vertex 14.64404250781172 55.93955943582876 4.106875734333125
    vertex 14.48339600933681 56.52477168027305 5.23262239608934
    vertex 14.30770154058454 57.16480153072774 4.115158283602121
  endloop
endfacet
facet normal -0.964326 -0.264717 8.64355e-16
  outer loop
    vertex 16.33938157640575 49.76368140023619 21.8942766427276
    vertex 16.51181398560392 49.13553476672859 20.7915662613844
    vertex 16.67876120154443 48.52736990865959 21.89300547907894
  endloop
endfacet
facet normal -0.964326 -0.264717 1.58819e-15
  outer loop
    vertex 10.91618186597208 69.51962320253027 21.90141173137978
    vertex 11.25783739106175 68.27502093256075 21.90516720798144
    vertex 11.07897918483722 68.92657582666443 23
  endloop
endfacet
facet normal -0.964326 -0.264717 -9.47794e-16
  outer loop
    vertex 15.66220065989728 52.23055473894564 4.106837412640017
    vertex 15.49970962980548 52.82248634856575 5.23149989734627
    vertex 15.32431902414956 53.46140926916947 4.107765865711414
  endloop
endfacet
facet normal -0.964326 -0.264717 -6.30996e-16
  outer loop
    vertex 14.32542030171284 57.10025461518894 19.66661121846847
    vertex 13.98803451144338 58.32930285117052 19.66875054767452
    vertex 14.166248591838 57.68009441544729 18.56321526720345
  endloop
endfacet
facet normal -0.964326 -0.264717 3.40677e-16
  outer loop
    vertex 13.8269280697998 58.91619060287215 18.56892790649573
    vertex 13.98803451144338 58.32930285117052 19.66875054767452
    vertex 13.65563244722755 59.54019608509965 19.67529809648315
  endloop
endfacet
facet normal -0.964326 -0.264717 -2.00478e-15
  outer loop
    vertex 20.60318757692061 34.2312452555035 16.24627383450353
    vertex 20.76865607315419 33.62846716208118 17.40634227803724
    vertex 20.43542048903921 34.8423967899286 17.35141542016952
  endloop
endfacet
facet normal -0.964326 -0.264717 1.27949e-15
  outer loop
    vertex 22.31306170741104 28.00241806585976 9.959335987017775
    vertex 22.38977256634099 27.72297136547209 11.12499999999998
    vertex 22.11365779374546 28.72881803707011 10.97160982141281
  endloop
endfacet
facet normal -0.964326 -0.264717 -4.15556e-16
  outer loop
    vertex 19.40734102294106 38.58754341642898 6.323550484881494
    vertex 19.74520573733696 37.35675052827251 6.3182297137897
    vertex 19.58261552888244 37.94904343049967 7.419742521437971
  endloop
endfacet
facet normal -0.964326 -0.264717 3.57375e-15
  outer loop
    vertex 20.59878140163111 34.24729632262953 18.48964259716062
    vertex 20.42717771346639 34.87242404380103 19.58885733717834
    vertex 20.26712631464656 35.45546842521609 18.45754907563659
  endloop
endfacet
facet normal -0.964326 -0.264717 1.08382e-15
  outer loop
    vertex 18.55068515379956 41.70821836830162 5.220946531661971
    vertex 18.2153560752114 42.92977429744417 5.223559658009354
    vertex 18.3772409052347 42.34005098807357 4.11039962573623
  endloop
endfacet
facet normal -0.964326 -0.264717 9.49814e-16
  outer loop
    vertex 11.94945268484998 65.75556521947509 6.446534432345866
    vertex 12.11062552208473 65.16843559811991 5.302772362053561
    vertex 12.28419961873299 64.53612996032983 6.422789243059124
  endloop
endfacet
facet normal -0.964326 -0.264717 1.82592e-15
  outer loop
    vertex 13.79402515182357 59.03605123264271 23
    vertex 13.62867729808081 59.63838984270564 21.91209824426605
    vertex 13.96371552476022 58.41789344551633 21.88971102078918
  endloop
endfacet
facet normal -0.964326 -0.264717 2.02086e-16
  outer loop
    vertex 13.29675544818399 60.84753372447261 21.89785880412722
    vertex 13.62867729808081 59.63838984270564 21.91209824426605
    vertex 13.45464440595028 60.27236680689542 23
  endloop
endfacet
facet normal -0.964326 -0.264717 1.76601e-16
  outer loop
    vertex 16.20224306749343 50.2632573969882 18.5314298276779
    vertex 16.02893805174622 50.89458281149592 19.63786579606219
    vertex 15.86293082722107 51.49932341512324 18.53713116317539
  endloop
endfacet
facet normal -0.964326 -0.264717 1.56902e-16
  outer loop
    vertex 18.22741549979053 42.88584353647735 7.441747032860398
    vertex 18.39058380103901 42.29144472478647 6.334420967383568
    vertex 18.56649755544411 41.65061604802503 7.436525991303572
  endloop
endfacet
facet normal -0.964326 -0.264717 -2.26959e-15
  outer loop
    vertex 13.47620037096105 60.19384150578473 20.78479428908516
    vertex 13.13591465760155 61.43345374730863 20.78390323401563
    vertex 13.31783043789319 60.77076054767481 19.68081435068707
  endloop
endfacet
facet normal -0.964326 -0.264717 -6.92402e-16
  outer loop
    vertex 19.58261552888244 37.94904343049967 7.419742521437971
    vertex 19.74520573733696 37.35675052827251 6.3182297137897
    vertex 19.91925937832108 36.7226979789732 7.42332366194977
  endloop
endfacet
facet normal -0.964326 -0.264717 -1.05116e-15
  outer loop
    vertex 12.46901216993487 63.86288423809442 18.57722558326381
    vertex 12.63142024697903 63.27125481457638 19.67636912655853
    vertex 12.29486916855528 64.49726231454864 19.65816573151994
  endloop
endfacet
facet normal -0.964326 -0.264717 1.67056e-15
  outer loop
    vertex 12.97412876644007 62.02281663653974 19.6773611215748
    vertex 12.63142024697903 63.27125481457638 19.67636912655853
    vertex 12.80944125257607 62.62274972275858 18.58604010175892
  endloop
endfacet
facet normal -0.964326 -0.264717 8.34737e-16
  outer loop
    vertex 10.28178442889593 71.83064243759341 13.10203740489936
    vertex 9.912910834619073 73.17439624531625 13.14979032780299
    vertex 10.10601515399683 72.4709447961544 12.02714466307631
  endloop
endfacet
facet normal -0.964326 -0.264717 -7.78231e-16
  outer loop
    vertex 19.05442671285965 39.87315983172557 4.105955216943187
    vertex 18.89227754632044 40.46384608126125 5.219255305119106
    vertex 18.71530858100663 41.10851874061871 4.105310863148706
  endloop
endfacet
facet normal -0.964326 -0.264717 2.13314e-15
  outer loop
    vertex 20.42663424690509 34.87440381484573 8.532674766547569
    vertex 20.25497926029432 35.49971840892783 7.425179129956869
    vertex 20.59330555681748 34.26724404302201 7.430882469068969
  endloop
endfacet
facet normal -0.964326 -0.264717 -1.29394e-15
  outer loop
    vertex 15.66061947239835 52.23631477912028 21.89567570151195
    vertex 15.8403982641608 51.58140632341423 20.77382291794097
    vertex 16.00000130962994 50.99999522920521 21.89405763002272
  endloop
endfacet
facet normal -0.964326 -0.264717 9.36125e-16
  outer loop
    vertex 21.09747239700691 32.43063626804626 19.67347886804693
    vertex 20.9331513599262 33.02923433169742 18.55561909152881
    vertex 21.26686670294757 31.81355701069097 18.58092197498375
  endloop
endfacet
facet normal -0.964326 -0.264717 7.70341e-16
  outer loop
    vertex 20.09045581463361 36.09905381812041 8.530687403791379
    vertex 20.25497926029432 35.49971840892783 7.425179129956869
    vertex 20.42663424690509 34.87440381484573 8.532674766547569
  endloop
endfacet
facet normal -0.964326 -0.264717 9.61344e-16
  outer loop
    vertex 18.90549869157528 40.41568333783291 7.431474911556526
    vertex 19.06818054042019 39.82305660275502 6.323679545597984
    vertex 19.24437324624523 39.18121174582095 7.425906126171917
  endloop
endfacet
facet normal -0.964326 -0.264717 3.74772e-16
  outer loop
    vertex 19.90861661074063 36.76146806087342 5.212918163222756
    vertex 19.57080780698832 37.99205727454255 5.20820022832735
    vertex 19.7345982272126 37.39539217229695 4.10781372969111
  endloop
endfacet
facet normal -0.964326 -0.264717 3.34406e-16
  outer loop
    vertex 20.42001346962002 34.89852236066993 6.324209165812061
    vertex 20.08259407614819 36.12769300831729 6.321643222918857
    vertex 20.24418564782226 35.5390379972189 5.215900140588698
  endloop
endfacet
facet normal -0.964326 -0.264717 9.65612e-17
  outer loop
    vertex 15.52360428717605 52.73544152528726 18.54198582829836
    vertex 15.3411150162672 53.40022386931234 19.66624643266838
    vertex 15.18427046940544 53.97158614716589 18.54773002576301
  endloop
endfacet
facet normal -0.964326 -0.264717 -1.69187e-15
  outer loop
    vertex 20.08259407614819 36.12769300831729 6.321643222918857
    vertex 19.74520573733696 37.35675052827251 6.3182297137897
    vertex 19.90861661074063 36.76146806087342 5.212918163222756
  endloop
endfacet
facet normal -0.964326 -0.264717 2.39539e-16
  outer loop
    vertex 12.46901216993487 63.86288423809442 18.57722558326381
    vertex 12.29486916855528 64.49726231454864 19.65816573151994
    vertex 12.12895479772085 65.10166466544548 18.57438695733949
  endloop
endfacet
facet normal -0.964326 -0.264717 8.93346e-16
  outer loop
    vertex 14.98185776238011 54.70894672275817 21.8970608276593
    vertex 15.16170192089935 54.05380014529522 20.78125515143417
    vertex 15.3212385082534 53.47263114850547 21.89509426298504
  endloop
endfacet
facet normal -0.964326 -0.264717 7.19838e-16
  outer loop
    vertex 14.14224186071956 57.76754750737874 20.77912135339318
    vertex 13.8103826705783 58.97646312860761 20.77240741064196
    vertex 13.98803451144338 58.32930285117052 19.66875054767452
  endloop
endfacet
facet normal -0.964326 -0.264717 1.28324e-15
  outer loop
    vertex 20.94313904072615 32.99285063735473 14.10854639069549
    vertex 21.10923453760394 32.38778847015707 13.03317428469163
    vertex 21.27974186559872 31.76665463246179 14.16992559587385
  endloop
endfacet
facet normal -0.964326 -0.264717 -6.77806e-16
  outer loop
    vertex 14.84492978024704 55.20775580052863 18.55260266152505
    vertex 14.66240333494692 55.87267356555051 19.67372672378436
    vertex 14.50558742264803 56.4439315317822 18.55834015880285
  endloop
endfacet
facet normal -0.964326 -0.264717 -1.39518e-15
  outer loop
    vertex 9.64039579389609 74.16712960794996 13.71741468703955
    vertex 9.652405458669845 74.12338011484556 14.85978468092217
    vertex 9.382075455470758 75.10815369792796 14.24999999999997
  endloop
endfacet
facet normal -0.964326 -0.264717 1.09636e-15
  outer loop
    vertex 9.382075455470758 75.10815369792796 15.49999999999997
    vertex 9.652405458669845 74.12338011484556 14.85978468092217
    vertex 9.71782457388443 73.88506762370672 16.14269841645893
  endloop
endfacet
facet normal -0.964326 -0.264717 -0
  outer loop
    vertex 22.61792454452924 26.89184630207204 5.499999999999995
    vertex 22.3105569105668 28.01154268293521 5.009341479028208
    vertex 22.61792454452924 26.89184630207204 4.249999999999997
  endloop
endfacet
facet normal -0.964326 -0.264717 -1.35927e-15
  outer loop
    vertex 11.92922957735574 65.82923511106124 21.89453555271194
    vertex 12.11168900203391 65.16456149259078 20.77660526969019
    vertex 12.26711539257163 64.59836535563193 21.89805717730433
  endloop
endfacet
facet normal -0.964326 -0.264717 0
  outer loop
    vertex 9.382075455470758 75.10815369792796 20.49999999999999
    vertex 9.699037905121362 73.95350477420075 21.01449830900441
    vertex 9.382075455470758 75.10815369792796 21.75
  endloop
endfacet
facet normal -0.964326 -0.264717 9.34423e-16
  outer loop
    vertex 10.19975011678256 72.12948171743498 19.72215967204023
    vertex 10.41610703921946 71.34132435712912 18.60906643066772
    vertex 10.57172406726996 70.77443375494515 19.69828553737748
  endloop
endfacet
facet normal -0.964326 -0.264717 -1.77639e-16
  outer loop
    vertex 19.91925937832108 36.7226979789732 7.42332366194977
    vertex 19.74520573733696 37.35675052827251 6.3182297137897
    vertex 20.08259407614819 36.12769300831729 6.321643222918857
  endloop
endfacet
facet normal -0.964326 -0.264717 5.63899e-16
  outer loop
    vertex 14.30309627063352 57.18157787126363 21.89719652428052
    vertex 14.48286731495015 56.52669763839589 20.78325543526124
    vertex 14.64247701650681 55.94526229701091 21.89612716663889
  endloop
endfacet
facet normal -0.964326 -0.264717 7.86524e-16
  outer loop
    vertex 21.27974186559872 31.76665463246179 14.16992559587385
    vertex 21.10923453760394 32.38778847015707 13.03317428469163
    vertex 21.44406351298188 31.16805434556601 13.10135503576732
  endloop
endfacet
facet normal -0.964326 -0.264717 2.02401e-15
  outer loop
    vertex 11.95334191178235 65.74139732136429 19.67772388228936
    vertex 11.77706149394826 66.38356170061705 20.77050713426063
    vertex 11.62445801149937 66.93947438668087 19.67782659794264
  endloop
endfacet
facet normal -0.964326 -0.264717 -1.10309e-15
  outer loop
    vertex 14.82094448594622 55.29513080119591 5.230555964648649
    vertex 14.48339600933681 56.52477168027305 5.23262239608934
    vertex 14.64404250781172 55.93955943582876 4.106875734333125
  endloop
endfacet
facet normal -0.964326 -0.264717 8.62432e-16
  outer loop
    vertex 17.87889699871577 44.1554466475354 5.227683473434671
    vertex 18.2153560752114 42.92977429744417 5.223559658009354
    vertex 18.05491459244554 43.51423969894839 6.339634819310916
  endloop
endfacet
facet normal -0.964326 -0.264717 8.56752e-16
  outer loop
    vertex 11.59933714752457 67.0309861054462 4.181356403331192
    vertex 11.93760770923615 65.79871477349687 4.217782665056504
    vertex 11.77938660431169 66.37509165572169 5.341586626220838
  endloop
endfacet
facet normal -0.964326 -0.264717 -9.89681e-16
  outer loop
    vertex 15.83714634619336 51.5932525960099 5.226087582360248
    vertex 15.49970962980548 52.82248634856575 5.23149989734627
    vertex 15.66220065989728 52.23055473894564 4.106837412640017
  endloop
endfacet
facet normal -0.964326 -0.264717 -9.81973e-16
  outer loop
    vertex 14.166248591838 57.68009441544729 18.56321526720345
    vertex 13.98803451144338 58.32930285117052 19.66875054767452
    vertex 13.8269280697998 58.91619060287215 18.56892790649573
  endloop
endfacet
facet normal -0.964326 -0.264717 4.21448e-16
  outer loop
    vertex 11.93760770923615 65.79871477349687 4.217782665056504
    vertex 12.11062552208473 65.16843559811991 5.302772362053561
    vertex 11.77938660431169 66.37509165572169 5.341586626220838
  endloop
endfacet
facet normal -0.964326 -0.264717 1.45921e-15
  outer loop
    vertex 11.77938660431169 66.37509165572169 5.341586626220838
    vertex 12.11062552208473 65.16843559811991 5.302772362053561
    vertex 11.94945268484998 65.75556521947509 6.446534432345866
  endloop
endfacet
facet normal -0.964326 -0.264717 2.21395e-15
  outer loop
    vertex 21.27268050865074 31.79237814705803 16.36823873734912
    vertex 21.10801730332959 32.3922226807279 15.23077843386805
    vertex 21.44030626948068 31.1817414468918 15.28904130559993
  endloop
endfacet
facet normal -0.964326 -0.264717 3.05319e-15
  outer loop
    vertex 20.26712631464656 35.45546842521609 18.45754907563659
    vertex 20.42717771346639 34.87242404380103 19.58885733717834
    vertex 20.09114127753807 36.09655677468272 19.58922995060991
  endloop
endfacet
facet normal -0.964326 -0.264717 3.4566e-16
  outer loop
    vertex 11.4183599307105 67.69026025241173 23
    vertex 11.58805030364715 67.0721024652854 21.93525724447519
    vertex 11.7577406765838 66.45394467815902 23
  endloop
endfacet
facet normal -0.964326 -0.264717 6.28248e-16
  outer loop
    vertex 11.4183599307105 67.69026025241173 23
    vertex 11.25783739106175 68.27502093256075 21.90516720798144
    vertex 11.58805030364715 67.0721024652854 21.93525724447519
  endloop
endfacet
facet normal -0.964326 -0.264717 -1.64927e-15
  outer loop
    vertex 13.96371552476022 58.41789344551633 21.88971102078918
    vertex 13.8103826705783 58.97646312860761 20.77240741064196
    vertex 14.14224186071956 57.76754750737874 20.77912135339318
  endloop
endfacet
facet normal -0.964326 -0.264717 1.79393e-15
  outer loop
    vertex 9.956601398862396 73.01523776128698 17.99999999999997
    vertex 9.919509382148711 73.15035867931542 19.15931126295284
    vertex 9.666387962569431 74.07244385063993 18.62353064971791
  endloop
endfacet
facet normal -0.964326 -0.264717 1.19401e-16
  outer loop
    vertex 13.45464440595028 60.27236680689542 23
    vertex 13.62867729808081 59.63838984270564 21.91209824426605
    vertex 13.79402515182357 59.03605123264271 23
  endloop
endfacet
facet normal -0.964326 -0.264717 1.50283e-15
  outer loop
    vertex 11.07897918483722 68.92657582666443 23
    vertex 11.25783739106175 68.27502093256075 21.90516720798144
    vertex 11.4183599307105 67.69026025241173 23
  endloop
endfacet
facet normal -0.964326 -0.264717 1.50631e-15
  outer loop
    vertex 20.93957843231532 33.00582142513705 16.28892245223796
    vertex 21.10801730332959 32.3922226807279 15.23077843386805
    vertex 21.27268050865074 31.79237814705803 16.36823873734912
  endloop
endfacet
facet normal -0.964326 -0.264717 -2.82471e-15
  outer loop
    vertex 13.31783043789319 60.77076054767481 19.68081435068707
    vertex 13.13591465760155 61.43345374730863 20.78390323401563
    vertex 12.97412876644007 62.02281663653974 19.6773611215748
  endloop
endfacet
facet normal -0.964326 -0.264717 1.07244e-15
  outer loop
    vertex 12.12895479772085 65.10166466544548 18.57438695733949
    vertex 12.29486916855528 64.49726231454864 19.65816573151994
    vertex 11.95334191178235 65.74139732136429 19.67772388228936
  endloop
endfacet
facet normal -0.964326 -0.264717 2.16825e-16
  outer loop
    vertex 12.80944125257607 62.62274972275858 18.58604010175892
    vertex 12.63142024697903 63.27125481457638 19.67636912655853
    vertex 12.46901216993487 63.86288423809442 18.57722558326381
  endloop
endfacet
facet normal -0.964326 -0.264717 5.46424e-17
  outer loop
    vertex 10.22370336047528 72.04222347255433 17.48780869660611
    vertex 10.1431553041446 72.33564853490181 18.64909493454342
    vertex 9.956601398862396 73.01523776128698 17.99999999999997
  endloop
endfacet
facet normal -0.964326 -0.264717 -5.11139e-16
  outer loop
    vertex 9.695485142415574 73.96644698120041 7.442140478276592
    vertex 9.617061669564331 74.25213248944422 6.186358857399155
    vertex 9.893337352603348 73.24569964408781 6.302919852232851
  endloop
endfacet
facet normal -0.964326 -0.264717 2.10354e-15
  outer loop
    vertex 12.11168900203391 65.16456149259078 20.77660526969019
    vertex 11.77706149394826 66.38356170061705 20.77050713426063
    vertex 11.95334191178235 65.74139732136429 19.67772388228936
  endloop
endfacet
facet normal -0.964326 -0.264717 -2.04177e-15
  outer loop
    vertex 10.12842793442952 72.38929823886387 14.19499300951784
    vertex 9.912910834619073 73.17439624531625 13.14979032780299
    vertex 10.28178442889593 71.83064243759341 13.10203740489936
  endloop
endfacet
facet normal -0.964326 -0.264717 1.51374e-15
  outer loop
    vertex 21.77541800273686 29.96097727574431 13.11435395955249
    vertex 22.07218116804445 28.87991145926664 13.0432171934631
    vertex 21.99324873537029 29.16745103543681 14.22339366732609
  endloop
endfacet
facet normal -0.964326 -0.264717 -6.71201e-16
  outer loop
    vertex 22.31443067133899 27.99743112583654 18.60688841395582
    vertex 22.39187986920214 27.71529476219222 19.79457263075472
    vertex 22.10588509718191 28.75713286026588 19.68434762203226
  endloop
endfacet
facet normal -0.964326 -0.264717 -4.69978e-16
  outer loop
    vertex 11.92922957735574 65.82923511106124 21.89453555271194
    vertex 11.77706149394826 66.38356170061705 20.77050713426063
    vertex 12.11168900203391 65.16456149259078 20.77660526969019
  endloop
endfacet
facet normal -0.964326 -0.264717 -1.29891e-15
  outer loop
    vertex 21.99324873537029 29.16745103543681 14.22339366732609
    vertex 22.06491921960681 28.90636570000377 15.41172599797709
    vertex 21.76620495287156 29.99453910025359 15.31276181712016
  endloop
endfacet
facet normal -0.964326 -0.264717 2.21494e-15
  outer loop
    vertex 9.912910834619073 73.17439624531625 13.14979032780299
    vertex 9.61204414409201 74.27041061795053 12.74569316317207
    vertex 9.766571615139762 73.70748911627658 11.96095007216222
  endloop
endfacet
facet normal -0.964326 -0.264717 -2.29881e-16
  outer loop
    vertex 22.61792454452924 26.89184630207204 3
    vertex 22.3679734764759 27.80238233569493 3.941761453991452
    vertex 22.27854379865595 28.12816187632476 3
  endloop
endfacet
facet normal -0.964326 -0.264717 0
  outer loop
    vertex 9.382075455470758 75.10815369792796 14.24999999999997
    vertex 9.652405458669845 74.12338011484556 14.85978468092217
    vertex 9.382075455470758 75.10815369792796 15.49999999999997
  endloop
endfacet
facet normal -0.964326 -0.264717 2.59366e-15
  outer loop
    vertex 9.382075455470758 75.10815369792796 9.24999999999998
    vertex 9.613988749050673 74.26332669988683 8.657237840940301
    vertex 9.687386232957145 73.99595015137041 9.862148233916894
  endloop
endfacet
facet normal -0.964326 -0.264717 -4.92951e-16
  outer loop
    vertex 9.695485142415574 73.96644698120041 7.442140478276592
    vertex 9.613988749050673 74.26332669988683 8.657237840940301
    vertex 9.382075455470758 75.10815369792796 7.999999999999986
  endloop
endfacet
facet normal -0.964326 -0.264717 -0
  outer loop
    vertex 22.61792454452924 26.89184630207204 4.249999999999997
    vertex 22.3679734764759 27.80238233569493 3.941761453991452
    vertex 22.61792454452924 26.89184630207204 3
  endloop
endfacet
facet normal -0.964326 -0.264717 2.08426e-15
  outer loop
    vertex 22.39155176420421 27.71649000182754 6.159369103026242
    vertex 22.3105569105668 28.01154268293521 5.009341479028208
    vertex 22.61792454452924 26.89184630207204 5.499999999999995
  endloop
endfacet
facet normal -0.964326 -0.264717 -1.29314e-15
  outer loop
    vertex 9.382075455470758 75.10815369792796 23
    vertex 9.632430812918729 74.19614489579607 22.06246501682351
    vertex 9.721456201344051 73.87183812367525 23
  endloop
endfacet
facet normal -0.964326 -0.264717 -5.81208e-16
  outer loop
    vertex 9.654563946493045 74.11551705206105 19.80562879417987
    vertex 9.699037905121362 73.95350477420075 21.01449830900441
    vertex 9.382075455470758 75.10815369792796 20.49999999999999
  endloop
endfacet
facet normal -0.964326 -0.264717 -2.68447e-15
  outer loop
    vertex 22.27854379865595 28.12816187632476 23
    vertex 22.36809385250127 27.8019438230311 22.06449782324136
    vertex 22.61792454452924 26.89184630207204 23
  endloop
endfacet
facet normal -0.964326 -0.264717 1.1571e-16
  outer loop
    vertex 9.721456201344051 73.87183812367525 3
    vertex 9.631906147498741 74.19805617696888 3.935502176758647
    vertex 9.382075455470758 75.10815369792796 3
  endloop
endfacet
facet normal -0.964326 -0.264717 0
  outer loop
    vertex 9.382075455470758 75.10815369792796 21.75
    vertex 9.632430812918729 74.19614489579607 22.06246501682351
    vertex 9.382075455470758 75.10815369792796 23
  endloop
endfacet
facet normal -0.964326 -0.264717 -0
  outer loop
    vertex 22.61792454452924 26.89184630207204 23
    vertex 22.36809385250127 27.8019438230311 22.06449782324136
    vertex 22.61792454452924 26.89184630207204 21.75
  endloop
endfacet
facet normal -0.964326 -0.264717 0
  outer loop
    vertex 9.382075455470758 75.10815369792796 3
    vertex 9.631906147498741 74.19805617696888 3.935502176758647
    vertex 9.382075455470758 75.10815369792796 4.249999999999997
  endloop
endfacet
facet normal -0.964326 -0.264717 -1.90387e-15
  outer loop
    vertex 13.65563244722755 59.54019608509965 19.67529809648315
    vertex 13.8103826705783 58.97646312860761 20.77240741064196
    vertex 13.47620037096105 60.19384150578473 20.78479428908516
  endloop
endfacet
facet normal -0.964326 -0.264717 -2.42832e-15
  outer loop
    vertex 21.44406351298188 31.16805434556601 13.10135503576732
    vertex 21.10923453760394 32.38778847015707 13.03317428469163
    vertex 21.27672361334578 31.77764969424039 11.964817831903
  endloop
endfacet
facet normal -0.964326 -0.264717 -8.91782e-16
  outer loop
    vertex 21.44030626948068 31.1817414468918 15.28904130559993
    vertex 21.10801730332959 32.3922226807279 15.23077843386805
    vertex 21.27974186559872 31.76665463246179 14.16992559587385
  endloop
endfacet
facet normal -0.964326 -0.264717 1.1693e-15
  outer loop
    vertex 22.30323448843129 28.03821722071459 20.93162711778555
    vertex 22.36809385250127 27.8019438230311 22.06449782324136
    vertex 22.0950041395339 28.79677063455506 21.92055103465254
  endloop
endfacet
facet normal -0.964326 -0.264717 -1.95087e-15
  outer loop
    vertex 9.687386232957145 73.99595015137041 9.862148233916894
    vertex 9.628333611848921 74.21107041397893 11.00937718921343
    vertex 9.382075455470758 75.10815369792796 10.49999999999998
  endloop
endfacet
facet normal -0.964326 -0.264717 -9.15751e-17
  outer loop
    vertex 9.697128058223718 73.9604620736136 5.070983288389423
    vertex 9.631906147498741 74.19805617696888 3.935502176758647
    vertex 9.905125892361534 73.20275567782583 4.079025130888835
  endloop
endfacet
facet normal -0.964326 -0.264717 1.68267e-15
  outer loop
    vertex 11.62445801149937 66.93947438668087 19.67782659794264
    vertex 11.77706149394826 66.38356170061705 20.77050713426063
    vertex 11.44681076499511 67.58661792751781 20.79503763774856
  endloop
endfacet
facet normal -0.964326 -0.264717 1.14521e-15
  outer loop
    vertex 9.666387962569431 74.07244385063993 18.62353064971791
    vertex 9.919509382148711 73.15035867931542 19.15931126295284
    vertex 9.654563946493045 74.11551705206105 19.80562879417987
  endloop
endfacet
facet normal -0.964326 -0.264717 8.30465e-16
  outer loop
    vertex 9.64039579389609 74.16712960794996 13.71741468703955
    vertex 9.61204414409201 74.27041061795053 12.74569316317207
    vertex 9.912910834619073 73.17439624531625 13.14979032780299
  endloop
endfacet
facet normal -0.964326 -0.264717 1.39295e-15
  outer loop
    vertex 22.61792454452924 26.89184630207204 16.74999999999998
    vertex 22.38710092191739 27.73270378444379 17.37499999999997
    vertex 22.29509336011011 28.06787418817031 16.25303346610007
  endloop
endfacet
facet normal -0.964326 -0.264717 -1.64453e-15
  outer loop
    vertex 22.29823173380837 28.05644154112664 12.21562990550796
    vertex 22.38977256634099 27.72297136547209 11.12499999999998
    vertex 22.61792454452924 26.89184630207204 11.74999999999997
  endloop
endfacet
facet normal -0.964326 -0.264717 2.45085e-16
  outer loop
    vertex 22.31443067133899 27.99743112583654 18.60688841395582
    vertex 22.38710092191739 27.73270378444379 17.37499999999997
    vertex 22.61792454452924 26.89184630207204 17.99999999999998
  endloop
endfacet
facet normal -0.964326 -0.264717 1.77895e-15
  outer loop
    vertex 22.61792454452924 26.89184630207204 10.49999999999998
    vertex 22.38977256634099 27.72297136547209 11.12499999999998
    vertex 22.31306170741104 28.00241806585976 9.959335987017775
  endloop
endfacet
facet normal -0.964326 -0.264717 8.32049e-16
  outer loop
    vertex 22.29509336011011 28.06787418817031 16.25303346610007
    vertex 22.06491921960681 28.90636570000377 15.41172599797709
    vertex 22.33136000573469 27.93575997910931 14.87499999999997
  endloop
endfacet
facet normal -0.964326 -0.264717 -1.25487e-15
  outer loop
    vertex 10.05229611276465 72.66663558921448 20.90875120610205
    vertex 9.89659015812564 73.2338501382566 20.13665224553167
    vertex 10.19975011678256 72.12948171743498 19.72215967204023
  endloop
endfacet
facet normal -0.964326 -0.264717 0
  outer loop
    vertex 9.382075455470758 75.10815369792796 11.74999999999997
    vertex 9.61204414409201 74.27041061795053 12.74569316317207
    vertex 9.382075455470758 75.10815369792796 12.99999999999997
  endloop
endfacet
facet normal -0.964326 -0.264717 1.36713e-15
  outer loop
    vertex 9.71782457388443 73.88506762370672 16.14269841645893
    vertex 9.913978701658937 73.17050615824245 17.02107893665635
    vertex 9.662001833332239 74.08842189286113 17.42017982277604
  endloop
endfacet
facet normal -0.964326 -0.264717 1.06174e-17
  outer loop
    vertex 22.3313600057347 27.93575997910931 13.62499999999996
    vertex 22.07218116804445 28.87991145926664 13.0432171934631
    vertex 22.29823173380837 28.05644154112664 12.21562990550796
  endloop
endfacet
facet normal -0.964326 -0.264717 -1.1956e-15
  outer loop
    vertex 22.30323448843129 28.03821722071459 20.93162711778555
    vertex 22.39187986920214 27.71529476219222 19.79457263075472
    vertex 22.61792454452924 26.89184630207204 20.49999999999999
  endloop
endfacet
facet normal -0.964326 -0.264717 -1.45996e-15
  outer loop
    vertex 9.697128058223718 73.9604620736136 5.070983288389423
    vertex 9.617061669564331 74.25213248944422 6.186358857399155
    vertex 9.382075455470758 75.10815369792796 5.499999999999995
  endloop
endfacet
facet normal -0.964326 -0.264717 4.68357e-16
  outer loop
    vertex 10.41610703921946 71.34132435712912 18.60906643066772
    vertex 10.1431553041446 72.33564853490181 18.64909493454342
    vertex 10.22370336047528 72.04222347255433 17.48780869660611
  endloop
endfacet
facet normal -0.964326 -0.264717 -6.94e-16
  outer loop
    vertex 9.766571615139762 73.70748911627658 11.96095007216222
    vertex 9.628333611848921 74.21107041397893 11.00937718921343
    vertex 9.92355930020619 73.13560540639173 10.97378763998809
  endloop
endfacet
facet normal -0.964326 -0.264717 -5.12385e-16
  outer loop
    vertex 10.19975011678256 72.12948171743498 19.72215967204023
    vertex 9.89659015812564 73.2338501382566 20.13665224553167
    vertex 9.919509382148711 73.15035867931542 19.15931126295284
  endloop
endfacet
facet normal -0.964326 -0.264717 5.63027e-16
  outer loop
    vertex 9.382075455470758 75.10815369792796 6.74999999999999
    vertex 9.617061669564331 74.25213248944422 6.186358857399155
    vertex 9.695485142415574 73.96644698120041 7.442140478276592
  endloop
endfacet
facet normal -0.964326 -0.264717 1.29935e-15
  outer loop
    vertex 21.94404069980895 29.34670887926737 12.02594405066358
    vertex 22.07218116804445 28.87991145926664 13.0432171934631
    vertex 21.77541800273686 29.96097727574431 13.11435395955249
  endloop
endfacet
facet normal -0.964326 -0.264717 -1.65563e-16
  outer loop
    vertex 22.61792454452924 26.89184630207204 19.24999999999999
    vertex 22.39187986920214 27.71529476219222 19.79457263075472
    vertex 22.31443067133899 27.99743112583654 18.60688841395582
  endloop
endfacet
facet normal -0.964326 -0.264717 0
  outer loop
    vertex 9.382075455470758 75.10815369792796 7.999999999999986
    vertex 9.613988749050673 74.26332669988683 8.657237840940301
    vertex 9.382075455470758 75.10815369792796 9.24999999999998
  endloop
endfacet
facet normal -0.964326 -0.264717 2.16069e-16
  outer loop
    vertex 21.76620495287156 29.99453910025359 15.31276181712016
    vertex 22.06491921960681 28.90636570000377 15.41172599797709
    vertex 21.93868904394738 29.36620419704881 16.39444103933917
  endloop
endfacet
facet normal -0.964326 -0.264717 -2.80258e-16
  outer loop
    vertex 21.93948302251209 29.3633118465631 5.14163872182047
    vertex 22.08406593115874 28.83661696506459 6.225886244289555
    vertex 21.76934434708578 29.98310273561609 6.313629559525234
  endloop
endfacet
facet normal -0.964326 -0.264717 -0
  outer loop
    vertex 22.61792454452924 26.89184630207204 20.49999999999999
    vertex 22.39187986920214 27.71529476219222 19.79457263075472
    vertex 22.61792454452924 26.89184630207204 19.24999999999999
  endloop
endfacet
facet normal -0.964326 -0.264717 -1.01145e-15
  outer loop
    vertex 9.654563946493045 74.11551705206105 19.80562879417987
    vertex 9.89659015812564 73.2338501382566 20.13665224553167
    vertex 9.699037905121362 73.95350477420075 21.01449830900441
  endloop
endfacet
facet normal -0.964326 -0.264717 0
  outer loop
    vertex 9.382075455470758 75.10815369792796 10.49999999999998
    vertex 9.628333611848921 74.21107041397893 11.00937718921343
    vertex 9.382075455470758 75.10815369792796 11.74999999999997
  endloop
endfacet
facet normal -0.964326 -0.264717 0
  outer loop
    vertex 9.382075455470758 75.10815369792796 5.499999999999995
    vertex 9.617061669564331 74.25213248944422 6.186358857399155
    vertex 9.382075455470758 75.10815369792796 6.74999999999999
  endloop
endfacet
facet normal -0.964326 -0.264717 -0
  outer loop
    vertex 22.61792454452924 26.89184630207204 17.99999999999998
    vertex 22.38710092191739 27.73270378444379 17.37499999999997
    vertex 22.61792454452924 26.89184630207204 16.74999999999998
  endloop
endfacet
facet normal -0.964326 -0.264717 -4.97015e-16
  outer loop
    vertex 9.912910834619073 73.17439624531625 13.14979032780299
    vertex 9.855520851787448 73.38345975420287 14.21864349142011
    vertex 9.64039579389609 74.16712960794996 13.71741468703955
  endloop
endfacet
facet normal -0.964326 -0.264717 4.9849e-16
  outer loop
    vertex 21.76934434708578 29.98310273561609 6.313629559525234
    vertex 22.08406593115874 28.83661696506459 6.225886244289555
    vertex 21.98907783396994 29.18264503339521 7.282686761456731
  endloop
endfacet
facet normal -0.964326 -0.264717 -1.36653e-15
  outer loop
    vertex 10.12842793442952 72.38929823886387 14.19499300951784
    vertex 9.855520851787448 73.38345975420287 14.21864349142011
    vertex 9.912910834619073 73.17439624531625 13.14979032780299
  endloop
endfacet
facet normal -0.964326 -0.264717 -0
  outer loop
    vertex 22.61792454452924 26.89184630207204 11.74999999999997
    vertex 22.38977256634099 27.72297136547209 11.12499999999998
    vertex 22.61792454452924 26.89184630207204 10.49999999999998
  endloop
endfacet
facet normal -0.964326 -0.264717 -4.39708e-16
  outer loop
    vertex 9.893337352603348 73.24569964408781 6.302919852232851
    vertex 9.617061669564331 74.25213248944422 6.186358857399155
    vertex 9.697128058223718 73.9604620736136 5.070983288389423
  endloop
endfacet
facet normal -0.964326 -0.264717 -9.21266e-16
  outer loop
    vertex 22.10588509718191 28.75713286026588 19.68434762203226
    vertex 22.39187986920214 27.71529476219222 19.79457263075472
    vertex 22.30323448843129 28.03821722071459 20.93162711778555
  endloop
endfacet
facet normal -0.964326 -0.264717 -2.8669e-15
  outer loop
    vertex 9.943464237322706 73.06309456403871 15.17123475181798
    vertex 9.855520851787448 73.38345975420287 14.21864349142011
    vertex 10.12842793442952 72.38929823886387 14.19499300951784
  endloop
endfacet
facet normal -0.964326 -0.264717 -1.65292e-16
  outer loop
    vertex 9.721456201344051 73.87183812367525 23
    vertex 9.632430812918729 74.19614489579607 22.06246501682351
    vertex 9.893233394605954 73.24607834822116 21.93799090039376
  endloop
endfacet
facet normal -0.964326 -0.264717 1.28366e-15
  outer loop
    vertex 22.27854379865595 28.12816187632476 3
    vertex 22.3679734764759 27.80238233569493 3.941761453991452
    vertex 22.1066810564691 28.75423329429115 4.05429938563193
  endloop
endfacet
facet normal -0.964326 -0.264717 -2.35452e-15
  outer loop
    vertex 22.0950041395339 28.79677063455506 21.92055103465254
    vertex 22.36809385250127 27.8019438230311 22.06449782324136
    vertex 22.27854379865595 28.12816187632476 23
  endloop
endfacet
facet normal -0.964326 -0.264717 -3.55805e-16
  outer loop
    vertex 9.905125892361534 73.20275567782583 4.079025130888835
    vertex 9.631906147498741 74.19805617696888 3.935502176758647
    vertex 9.721456201344051 73.87183812367525 3
  endloop
endfacet
facet normal -0.964326 -0.264717 -1.2818e-15
  outer loop
    vertex 9.662001833332239 74.08842189286113 17.42017982277604
    vertex 9.913978701658937 73.17050615824245 17.02107893665635
    vertex 9.956601398862396 73.01523776128698 17.99999999999997
  endloop
endfacet
facet normal -0.964326 -0.264717 8.263e-16
  outer loop
    vertex 22.3105569105668 28.01154268293521 5.009341479028208
    vertex 22.3679734764759 27.80238233569493 3.941761453991452
    vertex 22.61792454452924 26.89184630207204 4.249999999999997
  endloop
endfacet
facet normal -0.964326 -0.264717 2.50381e-15
  outer loop
    vertex 9.699037905121362 73.95350477420075 21.01449830900441
    vertex 9.632430812918729 74.19614489579607 22.06246501682351
    vertex 9.382075455470758 75.10815369792796 21.75
  endloop
endfacet
facet normal -0.964326 -0.264717 -1.59562e-15
  outer loop
    vertex 9.64039579389609 74.16712960794996 13.71741468703955
    vertex 9.855520851787448 73.38345975420287 14.21864349142011
    vertex 9.652405458669845 74.12338011484556 14.85978468092217
  endloop
endfacet
facet normal -0.964326 -0.264717 2.03499e-15
  outer loop
    vertex 10.19975011678256 72.12948171743498 19.72215967204023
    vertex 10.1431553041446 72.33564853490181 18.64909493454342
    vertex 10.41610703921946 71.34132435712912 18.60906643066772
  endloop
endfacet
facet normal -0.964326 -0.264717 1.41384e-15
  outer loop
    vertex 9.956601398862396 73.01523776128698 17.99999999999997
    vertex 10.1431553041446 72.33564853490181 18.64909493454342
    vertex 9.919509382148711 73.15035867931542 19.15931126295284
  endloop
endfacet
facet normal -0.964326 -0.264717 -1.04124e-15
  outer loop
    vertex 22.31306170741104 28.00241806585976 9.959335987017775
    vertex 22.12400894096704 28.69111028647721 9.20818132710912
    vertex 22.34883046527581 27.87211759078097 8.683112533477924
  endloop
endfacet
facet normal -0.964326 -0.264717 -3.91083e-15
  outer loop
    vertex 9.652405458669845 74.12338011484556 14.85978468092217
    vertex 9.855520851787448 73.38345975420287 14.21864349142011
    vertex 9.943464237322706 73.06309456403871 15.17123475181798
  endloop
endfacet
facet normal -0.964326 -0.264717 1.43332e-15
  outer loop
    vertex 9.382075455470758 75.10815369792796 12.99999999999997
    vertex 9.61204414409201 74.27041061795053 12.74569316317207
    vertex 9.64039579389609 74.16712960794996 13.71741468703955
  endloop
endfacet
facet normal -0.964326 -0.264717 2.45949e-15
  outer loop
    vertex 9.919509382148711 73.15035867931542 19.15931126295284
    vertex 10.1431553041446 72.33564853490181 18.64909493454342
    vertex 10.19975011678256 72.12948171743498 19.72215967204023
  endloop
endfacet
facet normal -0.964326 -0.264717 1.74659e-15
  outer loop
    vertex 9.893233394605954 73.24607834822116 21.93799090039376
    vertex 9.632430812918729 74.19614489579607 22.06246501682351
    vertex 9.699037905121362 73.95350477420075 21.01449830900441
  endloop
endfacet
facet normal -0.964326 -0.264717 -8.08918e-17
  outer loop
    vertex 22.1066810564691 28.75423329429115 4.05429938563193
    vertex 22.3679734764759 27.80238233569493 3.941761453991452
    vertex 22.3105569105668 28.01154268293521 5.009341479028208
  endloop
endfacet
facet normal -0.964326 -0.264717 -4.89065e-16
  outer loop
    vertex 9.919509382148711 73.15035867931542 19.15931126295284
    vertex 9.89659015812564 73.2338501382566 20.13665224553167
    vertex 9.654563946493045 74.11551705206105 19.80562879417987
  endloop
endfacet
facet normal -0.964326 -0.264717 -8.5806e-16
  outer loop
    vertex 22.34883046527581 27.87211759078097 8.683112533477924
    vertex 22.12400894096704 28.69111028647721 9.20818132710912
    vertex 22.05171502061933 28.95446671060102 8.348675200867643
  endloop
endfacet
facet normal 0 0 -1
  outer loop
    vertex 10.34640160338788 75.37287067970914 3
    vertex 11.310727751305 75.6375876614903 3
    vertex 10.51502908058198 74.42205138821657 3
  endloop
endfacet
facet normal -0 0 -1
  outer loop
    vertex 24.54657684036348 27.42128026563438 3
    vertex 23.58225069244636 27.15656328385321 3
    vertex 23.2418070508305 28.06021735373976 3
  endloop
endfacet
facet normal 0 -0 -1
  outer loop
    vertex 11.310727751305 75.6375876614903 3
    vertex 11.65010849717829 74.40127208723759 3
    vertex 10.51502908058198 74.42205138821657 3
  endloop
endfacet
facet normal 0 -0 -1
  outer loop
    vertex 24.20719609449018 28.6575958398871 3
    vertex 24.54657684036348 27.42128026563438 3
    vertex 23.2418070508305 28.06021735373976 3
  endloop
endfacet
facet normal 0 0 -1
  outer loop
    vertex 9.382075455470758 75.10815369792796 3
    vertex 10.34640160338788 75.37287067970914 3
    vertex 10.51502908058198 74.42205138821657 3
  endloop
endfacet
facet normal -0 0 -1
  outer loop
    vertex 23.58225069244636 27.15656328385321 3
    vertex 22.61792454452924 26.89184630207204 3
    vertex 23.2418070508305 28.06021735373976 3
  endloop
endfacet
facet normal 0 0 -1
  outer loop
    vertex 9.721456201344051 73.87183812367525 3
    vertex 9.382075455470758 75.10815369792796 3
    vertex 10.51502908058198 74.42205138821657 3
  endloop
endfacet
facet normal 0 0 -1
  outer loop
    vertex 22.61792454452924 26.89184630207204 3
    vertex 22.27854379865595 28.12816187632476 3
    vertex 23.2418070508305 28.06021735373976 3
  endloop
endfacet
facet normal 0 0 -1
  outer loop
    vertex 14.92804167267735 58.68261042729748 3
    vertex 13.79402515182357 59.03605123264271 3
    vertex 14.58866092680404 59.91892600155025 3
  endloop
endfacet
facet normal -0 0 -1
  outer loop
    vertex 15.72267744765781 59.56548519620505 3
    vertex 14.92804167267735 58.68261042729748 3
    vertex 14.58866092680404 59.91892600155025 3
  endloop
endfacet
facet normal 0 0 -1
  outer loop
    vertex 11.19485346807111 72.28208174407736 3
    vertex 12.32886998892487 71.92864093873219 3
    vertex 11.53423421394439 71.04576616982466 3
  endloop
endfacet
facet normal 0 0 -1
  outer loop
    vertex 11.7577406765838 66.45394467815902 3
    vertex 12.55237645156427 67.33681944706655 3
    vertex 12.89175719743756 66.10050387281383 3
  endloop
endfacet
facet normal 0 0 -1
  outer loop
    vertex 13.23113794331086 64.86418829856112 3
    vertex 14.36515446416463 64.51074749321593 3
    vertex 13.57051868918416 63.62787272430839 3
  endloop
endfacet
facet normal 0 0 -1
  outer loop
    vertex 10.40021769309063 71.39920697516985 3
    vertex 11.19485346807111 72.28208174407736 3
    vertex 11.53423421394439 71.04576616982466 3
  endloop
endfacet
facet normal 0 0 -1
  outer loop
    vertex 12.55237645156427 67.33681944706655 3
    vertex 13.68639297241804 66.98337864172136 3
    vertex 12.89175719743756 66.10050387281383 3
  endloop
endfacet
facet normal 0 0 -1
  outer loop
    vertex 14.47278664357016 56.56342008413726 3
    vertex 15.26742241855063 57.44629485304479 3
    vertex 15.60680316442393 56.20997927879208 3
  endloop
endfacet
facet normal 0 0 -1
  outer loop
    vertex 15.26742241855063 57.44629485304479 3
    vertex 16.4014389394044 57.0928540476996 3
    vertex 15.60680316442393 56.20997927879208 3
  endloop
endfacet
facet normal 0 0 -1
  outer loop
    vertex 15.83030962706334 51.61815778712639 3
    vertex 16.62494540204381 52.50103255603392 3
    vertex 16.96432614791711 51.2647169817812 3
  endloop
endfacet
facet normal -0 0 -1
  outer loop
    vertex 18.43772341464417 49.67496060218329 3
    vertex 17.6430876396637 48.79208583327576 3
    vertex 17.30370689379041 50.02840140752848 3
  endloop
endfacet
facet normal 0 0 -1
  outer loop
    vertex 17.6430876396637 48.79208583327576 3
    vertex 16.50907111880993 49.14552663862095 3
    vertex 17.30370689379041 50.02840140752848 3
  endloop
endfacet
facet normal 0 0 -1
  outer loop
    vertex 12.43650216833039 63.98131352965359 3
    vertex 13.23113794331086 64.86418829856112 3
    vertex 13.57051868918416 63.62787272430839 3
  endloop
endfacet
facet normal 0 0 -1
  outer loop
    vertex 16.62494540204381 52.50103255603392 3
    vertex 17.75896192289758 52.14759175068873 3
    vertex 16.96432614791711 51.2647169817812 3
  endloop
endfacet
facet normal -0 0 -1
  outer loop
    vertex 15.04391595591122 62.03811634471049 3
    vertex 14.24928018093075 61.15524157580295 3
    vertex 13.90989943505745 62.39155715005568 3
  endloop
endfacet
facet normal 0 0 -1
  outer loop
    vertex 11.7577406765838 66.45394467815902 3
    vertex 11.4183599307105 67.69026025241173 3
    vertex 12.55237645156427 67.33681944706655 3
  endloop
endfacet
facet normal -0 0 -1
  outer loop
    vertex 12.66825073479816 70.69232536447949 3
    vertex 11.87361495981768 69.80945059557196 3
    vertex 11.53423421394439 71.04576616982466 3
  endloop
endfacet
facet normal 0 0 -1
  outer loop
    vertex 17.18783261055652 46.67289549011552 3
    vertex 17.982468385537 47.55577025902305 3
    vertex 18.32184913141029 46.31945468477033 3
  endloop
endfacet
facet normal 0 0 -1
  outer loop
    vertex 14.24928018093075 61.15524157580295 3
    vertex 13.11526366007698 61.50868238114815 3
    vertex 13.90989943505745 62.39155715005568 3
  endloop
endfacet
facet normal 0 0 -1
  outer loop
    vertex 17.86659410230311 44.20026434161008 3
    vertex 18.66122987728358 45.08313911051761 3
    vertex 19.00061062315688 43.84682353626489 3
  endloop
endfacet
facet normal 0 0 -1
  outer loop
    vertex 18.66122987728358 45.08313911051761 3
    vertex 19.79524639813735 44.72969830517242 3
    vertex 19.00061062315688 43.84682353626489 3
  endloop
endfacet
facet normal 0 0 -1
  outer loop
    vertex 19.33999136903018 42.61050796201217 3
    vertex 18.20597484817641 42.96394876735737 3
    vertex 19.00061062315688 43.84682353626489 3
  endloop
endfacet
facet normal 0 0 -1
  outer loop
    vertex 12.43650216833039 63.98131352965359 3
    vertex 12.09712142245709 65.2176291039063 3
    vertex 13.23113794331086 64.86418829856112 3
  endloop
endfacet
facet normal 0 -0 -1
  outer loop
    vertex 14.02577371829133 65.74706306746864 3
    vertex 14.36515446416463 64.51074749321593 3
    vertex 13.23113794331086 64.86418829856112 3
  endloop
endfacet
facet normal 0 -0 -1
  outer loop
    vertex 22.84967311099701 33.60285813689796 3
    vertex 23.1890538568703 32.36654256264524 3
    vertex 22.05503733601654 32.71998336799043 3
  endloop
endfacet
facet normal 0 -0 -1
  outer loop
    vertex 15.04391595591122 62.03811634471049 3
    vertex 15.38329670178451 60.80180077045776 3
    vertex 14.24928018093075 61.15524157580295 3
  endloop
endfacet
facet normal -0 0 -1
  outer loop
    vertex 17.08020043115099 54.62022289919417 3
    vertex 16.28556465617052 53.73734813028663 3
    vertex 15.94618391029722 54.97366370453936 3
  endloop
endfacet
facet normal 0 0 -1
  outer loop
    vertex 14.47278664357016 56.56342008413726 3
    vertex 14.13340589769687 57.79973565838999 3
    vertex 15.26742241855063 57.44629485304479 3
  endloop
endfacet
facet normal 0 -0 -1
  outer loop
    vertex 16.0620581935311 58.32916962195233 3
    vertex 16.4014389394044 57.0928540476996 3
    vertex 15.26742241855063 57.44629485304479 3
  endloop
endfacet
facet normal 0 0 -1
  outer loop
    vertex 12.77588291420369 62.74499795540086 3
    vertex 12.43650216833039 63.98131352965359 3
    vertex 13.57051868918416 63.62787272430839 3
  endloop
endfacet
facet normal -0 0 -1
  outer loop
    vertex 22.17091161925042 36.07548928540339 3
    vertex 21.37627584426995 35.19261451649587 3
    vertex 21.03689509839665 36.42893009074858 3
  endloop
endfacet
facet normal 0 0 -1
  outer loop
    vertex 19.22411708579629 39.2550020445992 3
    vertex 20.01875286077677 40.13787681350673 3
    vertex 20.35813360665006 38.90156123925401 3
  endloop
endfacet
facet normal 0 -0 -1
  outer loop
    vertex 14.36515446416463 64.51074749321593 3
    vertex 14.70453521003792 63.2744319189632 3
    vertex 13.57051868918416 63.62787272430839 3
  endloop
endfacet
facet normal 0 0 -1
  outer loop
    vertex 13.45464440595028 60.27236680689542 3
    vertex 13.11526366007698 61.50868238114815 3
    vertex 14.24928018093075 61.15524157580295 3
  endloop
endfacet
facet normal 0 0 -1
  outer loop
    vertex 11.87361495981768 69.80945059557196 3
    vertex 10.73959843896392 70.16289140091715 3
    vertex 11.53423421394439 71.04576616982466 3
  endloop
endfacet
facet normal 0 0 -1
  outer loop
    vertex 17.982468385537 47.55577025902305 3
    vertex 19.11648490639076 47.20232945367786 3
    vertex 18.32184913141029 46.31945468477033 3
  endloop
endfacet
facet normal 0 0 -1
  outer loop
    vertex 11.07897918483722 68.92657582666443 3
    vertex 11.87361495981768 69.80945059557196 3
    vertex 12.21299570569098 68.57313502131926 3
  endloop
endfacet
facet normal 0 0 -1
  outer loop
    vertex 22.05503733601654 32.71998336799043 3
    vertex 23.1890538568703 32.36654256264524 3
    vertex 22.39441808188983 31.48366779373772 3
  endloop
endfacet
facet normal 0 -0 -1
  outer loop
    vertex 21.15276938163053 39.78443600816154 3
    vertex 21.49215012750383 38.54812043390882 3
    vertex 20.35813360665006 38.90156123925401 3
  endloop
endfacet
facet normal 0 0 -1
  outer loop
    vertex 20.01875286077677 40.13787681350673 3
    vertex 21.15276938163053 39.78443600816154 3
    vertex 20.35813360665006 38.90156123925401 3
  endloop
endfacet
facet normal 0 0 -1
  outer loop
    vertex 19.56349783166959 38.01868647034648 3
    vertex 19.22411708579629 39.2550020445992 3
    vertex 20.35813360665006 38.90156123925401 3
  endloop
endfacet
facet normal -0 0 -1
  outer loop
    vertex 20.13462714401065 43.49338273091971 3
    vertex 19.33999136903018 42.61050796201217 3
    vertex 19.00061062315688 43.84682353626489 3
  endloop
endfacet
facet normal 0 -0 -1
  outer loop
    vertex 19.11648490639076 47.20232945367786 3
    vertex 19.45586565226406 45.96601387942514 3
    vertex 18.32184913141029 46.31945468477033 3
  endloop
endfacet
facet normal 0 0 -1
  outer loop
    vertex 16.28556465617052 53.73734813028663 3
    vertex 15.15154813531675 54.09078893563183 3
    vertex 15.94618391029722 54.97366370453936 3
  endloop
endfacet
facet normal 0 -0 -1
  outer loop
    vertex 23.1890538568703 32.36654256264524 3
    vertex 23.52843460274359 31.13022698839253 3
    vertex 22.39441808188983 31.48366779373772 3
  endloop
endfacet
facet normal 0 -0 -1
  outer loop
    vertex 20.13462714401065 43.49338273091971 3
    vertex 20.47400788988394 42.25706715666698 3
    vertex 19.33999136903018 42.61050796201217 3
  endloop
endfacet
facet normal 0 -0 -1
  outer loop
    vertex 17.75896192289758 52.14759175068873 3
    vertex 18.09834266877088 50.91127617643601 3
    vertex 16.96432614791711 51.2647169817812 3
  endloop
endfacet
facet normal 0 0 -1
  outer loop
    vertex 16.50907111880993 49.14552663862095 3
    vertex 16.16969037293664 50.38184221287367 3
    vertex 17.30370689379041 50.02840140752848 3
  endloop
endfacet
facet normal 0 0 -1
  outer loop
    vertex 16.16969037293664 50.38184221287367 3
    vertex 15.83030962706334 51.61815778712639 3
    vertex 16.96432614791711 51.2647169817812 3
  endloop
endfacet
facet normal 0 0 -1
  outer loop
    vertex 15.49092888119005 52.85447336137911 3
    vertex 15.15154813531675 54.09078893563183 3
    vertex 16.28556465617052 53.73734813028663 3
  endloop
endfacet
facet normal 0 -0 -1
  outer loop
    vertex 16.74081968527769 55.85653847344689 3
    vertex 17.08020043115099 54.62022289919417 3
    vertex 15.94618391029722 54.97366370453936 3
  endloop
endfacet
facet normal 0 -0 -1
  outer loop
    vertex 17.08020043115099 54.62022289919417 3
    vertex 17.41958117702428 53.38390732494145 3
    vertex 16.28556465617052 53.73734813028663 3
  endloop
endfacet
facet normal 0 0 -1
  outer loop
    vertex 17.86659410230311 44.20026434161008 3
    vertex 17.52721335642982 45.4365799158628 3
    vertex 18.66122987728358 45.08313911051761 3
  endloop
endfacet
facet normal 0 0 -1
  outer loop
    vertex 12.77588291420369 62.74499795540086 3
    vertex 13.57051868918416 63.62787272430839 3
    vertex 13.90989943505745 62.39155715005568 3
  endloop
endfacet
facet normal 0 0 -1
  outer loop
    vertex 20.92102081516277 33.07342417333562 3
    vertex 21.71565659014324 33.95629894224315 3
    vertex 22.05503733601654 32.71998336799043 3
  endloop
endfacet
facet normal 0 0 -1
  outer loop
    vertex 19.22411708579629 39.2550020445992 3
    vertex 18.884736339923 40.49131761885192 3
    vertex 20.01875286077677 40.13787681350673 3
  endloop
endfacet
facet normal 0 0 -1
  outer loop
    vertex 22.27854379865595 28.12816187632476 3
    vertex 21.93916305278265 29.36447745057747 3
    vertex 23.04472069552321 29.05861935902565 3
  endloop
endfacet
facet normal 0 -0 -1
  outer loop
    vertex 23.52843460274359 31.13022698839253 3
    vertex 23.86781534861689 29.89391141413982 3
    vertex 22.73379882776312 30.247352219485 3
  endloop
endfacet
facet normal 0 -0 -1
  outer loop
    vertex 12.32886998892487 71.92864093873219 3
    vertex 12.66825073479816 70.69232536447949 3
    vertex 11.53423421394439 71.04576616982466 3
  endloop
endfacet
facet normal 0 0 -1
  outer loop
    vertex 21.93916305278265 29.36447745057747 3
    vertex 21.59978230690936 30.60079302483019 3
    vertex 22.73379882776312 30.247352219485 3
  endloop
endfacet
facet normal 0 0 -1
  outer loop
    vertex 21.37627584426995 35.19261451649587 3
    vertex 20.24225932341618 35.54605532184105 3
    vertex 21.03689509839665 36.42893009074858 3
  endloop
endfacet
facet normal 0 0 -1
  outer loop
    vertex 17.982468385537 47.55577025902305 3
    vertex 16.84845186468323 47.90921106436824 3
    vertex 17.6430876396637 48.79208583327576 3
  endloop
endfacet
facet normal 0 0 -1
  outer loop
    vertex 21.37627584426995 35.19261451649587 3
    vertex 22.51029236512371 34.83917371115068 3
    vertex 21.71565659014324 33.95629894224315 3
  endloop
endfacet
facet normal 0 0 -1
  outer loop
    vertex 21.03689509839665 36.42893009074858 3
    vertex 19.90287857754289 36.78237089609377 3
    vertex 20.69751435252336 37.66524566500129 3
  endloop
endfacet
facet normal 0 0 -1
  outer loop
    vertex 21.71565659014324 33.95629894224315 3
    vertex 22.84967311099701 33.60285813689796 3
    vertex 22.05503733601654 32.71998336799043 3
  endloop
endfacet
facet normal 0 0 -1
  outer loop
    vertex 13.57051868918416 63.62787272430839 3
    vertex 14.70453521003792 63.2744319189632 3
    vertex 13.90989943505745 62.39155715005568 3
  endloop
endfacet
facet normal 0 0 -1
  outer loop
    vertex 23.04472069552321 29.05861935902565 3
    vertex 21.93916305278265 29.36447745057747 3
    vertex 22.73379882776312 30.247352219485 3
  endloop
endfacet
facet normal 0 0 -1
  outer loop
    vertex 10.06083694721734 72.63552254942255 3
    vertex 9.721456201344051 73.87183812367525 3
    vertex 10.85529557290739 73.46295373426904 3
  endloop
endfacet
facet normal 0 -0 -1
  outer loop
    vertex 20.81338863575724 41.02075158241426 3
    vertex 21.15276938163053 39.78443600816154 3
    vertex 20.01875286077677 40.13787681350673 3
  endloop
endfacet
facet normal 0 -0 -1
  outer loop
    vertex 13.00763148067145 69.45600979022677 3
    vertex 13.34701222654474 68.21969421597407 3
    vertex 12.21299570569098 68.57313502131926 3
  endloop
endfacet
facet normal 0 0 -1
  outer loop
    vertex 11.4183599307105 67.69026025241173 3
    vertex 11.07897918483722 68.92657582666443 3
    vertex 12.21299570569098 68.57313502131926 3
  endloop
endfacet
facet normal -0 0 -1
  outer loop
    vertex 18.77710416051747 48.43864502793058 3
    vertex 17.982468385537 47.55577025902305 3
    vertex 17.6430876396637 48.79208583327576 3
  endloop
endfacet
facet normal 0 0 -1
  outer loop
    vertex 21.26040156103607 31.8371085990829 3
    vertex 22.05503733601654 32.71998336799043 3
    vertex 22.39441808188983 31.48366779373772 3
  endloop
endfacet
facet normal 0 0 -1
  outer loop
    vertex 20.58164006928947 34.30973974758834 3
    vertex 21.37627584426995 35.19261451649587 3
    vertex 21.71565659014324 33.95629894224315 3
  endloop
endfacet
facet normal -0 0 -1
  outer loop
    vertex 21.83153087337712 37.31180485965611 3
    vertex 21.03689509839665 36.42893009074858 3
    vertex 20.69751435252336 37.66524566500129 3
  endloop
endfacet
facet normal 0 -0 -1
  outer loop
    vertex 11.98948924305158 73.16495651298489 3
    vertex 12.32886998892487 71.92864093873219 3
    vertex 11.19485346807111 72.28208174407736 3
  endloop
endfacet
facet normal 0 -0 -1
  outer loop
    vertex 11.65010849717829 74.40127208723759 3
    vertex 11.98948924305158 73.16495651298489 3
    vertex 10.85529557290739 73.46295373426904 3
  endloop
endfacet
facet normal 0 0 -1
  outer loop
    vertex 20.69751435252336 37.66524566500129 3
    vertex 19.56349783166959 38.01868647034648 3
    vertex 20.35813360665006 38.90156123925401 3
  endloop
endfacet
facet normal 0 0 -1
  outer loop
    vertex 10.73959843896392 70.16289140091715 3
    vertex 10.40021769309063 71.39920697516985 3
    vertex 11.53423421394439 71.04576616982466 3
  endloop
endfacet
facet normal 0 0 -1
  outer loop
    vertex 18.884736339923 40.49131761885192 3
    vertex 18.54535559404971 41.72763319310464 3
    vertex 19.67937211490347 41.37419238775945 3
  endloop
endfacet
facet normal 0 0 -1
  outer loop
    vertex 10.40021769309063 71.39920697516985 3
    vertex 10.06083694721734 72.63552254942255 3
    vertex 11.19485346807111 72.28208174407736 3
  endloop
endfacet
facet normal 0 0 -1
  outer loop
    vertex 19.33999136903018 42.61050796201217 3
    vertex 20.47400788988394 42.25706715666698 3
    vertex 19.67937211490347 41.37419238775945 3
  endloop
endfacet
facet normal 0 -0 -1
  outer loop
    vertex 12.66825073479816 70.69232536447949 3
    vertex 13.00763148067145 69.45600979022677 3
    vertex 11.87361495981768 69.80945059557196 3
  endloop
endfacet
facet normal -0 0 -1
  outer loop
    vertex 21.49215012750383 38.54812043390882 3
    vertex 20.69751435252336 37.66524566500129 3
    vertex 20.35813360665006 38.90156123925401 3
  endloop
endfacet
facet normal -0 0 -1
  outer loop
    vertex 23.52843460274359 31.13022698839253 3
    vertex 22.73379882776312 30.247352219485 3
    vertex 22.39441808188983 31.48366779373772 3
  endloop
endfacet
facet normal 0 0 -1
  outer loop
    vertex 11.07897918483722 68.92657582666443 3
    vertex 10.73959843896392 70.16289140091715 3
    vertex 11.87361495981768 69.80945059557196 3
  endloop
endfacet
facet normal -0 0 -1
  outer loop
    vertex 23.86781534861689 29.89391141413982 3
    vertex 23.04472069552321 29.05861935902565 3
    vertex 22.73379882776312 30.247352219485 3
  endloop
endfacet
facet normal 0 0 -1
  outer loop
    vertex 20.58164006928947 34.30973974758834 3
    vertex 20.24225932341618 35.54605532184105 3
    vertex 21.37627584426995 35.19261451649587 3
  endloop
endfacet
facet normal 0 0 -1
  outer loop
    vertex 17.18783261055652 46.67289549011552 3
    vertex 16.84845186468323 47.90921106436824 3
    vertex 17.982468385537 47.55577025902305 3
  endloop
endfacet
facet normal 0 -0 -1
  outer loop
    vertex 21.83153087337712 37.31180485965611 3
    vertex 22.17091161925042 36.07548928540339 3
    vertex 21.03689509839665 36.42893009074858 3
  endloop
endfacet
facet normal 0 -0 -1
  outer loop
    vertex 22.17091161925042 36.07548928540339 3
    vertex 22.51029236512371 34.83917371115068 3
    vertex 21.37627584426995 35.19261451649587 3
  endloop
endfacet
facet normal 0 -0 -1
  outer loop
    vertex 18.77710416051747 48.43864502793058 3
    vertex 19.11648490639076 47.20232945367786 3
    vertex 17.982468385537 47.55577025902305 3
  endloop
endfacet
facet normal 0 -0 -1
  outer loop
    vertex 15.72267744765781 59.56548519620505 3
    vertex 16.0620581935311 58.32916962195233 3
    vertex 14.92804167267735 58.68261042729748 3
  endloop
endfacet
facet normal 0 0 -1
  outer loop
    vertex 21.59978230690936 30.60079302483019 3
    vertex 21.26040156103607 31.8371085990829 3
    vertex 22.39441808188983 31.48366779373772 3
  endloop
endfacet
facet normal 0 0 -1
  outer loop
    vertex 20.24225932341618 35.54605532184105 3
    vertex 19.90287857754289 36.78237089609377 3
    vertex 21.03689509839665 36.42893009074858 3
  endloop
endfacet
facet normal 0 0 -1
  outer loop
    vertex 19.90287857754289 36.78237089609377 3
    vertex 19.56349783166959 38.01868647034648 3
    vertex 20.69751435252336 37.66524566500129 3
  endloop
endfacet
facet normal 0 0 -1
  outer loop
    vertex 18.54535559404971 41.72763319310464 3
    vertex 19.33999136903018 42.61050796201217 3
    vertex 19.67937211490347 41.37419238775945 3
  endloop
endfacet
facet normal 0 -0 -1
  outer loop
    vertex 16.4014389394044 57.0928540476996 3
    vertex 16.74081968527769 55.85653847344689 3
    vertex 15.60680316442393 56.20997927879208 3
  endloop
endfacet
facet normal 0 0 -1
  outer loop
    vertex 22.73379882776312 30.247352219485 3
    vertex 21.59978230690936 30.60079302483019 3
    vertex 22.39441808188983 31.48366779373772 3
  endloop
endfacet
facet normal 0 -0 -1
  outer loop
    vertex 18.43772341464417 49.67496060218329 3
    vertex 18.77710416051747 48.43864502793058 3
    vertex 17.6430876396637 48.79208583327576 3
  endloop
endfacet
facet normal 0 -0 -1
  outer loop
    vertex 15.38329670178451 60.80180077045776 3
    vertex 15.72267744765781 59.56548519620505 3
    vertex 14.58866092680404 59.91892600155025 3
  endloop
endfacet
facet normal 0 -0 -1
  outer loop
    vertex 14.70453521003792 63.2744319189632 3
    vertex 15.04391595591122 62.03811634471049 3
    vertex 13.90989943505745 62.39155715005568 3
  endloop
endfacet
facet normal 0 0 -1
  outer loop
    vertex 16.84845186468323 47.90921106436824 3
    vertex 16.50907111880993 49.14552663862095 3
    vertex 17.6430876396637 48.79208583327576 3
  endloop
endfacet
facet normal 0 0 -1
  outer loop
    vertex 13.11526366007698 61.50868238114815 3
    vertex 12.77588291420369 62.74499795540086 3
    vertex 13.90989943505745 62.39155715005568 3
  endloop
endfacet
facet normal 0 -0 -1
  outer loop
    vertex 23.86781534861689 29.89391141413982 3
    vertex 24.20719609449018 28.6575958398871 3
    vertex 23.04472069552321 29.05861935902565 3
  endloop
endfacet
facet normal 0 -0 -1
  outer loop
    vertex 17.41958117702428 53.38390732494145 3
    vertex 17.75896192289758 52.14759175068873 3
    vertex 16.62494540204381 52.50103255603392 3
  endloop
endfacet
facet normal 0 0 -1
  outer loop
    vertex 15.83030962706334 51.61815778712639 3
    vertex 15.49092888119005 52.85447336137911 3
    vertex 16.62494540204381 52.50103255603392 3
  endloop
endfacet
facet normal 0 0 -1
  outer loop
    vertex 14.13340589769687 57.79973565838999 3
    vertex 13.79402515182357 59.03605123264271 3
    vertex 14.92804167267735 58.68261042729748 3
  endloop
endfacet
facet normal 0 -0 -1
  outer loop
    vertex 22.51029236512371 34.83917371115068 3
    vertex 22.84967311099701 33.60285813689796 3
    vertex 21.71565659014324 33.95629894224315 3
  endloop
endfacet
facet normal 0 0 -1
  outer loop
    vertex 20.92102081516277 33.07342417333562 3
    vertex 20.58164006928947 34.30973974758834 3
    vertex 21.71565659014324 33.95629894224315 3
  endloop
endfacet
facet normal 0 0 -1
  outer loop
    vertex 14.81216738944346 55.32710450988455 3
    vertex 14.47278664357016 56.56342008413726 3
    vertex 15.60680316442393 56.20997927879208 3
  endloop
endfacet
facet normal 0 0 -1
  outer loop
    vertex 13.79402515182357 59.03605123264271 3
    vertex 13.45464440595028 60.27236680689542 3
    vertex 14.58866092680404 59.91892600155025 3
  endloop
endfacet
facet normal 0 -0 -1
  outer loop
    vertex 21.49215012750383 38.54812043390882 3
    vertex 21.83153087337712 37.31180485965611 3
    vertex 20.69751435252336 37.66524566500129 3
  endloop
endfacet
facet normal 0 -0 -1
  outer loop
    vertex 19.79524639813735 44.72969830517242 3
    vertex 20.13462714401065 43.49338273091971 3
    vertex 19.00061062315688 43.84682353626489 3
  endloop
endfacet
facet normal 0 0 -1
  outer loop
    vertex 18.20597484817641 42.96394876735737 3
    vertex 17.86659410230311 44.20026434161008 3
    vertex 19.00061062315688 43.84682353626489 3
  endloop
endfacet
facet normal 0 0 -1
  outer loop
    vertex 20.01875286077677 40.13787681350673 3
    vertex 18.884736339923 40.49131761885192 3
    vertex 19.67937211490347 41.37419238775945 3
  endloop
endfacet
facet normal 0 0 -1
  outer loop
    vertex 11.4183599307105 67.69026025241173 3
    vertex 12.21299570569098 68.57313502131926 3
    vertex 12.55237645156427 67.33681944706655 3
  endloop
endfacet
facet normal 0 0 -1
  outer loop
    vertex 21.26040156103607 31.8371085990829 3
    vertex 20.92102081516277 33.07342417333562 3
    vertex 22.05503733601654 32.71998336799043 3
  endloop
endfacet
facet normal -0 0 -1
  outer loop
    vertex 20.81338863575724 41.02075158241426 3
    vertex 20.01875286077677 40.13787681350673 3
    vertex 19.67937211490347 41.37419238775945 3
  endloop
endfacet
facet normal 0 0 -1
  outer loop
    vertex 11.87361495981768 69.80945059557196 3
    vertex 13.00763148067145 69.45600979022677 3
    vertex 12.21299570569098 68.57313502131926 3
  endloop
endfacet
facet normal 0 0 -1
  outer loop
    vertex 12.21299570569098 68.57313502131926 3
    vertex 13.34701222654474 68.21969421597407 3
    vertex 12.55237645156427 67.33681944706655 3
  endloop
endfacet
facet normal 0 0 -1
  outer loop
    vertex 17.52721335642982 45.4365799158628 3
    vertex 17.18783261055652 46.67289549011552 3
    vertex 18.32184913141029 46.31945468477033 3
  endloop
endfacet
facet normal 0 0 -1
  outer loop
    vertex 15.15154813531675 54.09078893563183 3
    vertex 14.81216738944346 55.32710450988455 3
    vertex 15.94618391029722 54.97366370453936 3
  endloop
endfacet
facet normal 0 -0 -1
  outer loop
    vertex 19.45586565226406 45.96601387942514 3
    vertex 19.79524639813735 44.72969830517242 3
    vertex 18.66122987728358 45.08313911051761 3
  endloop
endfacet
facet normal 0 -0 -1
  outer loop
    vertex 18.09834266877088 50.91127617643601 3
    vertex 18.43772341464417 49.67496060218329 3
    vertex 17.30370689379041 50.02840140752848 3
  endloop
endfacet
facet normal 0 -0 -1
  outer loop
    vertex 13.34701222654474 68.21969421597407 3
    vertex 13.68639297241804 66.98337864172136 3
    vertex 12.55237645156427 67.33681944706655 3
  endloop
endfacet
facet normal 0 0 -1
  outer loop
    vertex 18.66122987728358 45.08313911051761 3
    vertex 17.52721335642982 45.4365799158628 3
    vertex 18.32184913141029 46.31945468477033 3
  endloop
endfacet
facet normal 0 0 -1
  outer loop
    vertex 18.54535559404971 41.72763319310464 3
    vertex 18.20597484817641 42.96394876735737 3
    vertex 19.33999136903018 42.61050796201217 3
  endloop
endfacet
facet normal 0 -0 -1
  outer loop
    vertex 20.47400788988394 42.25706715666698 3
    vertex 20.81338863575724 41.02075158241426 3
    vertex 19.67937211490347 41.37419238775945 3
  endloop
endfacet
facet normal 0 0 -1
  outer loop
    vertex 16.28556465617052 53.73734813028663 3
    vertex 17.41958117702428 53.38390732494145 3
    vertex 16.62494540204381 52.50103255603392 3
  endloop
endfacet
facet normal 0 -0 -1
  outer loop
    vertex 13.68639297241804 66.98337864172136 3
    vertex 14.02577371829133 65.74706306746864 3
    vertex 12.89175719743756 66.10050387281383 3
  endloop
endfacet
facet normal 0 0 -1
  outer loop
    vertex 12.09712142245709 65.2176291039063 3
    vertex 11.7577406765838 66.45394467815902 3
    vertex 12.89175719743756 66.10050387281383 3
  endloop
endfacet
facet normal -0 0 -1
  outer loop
    vertex 19.45586565226406 45.96601387942514 3
    vertex 18.66122987728358 45.08313911051761 3
    vertex 18.32184913141029 46.31945468477033 3
  endloop
endfacet
facet normal 0 0 -1
  outer loop
    vertex 15.49092888119005 52.85447336137911 3
    vertex 16.28556465617052 53.73734813028663 3
    vertex 16.62494540204381 52.50103255603392 3
  endloop
endfacet
facet normal 0 0 -1
  outer loop
    vertex 14.81216738944346 55.32710450988455 3
    vertex 15.60680316442393 56.20997927879208 3
    vertex 15.94618391029722 54.97366370453936 3
  endloop
endfacet
facet normal 0 0 -1
  outer loop
    vertex 15.60680316442393 56.20997927879208 3
    vertex 16.74081968527769 55.85653847344689 3
    vertex 15.94618391029722 54.97366370453936 3
  endloop
endfacet
facet normal 0 0 -1
  outer loop
    vertex 13.23113794331086 64.86418829856112 3
    vertex 12.09712142245709 65.2176291039063 3
    vertex 12.89175719743756 66.10050387281383 3
  endloop
endfacet
facet normal -0 0 -1
  outer loop
    vertex 18.09834266877088 50.91127617643601 3
    vertex 17.30370689379041 50.02840140752848 3
    vertex 16.96432614791711 51.2647169817812 3
  endloop
endfacet
facet normal 0 0 -1
  outer loop
    vertex 14.24928018093075 61.15524157580295 3
    vertex 15.38329670178451 60.80180077045776 3
    vertex 14.58866092680404 59.91892600155025 3
  endloop
endfacet
facet normal 0 0 -1
  outer loop
    vertex 15.26742241855063 57.44629485304479 3
    vertex 14.13340589769687 57.79973565838999 3
    vertex 14.92804167267735 58.68261042729748 3
  endloop
endfacet
facet normal 0 0 -1
  outer loop
    vertex 13.45464440595028 60.27236680689542 3
    vertex 14.24928018093075 61.15524157580295 3
    vertex 14.58866092680404 59.91892600155025 3
  endloop
endfacet
facet normal -0 0 -1
  outer loop
    vertex 14.02577371829133 65.74706306746864 3
    vertex 13.23113794331086 64.86418829856112 3
    vertex 12.89175719743756 66.10050387281383 3
  endloop
endfacet
facet normal -0 0 -1
  outer loop
    vertex 16.0620581935311 58.32916962195233 3
    vertex 15.26742241855063 57.44629485304479 3
    vertex 14.92804167267735 58.68261042729748 3
  endloop
endfacet
facet normal 0 0 -1
  outer loop
    vertex 17.30370689379041 50.02840140752848 3
    vertex 16.16969037293664 50.38184221287367 3
    vertex 16.96432614791711 51.2647169817812 3
  endloop
endfacet
facet normal -0 0 -1
  outer loop
    vertex 11.98948924305158 73.16495651298489 3
    vertex 11.19485346807111 72.28208174407736 3
    vertex 10.85529557290739 73.46295373426904 3
  endloop
endfacet
facet normal 0 0 -1
  outer loop
    vertex 11.19485346807111 72.28208174407736 3
    vertex 10.06083694721734 72.63552254942255 3
    vertex 10.85529557290739 73.46295373426904 3
  endloop
endfacet
facet normal -0 0 -1
  outer loop
    vertex 11.65010849717829 74.40127208723759 3
    vertex 10.85529557290739 73.46295373426904 3
    vertex 10.51502908058198 74.42205138821657 3
  endloop
endfacet
facet normal 0 0 -1
  outer loop
    vertex 23.04472069552321 29.05861935902565 3
    vertex 24.20719609449018 28.6575958398871 3
    vertex 23.2418070508305 28.06021735373976 3
  endloop
endfacet
facet normal 0 0 -1
  outer loop
    vertex 10.85529557290739 73.46295373426904 3
    vertex 9.721456201344051 73.87183812367525 3
    vertex 10.51502908058198 74.42205138821657 3
  endloop
endfacet
facet normal 0 0 -1
  outer loop
    vertex 22.27854379865595 28.12816187632476 3
    vertex 23.04472069552321 29.05861935902565 3
    vertex 23.2418070508305 28.06021735373976 3
  endloop
endfacet
facet normal -0 0 1
  outer loop
    vertex 10.34640160338788 75.37287067970914 23
    vertex 10.51502908058198 74.42205138821657 23
    vertex 11.310727751305 75.6375876614903 23
  endloop
endfacet
facet normal 0 0 1
  outer loop
    vertex 24.54657684036348 27.42128026563438 23
    vertex 23.2418070508305 28.06021735373976 23
    vertex 23.58225069244636 27.15656328385321 23
  endloop
endfacet
facet normal 0 0 1
  outer loop
    vertex 11.310727751305 75.6375876614903 23
    vertex 10.51502908058198 74.42205138821657 23
    vertex 11.65010849717829 74.40127208723759 23
  endloop
endfacet
facet normal 0 0 1
  outer loop
    vertex 24.20719609449018 28.6575958398871 23
    vertex 23.2418070508305 28.06021735373976 23
    vertex 24.54657684036348 27.42128026563438 23
  endloop
endfacet
facet normal -0 0 1
  outer loop
    vertex 9.382075455470758 75.10815369792796 23
    vertex 10.51502908058198 74.42205138821657 23
    vertex 10.34640160338788 75.37287067970914 23
  endloop
endfacet
facet normal 0 0 1
  outer loop
    vertex 23.58225069244636 27.15656328385321 23
    vertex 23.2418070508305 28.06021735373976 23
    vertex 22.61792454452924 26.89184630207204 23
  endloop
endfacet
facet normal 0 -0 1
  outer loop
    vertex 9.721456201344051 73.87183812367525 23
    vertex 10.51502908058198 74.42205138821657 23
    vertex 9.382075455470758 75.10815369792796 23
  endloop
endfacet
facet normal 0 -0 1
  outer loop
    vertex 22.61792454452924 26.89184630207204 23
    vertex 23.2418070508305 28.06021735373976 23
    vertex 22.27854379865595 28.12816187632476 23
  endloop
endfacet
facet normal -0 0 1
  outer loop
    vertex 13.79402515182357 59.03605123264271 23
    vertex 14.92804167267735 58.68261042729749 23
    vertex 14.58866092680403 59.91892600155028 23
  endloop
endfacet
facet normal 0 0 1
  outer loop
    vertex 14.58866092680403 59.91892600155028 23
    vertex 14.92804167267735 58.68261042729749 23
    vertex 15.72267744765781 59.56548519620505 23
  endloop
endfacet
facet normal 0 0 1
  outer loop
    vertex 11.19485346807111 72.28208174407736 23
    vertex 11.53423421394439 71.04576616982466 23
    vertex 12.32886998892487 71.92864093873219 23
  endloop
endfacet
facet normal -0 0 1
  outer loop
    vertex 11.7577406765838 66.45394467815902 23
    vertex 12.89175719743756 66.10050387281383 23
    vertex 12.55237645156427 67.33681944706655 23
  endloop
endfacet
facet normal 0 0 1
  outer loop
    vertex 13.23113794331086 64.86418829856112 23
    vertex 13.57051868918416 63.62787272430839 23
    vertex 14.36515446416463 64.51074749321593 23
  endloop
endfacet
facet normal -0 0 1
  outer loop
    vertex 10.40021769309063 71.39920697516985 23
    vertex 11.53423421394439 71.04576616982466 23
    vertex 11.19485346807111 72.28208174407736 23
  endloop
endfacet
facet normal 0 0 1
  outer loop
    vertex 12.55237645156427 67.33681944706655 23
    vertex 12.89175719743756 66.10050387281383 23
    vertex 13.68639297241804 66.98337864172136 23
  endloop
endfacet
facet normal -0 0 1
  outer loop
    vertex 14.47278664357016 56.56342008413726 23
    vertex 15.60680316442393 56.20997927879208 23
    vertex 15.26742241855063 57.4462948530448 23
  endloop
endfacet
facet normal 0 0 1
  outer loop
    vertex 15.26742241855063 57.4462948530448 23
    vertex 15.60680316442393 56.20997927879208 23
    vertex 16.4014389394044 57.0928540476996 23
  endloop
endfacet
facet normal -0 0 1
  outer loop
    vertex 16.50907111880993 49.14552663862095 23
    vertex 17.6430876396637 48.79208583327576 23
    vertex 17.30370689379041 50.02840140752848 23
  endloop
endfacet
facet normal -0 0 1
  outer loop
    vertex 12.43650216833039 63.98131352965359 23
    vertex 13.57051868918416 63.62787272430839 23
    vertex 13.23113794331086 64.86418829856112 23
  endloop
endfacet
facet normal 0 0 1
  outer loop
    vertex 17.30370689379041 50.02840140752848 23
    vertex 17.6430876396637 48.79208583327576 23
    vertex 18.43772341464417 49.67496060218329 23
  endloop
endfacet
facet normal 0 0 1
  outer loop
    vertex 16.96432614791711 51.26471698178119 23
    vertex 16.62494540204381 52.50103255603392 23
    vertex 15.83030962706334 51.61815778712639 23
  endloop
endfacet
facet normal 0 0 1
  outer loop
    vertex 17.75896192289758 52.14759175068873 23
    vertex 16.62494540204381 52.50103255603392 23
    vertex 16.96432614791711 51.26471698178119 23
  endloop
endfacet
facet normal 0 0 1
  outer loop
    vertex 15.04391595591122 62.03811634471049 23
    vertex 13.90989943505745 62.39155715005568 23
    vertex 14.24928018093075 61.15524157580295 23
  endloop
endfacet
facet normal 0 -0 1
  outer loop
    vertex 11.7577406765838 66.45394467815902 23
    vertex 12.55237645156427 67.33681944706655 23
    vertex 11.4183599307105 67.69026025241173 23
  endloop
endfacet
facet normal 0 0 1
  outer loop
    vertex 15.94618391029722 54.97366370453936 23
    vertex 16.28556465617052 53.73734813028663 23
    vertex 17.08020043115099 54.62022289919417 23
  endloop
endfacet
facet normal 0 0 1
  outer loop
    vertex 12.66825073479816 70.69232536447949 23
    vertex 11.53423421394439 71.04576616982466 23
    vertex 11.87361495981768 69.80945059557196 23
  endloop
endfacet
facet normal -0 0 1
  outer loop
    vertex 17.18783261055652 46.67289549011552 23
    vertex 18.32184913141029 46.31945468477034 23
    vertex 17.982468385537 47.55577025902305 23
  endloop
endfacet
facet normal 0 0 1
  outer loop
    vertex 14.24928018093075 61.15524157580295 23
    vertex 13.90989943505745 62.39155715005568 23
    vertex 13.11526366007698 61.50868238114815 23
  endloop
endfacet
facet normal 0 0 1
  outer loop
    vertex 22.05503733601654 32.71998336799043 23
    vertex 21.71565659014324 33.95629894224315 23
    vertex 20.92102081516277 33.07342417333562 23
  endloop
endfacet
facet normal -0 0 1
  outer loop
    vertex 15.15154813531675 54.09078893563183 23
    vertex 16.28556465617052 53.73734813028663 23
    vertex 15.94618391029722 54.97366370453936 23
  endloop
endfacet
facet normal 0 0 1
  outer loop
    vertex 19.33999136903018 42.61050796201217 23
    vertex 19.00061062315688 43.84682353626489 23
    vertex 18.20597484817641 42.96394876735737 23
  endloop
endfacet
facet normal 0 0 1
  outer loop
    vertex 19.00061062315688 43.84682353626489 23
    vertex 18.66122987728358 45.08313911051761 23
    vertex 17.86659410230311 44.20026434161008 23
  endloop
endfacet
facet normal 0 -0 1
  outer loop
    vertex 12.43650216833039 63.98131352965359 23
    vertex 13.23113794331086 64.86418829856112 23
    vertex 12.09712142245709 65.2176291039063 23
  endloop
endfacet
facet normal 0 0 1
  outer loop
    vertex 14.02577371829133 65.74706306746864 23
    vertex 13.23113794331086 64.86418829856112 23
    vertex 14.36515446416463 64.51074749321593 23
  endloop
endfacet
facet normal 0 0 1
  outer loop
    vertex 22.84967311099701 33.60285813689796 23
    vertex 22.05503733601654 32.71998336799043 23
    vertex 23.1890538568703 32.36654256264524 23
  endloop
endfacet
facet normal 0 0 1
  outer loop
    vertex 15.04391595591122 62.03811634471049 23
    vertex 14.24928018093075 61.15524157580295 23
    vertex 15.38329670178451 60.80180077045776 23
  endloop
endfacet
facet normal 0 0 1
  outer loop
    vertex 19.79524639813735 44.72969830517242 23
    vertex 18.66122987728358 45.08313911051761 23
    vertex 19.00061062315688 43.84682353626489 23
  endloop
endfacet
facet normal 0 -0 1
  outer loop
    vertex 14.47278664357016 56.56342008413726 23
    vertex 15.26742241855063 57.4462948530448 23
    vertex 14.13340589769687 57.79973565838999 23
  endloop
endfacet
facet normal 0 0 1
  outer loop
    vertex 21.15276938163053 39.78443600816154 23
    vertex 20.01875286077677 40.13787681350673 23
    vertex 20.35813360665006 38.90156123925401 23
  endloop
endfacet
facet normal 0 0 1
  outer loop
    vertex 16.0620581935311 58.32916962195233 23
    vertex 15.26742241855063 57.4462948530448 23
    vertex 16.4014389394044 57.0928540476996 23
  endloop
endfacet
facet normal 0 -0 1
  outer loop
    vertex 12.77588291420369 62.74499795540086 23
    vertex 13.57051868918416 63.62787272430839 23
    vertex 12.43650216833039 63.98131352965359 23
  endloop
endfacet
facet normal 0 0 1
  outer loop
    vertex 14.36515446416463 64.51074749321593 23
    vertex 13.57051868918416 63.62787272430839 23
    vertex 14.70453521003792 63.2744319189632 23
  endloop
endfacet
facet normal 0 -0 1
  outer loop
    vertex 13.45464440595028 60.27236680689542 23
    vertex 14.24928018093075 61.15524157580295 23
    vertex 13.11526366007698 61.50868238114815 23
  endloop
endfacet
facet normal 0 0 1
  outer loop
    vertex 11.87361495981768 69.80945059557196 23
    vertex 11.53423421394439 71.04576616982466 23
    vertex 10.73959843896392 70.16289140091715 23
  endloop
endfacet
facet normal 0 0 1
  outer loop
    vertex 22.84967311099701 33.60285813689796 23
    vertex 21.71565659014324 33.95629894224315 23
    vertex 22.05503733601654 32.71998336799043 23
  endloop
endfacet
facet normal 0 0 1
  outer loop
    vertex 17.982468385537 47.55577025902305 23
    vertex 18.32184913141029 46.31945468477034 23
    vertex 19.11648490639076 47.20232945367786 23
  endloop
endfacet
facet normal -0 0 1
  outer loop
    vertex 11.07897918483722 68.92657582666443 23
    vertex 12.21299570569098 68.57313502131926 23
    vertex 11.87361495981768 69.80945059557196 23
  endloop
endfacet
facet normal 0 0 1
  outer loop
    vertex 22.05503733601654 32.71998336799043 23
    vertex 22.39441808188983 31.48366779373772 23
    vertex 23.1890538568703 32.36654256264524 23
  endloop
endfacet
facet normal 0 0 1
  outer loop
    vertex 21.15276938163053 39.78443600816154 23
    vertex 20.35813360665006 38.90156123925401 23
    vertex 21.49215012750383 38.54812043390882 23
  endloop
endfacet
facet normal 0 0 1
  outer loop
    vertex 20.35813360665006 38.90156123925401 23
    vertex 20.01875286077677 40.13787681350673 23
    vertex 19.22411708579629 39.2550020445992 23
  endloop
endfacet
facet normal 0 -0 1
  outer loop
    vertex 19.56349783166959 38.01868647034648 23
    vertex 20.35813360665006 38.90156123925401 23
    vertex 19.22411708579629 39.2550020445992 23
  endloop
endfacet
facet normal 0 0 1
  outer loop
    vertex 20.13462714401065 43.49338273091971 23
    vertex 19.00061062315688 43.84682353626489 23
    vertex 19.33999136903018 42.61050796201217 23
  endloop
endfacet
facet normal 0 0 1
  outer loop
    vertex 19.11648490639076 47.20232945367786 23
    vertex 18.32184913141029 46.31945468477034 23
    vertex 19.45586565226406 45.96601387942514 23
  endloop
endfacet
facet normal 0 0 1
  outer loop
    vertex 23.1890538568703 32.36654256264524 23
    vertex 22.39441808188983 31.48366779373772 23
    vertex 23.52843460274359 31.13022698839253 23
  endloop
endfacet
facet normal 0 0 1
  outer loop
    vertex 20.13462714401065 43.49338273091971 23
    vertex 19.33999136903018 42.61050796201217 23
    vertex 20.47400788988394 42.25706715666698 23
  endloop
endfacet
facet normal 0 0 1
  outer loop
    vertex 17.75896192289758 52.14759175068873 23
    vertex 16.96432614791711 51.26471698178119 23
    vertex 18.09834266877088 50.91127617643601 23
  endloop
endfacet
facet normal 0 -0 1
  outer loop
    vertex 17.86659410230311 44.20026434161008 23
    vertex 18.66122987728358 45.08313911051761 23
    vertex 17.52721335642982 45.4365799158628 23
  endloop
endfacet
facet normal 0 -0 1
  outer loop
    vertex 16.16969037293664 50.38184221287367 23
    vertex 16.96432614791711 51.26471698178119 23
    vertex 15.83030962706334 51.61815778712639 23
  endloop
endfacet
facet normal 0 -0 1
  outer loop
    vertex 15.49092888119005 52.85447336137911 23
    vertex 16.28556465617052 53.73734813028663 23
    vertex 15.15154813531675 54.09078893563183 23
  endloop
endfacet
facet normal 0 0 1
  outer loop
    vertex 16.74081968527769 55.85653847344689 23
    vertex 15.94618391029722 54.97366370453936 23
    vertex 17.08020043115099 54.62022289919417 23
  endloop
endfacet
facet normal 0 0 1
  outer loop
    vertex 17.08020043115099 54.62022289919417 23
    vertex 16.28556465617052 53.73734813028663 23
    vertex 17.41958117702428 53.38390732494145 23
  endloop
endfacet
facet normal -0 0 1
  outer loop
    vertex 12.77588291420369 62.74499795540086 23
    vertex 13.90989943505745 62.39155715005568 23
    vertex 13.57051868918416 63.62787272430839 23
  endloop
endfacet
facet normal 0 -0 1
  outer loop
    vertex 19.22411708579629 39.2550020445992 23
    vertex 20.01875286077677 40.13787681350673 23
    vertex 18.884736339923 40.49131761885192 23
  endloop
endfacet
facet normal 0 -0 1
  outer loop
    vertex 22.27854379865595 28.12816187632476 23
    vertex 23.04472069552321 29.05861935902565 23
    vertex 21.93916305278265 29.36447745057747 23
  endloop
endfacet
facet normal 0 0 1
  outer loop
    vertex 23.52843460274359 31.13022698839253 23
    vertex 22.73379882776312 30.247352219485 23
    vertex 23.86781534861689 29.89391141413982 23
  endloop
endfacet
facet normal 0 0 1
  outer loop
    vertex 12.32886998892487 71.92864093873219 23
    vertex 11.53423421394439 71.04576616982466 23
    vertex 12.66825073479816 70.69232536447949 23
  endloop
endfacet
facet normal 0 -0 1
  outer loop
    vertex 21.93916305278265 29.36447745057747 23
    vertex 22.73379882776312 30.247352219485 23
    vertex 21.59978230690936 30.60079302483019 23
  endloop
endfacet
facet normal 0 0 1
  outer loop
    vertex 17.982468385537 47.55577025902305 23
    vertex 17.6430876396637 48.79208583327576 23
    vertex 16.84845186468323 47.90921106436824 23
  endloop
endfacet
facet normal 0 0 1
  outer loop
    vertex 21.03689509839665 36.42893009074858 23
    vertex 20.69751435252336 37.66524566500129 23
    vertex 19.90287857754289 36.78237089609377 23
  endloop
endfacet
facet normal 0 0 1
  outer loop
    vertex 13.57051868918416 63.62787272430839 23
    vertex 13.90989943505745 62.39155715005568 23
    vertex 14.70453521003792 63.2744319189632 23
  endloop
endfacet
facet normal 0 0 1
  outer loop
    vertex 23.04472069552321 29.05861935902565 23
    vertex 22.73379882776312 30.247352219485 23
    vertex 21.93916305278265 29.36447745057747 23
  endloop
endfacet
facet normal 0 0 1
  outer loop
    vertex 21.71565659014324 33.95629894224315 23
    vertex 21.37627584426995 35.19261451649587 23
    vertex 20.58164006928947 34.30973974758834 23
  endloop
endfacet
facet normal 0 -0 1
  outer loop
    vertex 10.06083694721734 72.63552254942255 23
    vertex 10.85529557290739 73.46295373426904 23
    vertex 9.721456201344051 73.87183812367525 23
  endloop
endfacet
facet normal 0 0 1
  outer loop
    vertex 20.81338863575724 41.02075158241426 23
    vertex 20.01875286077677 40.13787681350673 23
    vertex 21.15276938163053 39.78443600816154 23
  endloop
endfacet
facet normal 0 0 1
  outer loop
    vertex 13.00763148067145 69.45600979022677 23
    vertex 12.21299570569098 68.57313502131926 23
    vertex 13.34701222654474 68.21969421597407 23
  endloop
endfacet
facet normal 0 -0 1
  outer loop
    vertex 11.4183599307105 67.69026025241173 23
    vertex 12.21299570569098 68.57313502131926 23
    vertex 11.07897918483722 68.92657582666443 23
  endloop
endfacet
facet normal 0 0 1
  outer loop
    vertex 18.77710416051747 48.43864502793058 23
    vertex 17.6430876396637 48.79208583327576 23
    vertex 17.982468385537 47.55577025902305 23
  endloop
endfacet
facet normal -0 0 1
  outer loop
    vertex 21.26040156103607 31.8371085990829 23
    vertex 22.39441808188983 31.48366779373772 23
    vertex 22.05503733601654 32.71998336799043 23
  endloop
endfacet
facet normal -0 0 1
  outer loop
    vertex 20.24225932341618 35.54605532184105 23
    vertex 21.37627584426995 35.19261451649587 23
    vertex 21.03689509839665 36.42893009074858 23
  endloop
endfacet
facet normal 0 0 1
  outer loop
    vertex 22.51029236512371 34.83917371115068 23
    vertex 21.37627584426995 35.19261451649587 23
    vertex 21.71565659014324 33.95629894224315 23
  endloop
endfacet
facet normal 0 0 1
  outer loop
    vertex 21.83153087337712 37.31180485965611 23
    vertex 20.69751435252336 37.66524566500129 23
    vertex 21.03689509839665 36.42893009074858 23
  endloop
endfacet
facet normal 0 0 1
  outer loop
    vertex 11.98948924305158 73.16495651298489 23
    vertex 11.19485346807111 72.28208174407736 23
    vertex 12.32886998892487 71.92864093873219 23
  endloop
endfacet
facet normal 0 0 1
  outer loop
    vertex 11.65010849717829 74.40127208723759 23
    vertex 10.85529557290739 73.46295373426904 23
    vertex 11.98948924305158 73.16495651298489 23
  endloop
endfacet
facet normal 0 -0 1
  outer loop
    vertex 10.73959843896392 70.16289140091715 23
    vertex 11.53423421394439 71.04576616982466 23
    vertex 10.40021769309063 71.39920697516985 23
  endloop
endfacet
facet normal 0 0 1
  outer loop
    vertex 20.35813360665006 38.90156123925401 23
    vertex 20.69751435252336 37.66524566500129 23
    vertex 21.49215012750383 38.54812043390882 23
  endloop
endfacet
facet normal 0 -0 1
  outer loop
    vertex 18.884736339923 40.49131761885192 23
    vertex 19.67937211490347 41.37419238775945 23
    vertex 18.54535559404971 41.72763319310464 23
  endloop
endfacet
facet normal 0 -0 1
  outer loop
    vertex 10.40021769309063 71.39920697516985 23
    vertex 11.19485346807111 72.28208174407736 23
    vertex 10.06083694721734 72.63552254942255 23
  endloop
endfacet
facet normal 0 0 1
  outer loop
    vertex 19.33999136903018 42.61050796201217 23
    vertex 19.67937211490347 41.37419238775945 23
    vertex 20.47400788988394 42.25706715666698 23
  endloop
endfacet
facet normal 0 0 1
  outer loop
    vertex 12.66825073479816 70.69232536447949 23
    vertex 11.87361495981768 69.80945059557196 23
    vertex 13.00763148067145 69.45600979022677 23
  endloop
endfacet
facet normal -0 0 1
  outer loop
    vertex 19.56349783166959 38.01868647034648 23
    vertex 20.69751435252336 37.66524566500129 23
    vertex 20.35813360665006 38.90156123925401 23
  endloop
endfacet
facet normal 0 0 1
  outer loop
    vertex 23.52843460274359 31.13022698839253 23
    vertex 22.39441808188983 31.48366779373772 23
    vertex 22.73379882776312 30.247352219485 23
  endloop
endfacet
facet normal 0 -0 1
  outer loop
    vertex 11.07897918483722 68.92657582666443 23
    vertex 11.87361495981768 69.80945059557196 23
    vertex 10.73959843896392 70.16289140091715 23
  endloop
endfacet
facet normal 0 0 1
  outer loop
    vertex 23.86781534861689 29.89391141413982 23
    vertex 22.73379882776312 30.247352219485 23
    vertex 23.04472069552321 29.05861935902565 23
  endloop
endfacet
facet normal 0 -0 1
  outer loop
    vertex 20.58164006928947 34.30973974758834 23
    vertex 21.37627584426995 35.19261451649587 23
    vertex 20.24225932341618 35.54605532184105 23
  endloop
endfacet
facet normal 0 -0 1
  outer loop
    vertex 17.18783261055652 46.67289549011552 23
    vertex 17.982468385537 47.55577025902305 23
    vertex 16.84845186468323 47.90921106436824 23
  endloop
endfacet
facet normal 0 0 1
  outer loop
    vertex 21.83153087337712 37.31180485965611 23
    vertex 21.03689509839665 36.42893009074858 23
    vertex 22.17091161925042 36.07548928540339 23
  endloop
endfacet
facet normal 0 0 1
  outer loop
    vertex 22.17091161925042 36.07548928540339 23
    vertex 21.37627584426995 35.19261451649587 23
    vertex 22.51029236512371 34.83917371115068 23
  endloop
endfacet
facet normal 0 0 1
  outer loop
    vertex 18.77710416051747 48.43864502793058 23
    vertex 17.982468385537 47.55577025902305 23
    vertex 19.11648490639076 47.20232945367786 23
  endloop
endfacet
facet normal 0 -0 1
  outer loop
    vertex 21.59978230690936 30.60079302483019 23
    vertex 22.39441808188983 31.48366779373772 23
    vertex 21.26040156103607 31.8371085990829 23
  endloop
endfacet
facet normal 0 -0 1
  outer loop
    vertex 20.24225932341618 35.54605532184105 23
    vertex 21.03689509839665 36.42893009074858 23
    vertex 19.90287857754289 36.78237089609377 23
  endloop
endfacet
facet normal 0 -0 1
  outer loop
    vertex 19.90287857754289 36.78237089609377 23
    vertex 20.69751435252336 37.66524566500129 23
    vertex 19.56349783166959 38.01868647034648 23
  endloop
endfacet
facet normal -0 0 1
  outer loop
    vertex 18.54535559404971 41.72763319310464 23
    vertex 19.67937211490347 41.37419238775945 23
    vertex 19.33999136903018 42.61050796201217 23
  endloop
endfacet
facet normal 0 0 1
  outer loop
    vertex 16.4014389394044 57.0928540476996 23
    vertex 15.60680316442393 56.20997927879208 23
    vertex 16.74081968527769 55.85653847344689 23
  endloop
endfacet
facet normal 0 0 1
  outer loop
    vertex 15.72267744765781 59.56548519620505 23
    vertex 14.92804167267735 58.68261042729749 23
    vertex 16.0620581935311 58.32916962195233 23
  endloop
endfacet
facet normal 0 0 1
  outer loop
    vertex 22.73379882776312 30.247352219485 23
    vertex 22.39441808188983 31.48366779373772 23
    vertex 21.59978230690936 30.60079302483019 23
  endloop
endfacet
facet normal 0 0 1
  outer loop
    vertex 18.43772341464417 49.67496060218329 23
    vertex 17.6430876396637 48.79208583327576 23
    vertex 18.77710416051747 48.43864502793058 23
  endloop
endfacet
facet normal 0 0 1
  outer loop
    vertex 15.38329670178451 60.80180077045776 23
    vertex 14.58866092680403 59.91892600155028 23
    vertex 15.72267744765781 59.56548519620505 23
  endloop
endfacet
facet normal 0 0 1
  outer loop
    vertex 14.70453521003792 63.2744319189632 23
    vertex 13.90989943505745 62.39155715005568 23
    vertex 15.04391595591122 62.03811634471049 23
  endloop
endfacet
facet normal 0 -0 1
  outer loop
    vertex 16.84845186468323 47.90921106436824 23
    vertex 17.6430876396637 48.79208583327576 23
    vertex 16.50907111880993 49.14552663862095 23
  endloop
endfacet
facet normal 0 -0 1
  outer loop
    vertex 13.11526366007698 61.50868238114815 23
    vertex 13.90989943505745 62.39155715005568 23
    vertex 12.77588291420369 62.74499795540086 23
  endloop
endfacet
facet normal 0 0 1
  outer loop
    vertex 23.86781534861689 29.89391141413982 23
    vertex 23.04472069552321 29.05861935902565 23
    vertex 24.20719609449018 28.6575958398871 23
  endloop
endfacet
facet normal 0 0 1
  outer loop
    vertex 21.03689509839665 36.42893009074858 23
    vertex 21.37627584426995 35.19261451649587 23
    vertex 22.17091161925042 36.07548928540339 23
  endloop
endfacet
facet normal 0 0 1
  outer loop
    vertex 17.41958117702428 53.38390732494145 23
    vertex 16.62494540204381 52.50103255603392 23
    vertex 17.75896192289758 52.14759175068873 23
  endloop
endfacet
facet normal 0 -0 1
  outer loop
    vertex 15.83030962706334 51.61815778712639 23
    vertex 16.62494540204381 52.50103255603392 23
    vertex 15.49092888119005 52.85447336137911 23
  endloop
endfacet
facet normal 0 -0 1
  outer loop
    vertex 14.81216738944346 55.32710450988455 23
    vertex 15.60680316442393 56.20997927879208 23
    vertex 14.47278664357016 56.56342008413726 23
  endloop
endfacet
facet normal 0 0 1
  outer loop
    vertex 22.51029236512371 34.83917371115068 23
    vertex 21.71565659014324 33.95629894224315 23
    vertex 22.84967311099701 33.60285813689796 23
  endloop
endfacet
facet normal 0 -0 1
  outer loop
    vertex 20.92102081516277 33.07342417333562 23
    vertex 21.71565659014324 33.95629894224315 23
    vertex 20.58164006928947 34.30973974758834 23
  endloop
endfacet
facet normal 0 -0 1
  outer loop
    vertex 14.13340589769687 57.79973565838999 23
    vertex 14.92804167267735 58.68261042729749 23
    vertex 13.79402515182357 59.03605123264271 23
  endloop
endfacet
facet normal 0 -0 1
  outer loop
    vertex 13.79402515182357 59.03605123264271 23
    vertex 14.58866092680403 59.91892600155028 23
    vertex 13.45464440595028 60.27236680689542 23
  endloop
endfacet
facet normal -0 0 1
  outer loop
    vertex 17.52721335642982 45.4365799158628 23
    vertex 18.66122987728358 45.08313911051761 23
    vertex 18.32184913141029 46.31945468477034 23
  endloop
endfacet
facet normal 0 0 1
  outer loop
    vertex 21.49215012750383 38.54812043390882 23
    vertex 20.69751435252336 37.66524566500129 23
    vertex 21.83153087337712 37.31180485965611 23
  endloop
endfacet
facet normal 0 0 1
  outer loop
    vertex 19.79524639813735 44.72969830517242 23
    vertex 19.00061062315688 43.84682353626489 23
    vertex 20.13462714401065 43.49338273091971 23
  endloop
endfacet
facet normal 0 -0 1
  outer loop
    vertex 18.20597484817641 42.96394876735737 23
    vertex 19.00061062315688 43.84682353626489 23
    vertex 17.86659410230311 44.20026434161008 23
  endloop
endfacet
facet normal 0 0 1
  outer loop
    vertex 20.01875286077677 40.13787681350673 23
    vertex 19.67937211490347 41.37419238775945 23
    vertex 18.884736339923 40.49131761885192 23
  endloop
endfacet
facet normal -0 0 1
  outer loop
    vertex 11.4183599307105 67.69026025241173 23
    vertex 12.55237645156427 67.33681944706655 23
    vertex 12.21299570569098 68.57313502131926 23
  endloop
endfacet
facet normal 0 -0 1
  outer loop
    vertex 21.26040156103607 31.8371085990829 23
    vertex 22.05503733601654 32.71998336799043 23
    vertex 20.92102081516277 33.07342417333562 23
  endloop
endfacet
facet normal 0 0 1
  outer loop
    vertex 20.81338863575724 41.02075158241426 23
    vertex 19.67937211490347 41.37419238775945 23
    vertex 20.01875286077677 40.13787681350673 23
  endloop
endfacet
facet normal 0 0 1
  outer loop
    vertex 11.87361495981768 69.80945059557196 23
    vertex 12.21299570569098 68.57313502131926 23
    vertex 13.00763148067145 69.45600979022677 23
  endloop
endfacet
facet normal 0 0 1
  outer loop
    vertex 12.21299570569098 68.57313502131926 23
    vertex 12.55237645156427 67.33681944706655 23
    vertex 13.34701222654474 68.21969421597407 23
  endloop
endfacet
facet normal 0 -0 1
  outer loop
    vertex 15.15154813531675 54.09078893563183 23
    vertex 15.94618391029722 54.97366370453936 23
    vertex 14.81216738944346 55.32710450988455 23
  endloop
endfacet
facet normal 0 -0 1
  outer loop
    vertex 17.52721335642982 45.4365799158628 23
    vertex 18.32184913141029 46.31945468477034 23
    vertex 17.18783261055652 46.67289549011552 23
  endloop
endfacet
facet normal 0 -0 1
  outer loop
    vertex 16.50907111880993 49.14552663862095 23
    vertex 17.30370689379041 50.02840140752848 23
    vertex 16.16969037293664 50.38184221287367 23
  endloop
endfacet
facet normal 0 0 1
  outer loop
    vertex 13.34701222654474 68.21969421597407 23
    vertex 12.55237645156427 67.33681944706655 23
    vertex 13.68639297241804 66.98337864172136 23
  endloop
endfacet
facet normal 0 0 1
  outer loop
    vertex 18.32184913141029 46.31945468477034 23
    vertex 18.66122987728358 45.08313911051761 23
    vertex 19.45586565226406 45.96601387942514 23
  endloop
endfacet
facet normal 0 0 1
  outer loop
    vertex 19.45586565226406 45.96601387942514 23
    vertex 18.66122987728358 45.08313911051761 23
    vertex 19.79524639813735 44.72969830517242 23
  endloop
endfacet
facet normal 0 0 1
  outer loop
    vertex 18.09834266877088 50.91127617643601 23
    vertex 17.30370689379041 50.02840140752848 23
    vertex 18.43772341464417 49.67496060218329 23
  endloop
endfacet
facet normal 0 -0 1
  outer loop
    vertex 18.54535559404971 41.72763319310464 23
    vertex 19.33999136903018 42.61050796201217 23
    vertex 18.20597484817641 42.96394876735737 23
  endloop
endfacet
facet normal 0 0 1
  outer loop
    vertex 20.47400788988394 42.25706715666698 23
    vertex 19.67937211490347 41.37419238775945 23
    vertex 20.81338863575724 41.02075158241426 23
  endloop
endfacet
facet normal 0 0 1
  outer loop
    vertex 15.94618391029722 54.97366370453936 23
    vertex 15.60680316442393 56.20997927879208 23
    vertex 14.81216738944346 55.32710450988455 23
  endloop
endfacet
facet normal 0 0 1
  outer loop
    vertex 16.28556465617052 53.73734813028663 23
    vertex 16.62494540204381 52.50103255603392 23
    vertex 17.41958117702428 53.38390732494145 23
  endloop
endfacet
facet normal 0 0 1
  outer loop
    vertex 13.68639297241804 66.98337864172136 23
    vertex 12.89175719743756 66.10050387281383 23
    vertex 14.02577371829133 65.74706306746864 23
  endloop
endfacet
facet normal 0 0 1
  outer loop
    vertex 16.74081968527769 55.85653847344689 23
    vertex 15.60680316442393 56.20997927879208 23
    vertex 15.94618391029722 54.97366370453936 23
  endloop
endfacet
facet normal 0 -0 1
  outer loop
    vertex 12.09712142245709 65.2176291039063 23
    vertex 12.89175719743756 66.10050387281383 23
    vertex 11.7577406765838 66.45394467815902 23
  endloop
endfacet
facet normal -0 0 1
  outer loop
    vertex 15.49092888119005 52.85447336137911 23
    vertex 16.62494540204381 52.50103255603392 23
    vertex 16.28556465617052 53.73734813028663 23
  endloop
endfacet
facet normal 0 0 1
  outer loop
    vertex 13.23113794331086 64.86418829856112 23
    vertex 12.89175719743756 66.10050387281383 23
    vertex 12.09712142245709 65.2176291039063 23
  endloop
endfacet
facet normal 0 0 1
  outer loop
    vertex 16.96432614791711 51.26471698178119 23
    vertex 17.30370689379041 50.02840140752848 23
    vertex 18.09834266877088 50.91127617643601 23
  endloop
endfacet
facet normal 0 0 1
  outer loop
    vertex 14.24928018093075 61.15524157580295 23
    vertex 14.58866092680403 59.91892600155028 23
    vertex 15.38329670178451 60.80180077045776 23
  endloop
endfacet
facet normal 0 0 1
  outer loop
    vertex 15.26742241855063 57.4462948530448 23
    vertex 14.92804167267735 58.68261042729749 23
    vertex 14.13340589769687 57.79973565838999 23
  endloop
endfacet
facet normal -0 0 1
  outer loop
    vertex 16.16969037293664 50.38184221287367 23
    vertex 17.30370689379041 50.02840140752848 23
    vertex 16.96432614791711 51.26471698178119 23
  endloop
endfacet
facet normal -0 0 1
  outer loop
    vertex 13.45464440595028 60.27236680689542 23
    vertex 14.58866092680403 59.91892600155028 23
    vertex 14.24928018093075 61.15524157580295 23
  endloop
endfacet
facet normal 0 0 1
  outer loop
    vertex 14.02577371829133 65.74706306746864 23
    vertex 12.89175719743756 66.10050387281383 23
    vertex 13.23113794331086 64.86418829856112 23
  endloop
endfacet
facet normal 0 0 1
  outer loop
    vertex 16.0620581935311 58.32916962195233 23
    vertex 14.92804167267735 58.68261042729749 23
    vertex 15.26742241855063 57.4462948530448 23
  endloop
endfacet
facet normal 0 0 1
  outer loop
    vertex 11.98948924305158 73.16495651298489 23
    vertex 10.85529557290739 73.46295373426904 23
    vertex 11.19485346807111 72.28208174407736 23
  endloop
endfacet
facet normal 0 0 1
  outer loop
    vertex 11.19485346807111 72.28208174407736 23
    vertex 10.85529557290739 73.46295373426904 23
    vertex 10.06083694721734 72.63552254942255 23
  endloop
endfacet
facet normal 0 0 1
  outer loop
    vertex 11.65010849717829 74.40127208723759 23
    vertex 10.51502908058198 74.42205138821657 23
    vertex 10.85529557290739 73.46295373426904 23
  endloop
endfacet
facet normal 0 0 1
  outer loop
    vertex 23.04472069552321 29.05861935902565 23
    vertex 23.2418070508305 28.06021735373976 23
    vertex 24.20719609449018 28.6575958398871 23
  endloop
endfacet
facet normal 0 0 1
  outer loop
    vertex 10.85529557290739 73.46295373426904 23
    vertex 10.51502908058198 74.42205138821657 23
    vertex 9.721456201344051 73.87183812367525 23
  endloop
endfacet
facet normal -0 0 1
  outer loop
    vertex 22.27854379865595 28.12816187632476 23
    vertex 23.2418070508305 28.06021735373976 23
    vertex 23.04472069552321 29.05861935902565 23
  endloop
endfacet
endsolid Created by Gmsh
